[2025-12-14T14:03:14.447+0000] {manager.py:483} INFO - Processing files using up to 2 processes at a time 
[2025-12-14T14:03:14.449+0000] {manager.py:484} INFO - Process each file at most once every 30 seconds
[2025-12-14T14:03:14.450+0000] {manager.py:485} INFO - Checking for new files in /opt/airflow/dags every 300 seconds
[2025-12-14T14:03:14.451+0000] {manager.py:821} INFO - Searching for files in /opt/airflow/dags
[2025-12-14T14:03:14.480+0000] {manager.py:824} INFO - There are 1 files in /opt/airflow/dags
[2025-12-14T14:03:14.657+0000] {manager.py:997} INFO - 
================================================================================
DAG File Processing Stats

File Path                               PID  Runtime      # DAGs    # Errors  Last Runtime    Last Run      Last # of DB Queries
------------------------------------  -----  ---------  --------  ----------  --------------  ----------  ----------------------
/opt/airflow/dags/etl_airflow_dag.py    164  0.07s             0           0                                                   0
================================================================================
[2025-12-14T14:03:45.089+0000] {manager.py:997} INFO - 
================================================================================
DAG File Processing Stats

File Path                             PID    Runtime      # DAGs    # Errors  Last Runtime    Last Run               Last # of DB Queries
------------------------------------  -----  ---------  --------  ----------  --------------  -------------------  ----------------------
/opt/airflow/dags/etl_airflow_dag.py                           1           0  1.02s           2025-12-14T14:03:15                      40
================================================================================
[2025-12-14T14:04:15.125+0000] {manager.py:997} INFO - 
================================================================================
DAG File Processing Stats

File Path                             PID    Runtime      # DAGs    # Errors  Last Runtime    Last Run               Last # of DB Queries
------------------------------------  -----  ---------  --------  ----------  --------------  -------------------  ----------------------
/opt/airflow/dags/etl_airflow_dag.py                           1           0  0.49s           2025-12-14T14:03:46                      10
================================================================================
[2025-12-14T14:04:45.655+0000] {manager.py:997} INFO - 
================================================================================
DAG File Processing Stats

File Path                             PID    Runtime      # DAGs    # Errors  Last Runtime    Last Run               Last # of DB Queries
------------------------------------  -----  ---------  --------  ----------  --------------  -------------------  ----------------------
/opt/airflow/dags/etl_airflow_dag.py                           1           0  0.38s           2025-12-14T14:04:17                      10
================================================================================
[2025-12-14T14:05:16.112+0000] {manager.py:997} INFO - 
================================================================================
DAG File Processing Stats

File Path                             PID    Runtime      # DAGs    # Errors  Last Runtime    Last Run               Last # of DB Queries
------------------------------------  -----  ---------  --------  ----------  --------------  -------------------  ----------------------
/opt/airflow/dags/etl_airflow_dag.py                           1           0  0.33s           2025-12-14T14:04:48                      10
================================================================================
[2025-12-14T14:05:46.828+0000] {manager.py:997} INFO - 
================================================================================
DAG File Processing Stats

File Path                             PID    Runtime      # DAGs    # Errors  Last Runtime    Last Run               Last # of DB Queries
------------------------------------  -----  ---------  --------  ----------  --------------  -------------------  ----------------------
/opt/airflow/dags/etl_airflow_dag.py                           1           0  0.37s           2025-12-14T14:05:18                      10
================================================================================
[2025-12-14T14:06:17.441+0000] {manager.py:997} INFO - 
================================================================================
DAG File Processing Stats

File Path                             PID    Runtime      # DAGs    # Errors  Last Runtime    Last Run               Last # of DB Queries
------------------------------------  -----  ---------  --------  ----------  --------------  -------------------  ----------------------
/opt/airflow/dags/etl_airflow_dag.py                           1           0  0.46s           2025-12-14T14:05:49                      10
================================================================================
[2025-12-14T14:06:47.986+0000] {manager.py:997} INFO - 
================================================================================
DAG File Processing Stats

File Path                             PID    Runtime      # DAGs    # Errors  Last Runtime    Last Run               Last # of DB Queries
------------------------------------  -----  ---------  --------  ----------  --------------  -------------------  ----------------------
/opt/airflow/dags/etl_airflow_dag.py                           1           0  0.34s           2025-12-14T14:06:19                      10
================================================================================
[2025-12-14T14:07:18.798+0000] {manager.py:997} INFO - 
================================================================================
DAG File Processing Stats

File Path                             PID    Runtime      # DAGs    # Errors  Last Runtime    Last Run               Last # of DB Queries
------------------------------------  -----  ---------  --------  ----------  --------------  -------------------  ----------------------
/opt/airflow/dags/etl_airflow_dag.py                           1           0  0.38s           2025-12-14T14:06:50                      10
================================================================================
[2025-12-14T14:07:49.291+0000] {manager.py:997} INFO - 
================================================================================
DAG File Processing Stats

File Path                             PID    Runtime      # DAGs    # Errors  Last Runtime    Last Run               Last # of DB Queries
------------------------------------  -----  ---------  --------  ----------  --------------  -------------------  ----------------------
/opt/airflow/dags/etl_airflow_dag.py                           1           0  0.36s           2025-12-14T14:07:21                      10
================================================================================
[2025-12-14T14:08:14.986+0000] {manager.py:821} INFO - Searching for files in /opt/airflow/dags
[2025-12-14T14:08:15.038+0000] {manager.py:824} INFO - There are 1 files in /opt/airflow/dags
[2025-12-14T14:08:20.184+0000] {manager.py:997} INFO - 
================================================================================
DAG File Processing Stats

File Path                             PID    Runtime      # DAGs    # Errors  Last Runtime    Last Run               Last # of DB Queries
------------------------------------  -----  ---------  --------  ----------  --------------  -------------------  ----------------------
/opt/airflow/dags/etl_airflow_dag.py                           1           0  0.35s           2025-12-14T14:07:51                      10
================================================================================
[2025-12-14T14:08:50.720+0000] {manager.py:997} INFO - 
================================================================================
DAG File Processing Stats

File Path                             PID    Runtime      # DAGs    # Errors  Last Runtime    Last Run               Last # of DB Queries
------------------------------------  -----  ---------  --------  ----------  --------------  -------------------  ----------------------
/opt/airflow/dags/etl_airflow_dag.py                           1           0  0.35s           2025-12-14T14:08:22                      10
================================================================================
[2025-12-14T14:09:21.590+0000] {manager.py:997} INFO - 
================================================================================
DAG File Processing Stats

File Path                             PID    Runtime      # DAGs    # Errors  Last Runtime    Last Run               Last # of DB Queries
------------------------------------  -----  ---------  --------  ----------  --------------  -------------------  ----------------------
/opt/airflow/dags/etl_airflow_dag.py                           1           0  0.37s           2025-12-14T14:08:53                      10
================================================================================
[2025-12-14T14:09:51.608+0000] {manager.py:997} INFO - 
================================================================================
DAG File Processing Stats

File Path                             PID    Runtime      # DAGs    # Errors  Last Runtime    Last Run               Last # of DB Queries
------------------------------------  -----  ---------  --------  ----------  --------------  -------------------  ----------------------
/opt/airflow/dags/etl_airflow_dag.py                           1           0  0.42s           2025-12-14T14:09:24                      10
================================================================================
[2025-12-14T14:10:22.123+0000] {manager.py:997} INFO - 
================================================================================
DAG File Processing Stats

File Path                             PID    Runtime      # DAGs    # Errors  Last Runtime    Last Run               Last # of DB Queries
------------------------------------  -----  ---------  --------  ----------  --------------  -------------------  ----------------------
/opt/airflow/dags/etl_airflow_dag.py                           1           0  0.37s           2025-12-14T14:09:54                      10
================================================================================
[2025-12-14T14:10:52.641+0000] {manager.py:997} INFO - 
================================================================================
DAG File Processing Stats

File Path                             PID    Runtime      # DAGs    # Errors  Last Runtime    Last Run               Last # of DB Queries
------------------------------------  -----  ---------  --------  ----------  --------------  -------------------  ----------------------
/opt/airflow/dags/etl_airflow_dag.py                           1           0  0.38s           2025-12-14T14:10:25                      10
================================================================================
[2025-12-14T14:11:23.190+0000] {manager.py:997} INFO - 
================================================================================
DAG File Processing Stats

File Path                             PID    Runtime      # DAGs    # Errors  Last Runtime    Last Run               Last # of DB Queries
------------------------------------  -----  ---------  --------  ----------  --------------  -------------------  ----------------------
/opt/airflow/dags/etl_airflow_dag.py                           1           0  0.32s           2025-12-14T14:10:56                      10
================================================================================
[2025-12-14T14:11:53.975+0000] {manager.py:997} INFO - 
================================================================================
DAG File Processing Stats

File Path                             PID    Runtime      # DAGs    # Errors  Last Runtime    Last Run               Last # of DB Queries
------------------------------------  -----  ---------  --------  ----------  --------------  -------------------  ----------------------
/opt/airflow/dags/etl_airflow_dag.py                           1           0  0.38s           2025-12-14T14:11:26                      10
================================================================================
[2025-12-14T14:12:24.075+0000] {manager.py:997} INFO - 
================================================================================
DAG File Processing Stats

File Path                             PID    Runtime      # DAGs    # Errors  Last Runtime    Last Run               Last # of DB Queries
------------------------------------  -----  ---------  --------  ----------  --------------  -------------------  ----------------------
/opt/airflow/dags/etl_airflow_dag.py                           1           0  0.59s           2025-12-14T14:11:57                      10
================================================================================
[2025-12-14T14:12:54.647+0000] {manager.py:997} INFO - 
================================================================================
DAG File Processing Stats

File Path                             PID    Runtime      # DAGs    # Errors  Last Runtime    Last Run               Last # of DB Queries
------------------------------------  -----  ---------  --------  ----------  --------------  -------------------  ----------------------
/opt/airflow/dags/etl_airflow_dag.py                           1           0  0.37s           2025-12-14T14:12:28                      10
================================================================================
[2025-12-14T14:13:15.284+0000] {manager.py:821} INFO - Searching for files in /opt/airflow/dags
[2025-12-14T14:13:15.374+0000] {manager.py:824} INFO - There are 1 files in /opt/airflow/dags
[2025-12-14T14:13:25.585+0000] {manager.py:997} INFO - 
================================================================================
DAG File Processing Stats

File Path                             PID    Runtime      # DAGs    # Errors  Last Runtime    Last Run               Last # of DB Queries
------------------------------------  -----  ---------  --------  ----------  --------------  -------------------  ----------------------
/opt/airflow/dags/etl_airflow_dag.py                           1           0  0.34s           2025-12-14T14:12:59                      10
================================================================================
[2025-12-14T14:13:56.117+0000] {manager.py:997} INFO - 
================================================================================
DAG File Processing Stats

File Path                             PID    Runtime      # DAGs    # Errors  Last Runtime    Last Run               Last # of DB Queries
------------------------------------  -----  ---------  --------  ----------  --------------  -------------------  ----------------------
/opt/airflow/dags/etl_airflow_dag.py                           1           0  0.39s           2025-12-14T14:13:30                      10
================================================================================
[2025-12-14T14:14:26.931+0000] {manager.py:997} INFO - 
================================================================================
DAG File Processing Stats

File Path                             PID    Runtime      # DAGs    # Errors  Last Runtime    Last Run               Last # of DB Queries
------------------------------------  -----  ---------  --------  ----------  --------------  -------------------  ----------------------
/opt/airflow/dags/etl_airflow_dag.py                           1           0  0.37s           2025-12-14T14:14:00                      10
================================================================================
[2025-12-14T14:14:57.488+0000] {manager.py:997} INFO - 
================================================================================
DAG File Processing Stats

File Path                             PID    Runtime      # DAGs    # Errors  Last Runtime    Last Run               Last # of DB Queries
------------------------------------  -----  ---------  --------  ----------  --------------  -------------------  ----------------------
/opt/airflow/dags/etl_airflow_dag.py                           1           0  0.49s           2025-12-14T14:14:31                      10
================================================================================
[2025-12-14T14:15:27.952+0000] {manager.py:997} INFO - 
================================================================================
DAG File Processing Stats

File Path                             PID    Runtime      # DAGs    # Errors  Last Runtime    Last Run               Last # of DB Queries
------------------------------------  -----  ---------  --------  ----------  --------------  -------------------  ----------------------
/opt/airflow/dags/etl_airflow_dag.py                           1           0  0.37s           2025-12-14T14:15:01                      10
================================================================================
[2025-12-14T14:15:58.809+0000] {manager.py:997} INFO - 
================================================================================
DAG File Processing Stats

File Path                             PID    Runtime      # DAGs    # Errors  Last Runtime    Last Run               Last # of DB Queries
------------------------------------  -----  ---------  --------  ----------  --------------  -------------------  ----------------------
/opt/airflow/dags/etl_airflow_dag.py                           1           0  0.33s           2025-12-14T14:15:32                      10
================================================================================
[2025-12-14T14:16:28.866+0000] {manager.py:997} INFO - 
================================================================================
DAG File Processing Stats

File Path                               PID  Runtime      # DAGs    # Errors  Last Runtime    Last Run               Last # of DB Queries
------------------------------------  -----  ---------  --------  ----------  --------------  -------------------  ----------------------
/opt/airflow/dags/etl_airflow_dag.py    294  3.12s             1           0  0.38s           2025-12-14T14:16:03                      10
================================================================================
[2025-12-14T14:16:58.984+0000] {manager.py:997} INFO - 
================================================================================
DAG File Processing Stats

File Path                             PID    Runtime      # DAGs    # Errors  Last Runtime    Last Run               Last # of DB Queries
------------------------------------  -----  ---------  --------  ----------  --------------  -------------------  ----------------------
/opt/airflow/dags/etl_airflow_dag.py                           1           0  1.65s           2025-12-14T14:16:36                       9
================================================================================
[2025-12-14T14:17:29.478+0000] {manager.py:997} INFO - 
================================================================================
DAG File Processing Stats

File Path                             PID    Runtime      # DAGs    # Errors  Last Runtime    Last Run               Last # of DB Queries
------------------------------------  -----  ---------  --------  ----------  --------------  -------------------  ----------------------
/opt/airflow/dags/etl_airflow_dag.py                           1           0  1.71s           2025-12-14T14:17:08                      10
================================================================================
[2025-12-14T14:17:59.628+0000] {manager.py:997} INFO - 
================================================================================
DAG File Processing Stats

File Path                             PID    Runtime      # DAGs    # Errors  Last Runtime    Last Run               Last # of DB Queries
------------------------------------  -----  ---------  --------  ----------  --------------  -------------------  ----------------------
/opt/airflow/dags/etl_airflow_dag.py                           1           0  1.66s           2025-12-14T14:17:40                      10
================================================================================
[2025-12-14T14:18:15.358+0000] {manager.py:821} INFO - Searching for files in /opt/airflow/dags
[2025-12-14T14:18:15.400+0000] {manager.py:824} INFO - There are 1 files in /opt/airflow/dags
[2025-12-14T14:18:29.685+0000] {manager.py:997} INFO - 
================================================================================
DAG File Processing Stats

File Path                             PID    Runtime      # DAGs    # Errors  Last Runtime    Last Run               Last # of DB Queries
------------------------------------  -----  ---------  --------  ----------  --------------  -------------------  ----------------------
/opt/airflow/dags/etl_airflow_dag.py                           1           0  1.85s           2025-12-14T14:18:12                      10
================================================================================
[2025-12-14T14:19:00.093+0000] {manager.py:997} INFO - 
================================================================================
DAG File Processing Stats

File Path                             PID    Runtime      # DAGs    # Errors  Last Runtime    Last Run               Last # of DB Queries
------------------------------------  -----  ---------  --------  ----------  --------------  -------------------  ----------------------
/opt/airflow/dags/etl_airflow_dag.py                           1           0  0.98s           2025-12-14T14:18:43                      10
================================================================================
[2025-12-14T14:19:30.999+0000] {manager.py:997} INFO - 
================================================================================
DAG File Processing Stats

File Path                             PID    Runtime      # DAGs    # Errors  Last Runtime    Last Run               Last # of DB Queries
------------------------------------  -----  ---------  --------  ----------  --------------  -------------------  ----------------------
/opt/airflow/dags/etl_airflow_dag.py                           1           0  1.08s           2025-12-14T14:19:14                      10
================================================================================
[2025-12-14T14:20:01.391+0000] {manager.py:997} INFO - 
================================================================================
DAG File Processing Stats

File Path                             PID    Runtime      # DAGs    # Errors  Last Runtime    Last Run               Last # of DB Queries
------------------------------------  -----  ---------  --------  ----------  --------------  -------------------  ----------------------
/opt/airflow/dags/etl_airflow_dag.py                           1           0  1.12s           2025-12-14T14:19:46                      10
================================================================================
[2025-12-14T14:20:31.858+0000] {manager.py:997} INFO - 
================================================================================
DAG File Processing Stats

File Path                             PID    Runtime      # DAGs    # Errors  Last Runtime    Last Run               Last # of DB Queries
------------------------------------  -----  ---------  --------  ----------  --------------  -------------------  ----------------------
/opt/airflow/dags/etl_airflow_dag.py                           1           0  1.26s           2025-12-14T14:20:17                      10
================================================================================
[2025-12-14T14:21:02.349+0000] {manager.py:997} INFO - 
================================================================================
DAG File Processing Stats

File Path                             PID    Runtime      # DAGs    # Errors  Last Runtime    Last Run               Last # of DB Queries
------------------------------------  -----  ---------  --------  ----------  --------------  -------------------  ----------------------
/opt/airflow/dags/etl_airflow_dag.py                           1           0  1.16s           2025-12-14T14:20:49                      10
================================================================================
[2025-12-14T14:21:32.688+0000] {manager.py:997} INFO - 
================================================================================
DAG File Processing Stats

File Path                             PID    Runtime      # DAGs    # Errors  Last Runtime    Last Run               Last # of DB Queries
------------------------------------  -----  ---------  --------  ----------  --------------  -------------------  ----------------------
/opt/airflow/dags/etl_airflow_dag.py                           1           0  1.00s           2025-12-14T14:21:20                      10
================================================================================
[2025-12-14T14:22:03.034+0000] {manager.py:997} INFO - 
================================================================================
DAG File Processing Stats

File Path                             PID    Runtime      # DAGs    # Errors  Last Runtime    Last Run               Last # of DB Queries
------------------------------------  -----  ---------  --------  ----------  --------------  -------------------  ----------------------
/opt/airflow/dags/etl_airflow_dag.py                           1           0  0.96s           2025-12-14T14:21:51                      10
================================================================================
[2025-12-14T14:22:33.409+0000] {manager.py:997} INFO - 
================================================================================
DAG File Processing Stats

File Path                             PID    Runtime      # DAGs    # Errors  Last Runtime    Last Run               Last # of DB Queries
------------------------------------  -----  ---------  --------  ----------  --------------  -------------------  ----------------------
/opt/airflow/dags/etl_airflow_dag.py                           1           0  1.11s           2025-12-14T14:22:23                      10
================================================================================
[2025-12-14T14:23:03.758+0000] {manager.py:997} INFO - 
================================================================================
DAG File Processing Stats

File Path                             PID    Runtime      # DAGs    # Errors  Last Runtime    Last Run               Last # of DB Queries
------------------------------------  -----  ---------  --------  ----------  --------------  -------------------  ----------------------
/opt/airflow/dags/etl_airflow_dag.py                           1           0  1.02s           2025-12-14T14:22:54                      10
================================================================================
[2025-12-14T14:23:15.883+0000] {manager.py:821} INFO - Searching for files in /opt/airflow/dags
[2025-12-14T14:23:15.917+0000] {manager.py:824} INFO - There are 1 files in /opt/airflow/dags
[2025-12-14T14:23:33.948+0000] {manager.py:997} INFO - 
================================================================================
DAG File Processing Stats

File Path                             PID    Runtime      # DAGs    # Errors  Last Runtime    Last Run               Last # of DB Queries
------------------------------------  -----  ---------  --------  ----------  --------------  -------------------  ----------------------
/opt/airflow/dags/etl_airflow_dag.py                           1           0  1.78s           2025-12-14T14:23:26                      10
================================================================================
[2025-12-14T14:24:04.306+0000] {manager.py:997} INFO - 
================================================================================
DAG File Processing Stats

File Path                             PID    Runtime      # DAGs    # Errors  Last Runtime    Last Run               Last # of DB Queries
------------------------------------  -----  ---------  --------  ----------  --------------  -------------------  ----------------------
/opt/airflow/dags/etl_airflow_dag.py                           1           0  1.21s           2025-12-14T14:23:58                      10
================================================================================
[2025-12-14T14:24:34.636+0000] {manager.py:997} INFO - 
================================================================================
DAG File Processing Stats

File Path                             PID    Runtime      # DAGs    # Errors  Last Runtime    Last Run               Last # of DB Queries
------------------------------------  -----  ---------  --------  ----------  --------------  -------------------  ----------------------
/opt/airflow/dags/etl_airflow_dag.py                           1           0  1.05s           2025-12-14T14:24:29                      10
================================================================================
[2025-12-14T14:25:04.899+0000] {manager.py:997} INFO - 
================================================================================
DAG File Processing Stats

File Path                             PID    Runtime      # DAGs    # Errors  Last Runtime    Last Run               Last # of DB Queries
------------------------------------  -----  ---------  --------  ----------  --------------  -------------------  ----------------------
/opt/airflow/dags/etl_airflow_dag.py                           1           0  0.92s           2025-12-14T14:25:00                      10
================================================================================
[2025-12-14T14:25:35.098+0000] {manager.py:997} INFO - 
================================================================================
DAG File Processing Stats

File Path                             PID    Runtime      # DAGs    # Errors  Last Runtime    Last Run               Last # of DB Queries
------------------------------------  -----  ---------  --------  ----------  --------------  -------------------  ----------------------
/opt/airflow/dags/etl_airflow_dag.py                           1           0  0.87s           2025-12-14T14:25:32                      10
================================================================================
[2025-12-14T14:26:05.375+0000] {manager.py:997} INFO - 
================================================================================
DAG File Processing Stats

File Path                             PID    Runtime      # DAGs    # Errors  Last Runtime    Last Run               Last # of DB Queries
------------------------------------  -----  ---------  --------  ----------  --------------  -------------------  ----------------------
/opt/airflow/dags/etl_airflow_dag.py                           1           0  0.96s           2025-12-14T14:26:03                      10
================================================================================
[2025-12-14T14:26:35.823+0000] {manager.py:997} INFO - 
================================================================================
DAG File Processing Stats

File Path                             PID    Runtime      # DAGs    # Errors  Last Runtime    Last Run               Last # of DB Queries
------------------------------------  -----  ---------  --------  ----------  --------------  -------------------  ----------------------
/opt/airflow/dags/etl_airflow_dag.py                           1           0  1.01s           2025-12-14T14:26:34                      10
================================================================================
[2025-12-14T14:27:06.252+0000] {manager.py:997} INFO - 
================================================================================
DAG File Processing Stats

File Path                               PID  Runtime      # DAGs    # Errors  Last Runtime    Last Run               Last # of DB Queries
------------------------------------  -----  ---------  --------  ----------  --------------  -------------------  ----------------------
/opt/airflow/dags/etl_airflow_dag.py    424  1.05s             1           0  1.01s           2025-12-14T14:26:34                      10
================================================================================
[2025-12-14T14:27:36.900+0000] {manager.py:997} INFO - 
================================================================================
DAG File Processing Stats

File Path                               PID  Runtime      # DAGs    # Errors  Last Runtime    Last Run               Last # of DB Queries
------------------------------------  -----  ---------  --------  ----------  --------------  -------------------  ----------------------
/opt/airflow/dags/etl_airflow_dag.py    430  0.01s             1           0  1.39s           2025-12-14T14:27:06                      10
================================================================================
[2025-12-14T14:28:07.272+0000] {manager.py:997} INFO - 
================================================================================
DAG File Processing Stats

File Path                             PID    Runtime      # DAGs    # Errors  Last Runtime    Last Run               Last # of DB Queries
------------------------------------  -----  ---------  --------  ----------  --------------  -------------------  ----------------------
/opt/airflow/dags/etl_airflow_dag.py                           1           0  0.99s           2025-12-14T14:27:37                      10
================================================================================
[2025-12-14T14:28:16.403+0000] {manager.py:821} INFO - Searching for files in /opt/airflow/dags
[2025-12-14T14:28:16.441+0000] {manager.py:824} INFO - There are 1 files in /opt/airflow/dags
[2025-12-14T14:28:37.681+0000] {manager.py:997} INFO - 
================================================================================
DAG File Processing Stats

File Path                             PID    Runtime      # DAGs    # Errors  Last Runtime    Last Run               Last # of DB Queries
------------------------------------  -----  ---------  --------  ----------  --------------  -------------------  ----------------------
/opt/airflow/dags/etl_airflow_dag.py                           1           0  1.12s           2025-12-14T14:28:09                      10
================================================================================
[2025-12-14T14:29:08.008+0000] {manager.py:997} INFO - 
================================================================================
DAG File Processing Stats

File Path                             PID    Runtime      # DAGs    # Errors  Last Runtime    Last Run               Last # of DB Queries
------------------------------------  -----  ---------  --------  ----------  --------------  -------------------  ----------------------
/opt/airflow/dags/etl_airflow_dag.py                           1           0  1.02s           2025-12-14T14:28:40                      10
================================================================================
[2025-12-14T14:29:38.341+0000] {manager.py:997} INFO - 
================================================================================
DAG File Processing Stats

File Path                             PID    Runtime      # DAGs    # Errors  Last Runtime    Last Run               Last # of DB Queries
------------------------------------  -----  ---------  --------  ----------  --------------  -------------------  ----------------------
/opt/airflow/dags/etl_airflow_dag.py                           1           0  0.99s           2025-12-14T14:29:12                      10
================================================================================
[2025-12-14T14:30:08.678+0000] {manager.py:997} INFO - 
================================================================================
DAG File Processing Stats

File Path                             PID    Runtime      # DAGs    # Errors  Last Runtime    Last Run               Last # of DB Queries
------------------------------------  -----  ---------  --------  ----------  --------------  -------------------  ----------------------
/opt/airflow/dags/etl_airflow_dag.py                           1           0  1.24s           2025-12-14T14:29:43                      10
================================================================================
[2025-12-14T14:30:38.936+0000] {manager.py:997} INFO - 
================================================================================
DAG File Processing Stats

File Path                             PID    Runtime      # DAGs    # Errors  Last Runtime    Last Run               Last # of DB Queries
------------------------------------  -----  ---------  --------  ----------  --------------  -------------------  ----------------------
/opt/airflow/dags/etl_airflow_dag.py                           1           0  0.93s           2025-12-14T14:30:14                      10
================================================================================
[2025-12-14T14:31:09.308+0000] {manager.py:997} INFO - 
================================================================================
DAG File Processing Stats

File Path                             PID    Runtime      # DAGs    # Errors  Last Runtime    Last Run               Last # of DB Queries
------------------------------------  -----  ---------  --------  ----------  --------------  -------------------  ----------------------
/opt/airflow/dags/etl_airflow_dag.py                           1           0  1.13s           2025-12-14T14:30:46                      10
================================================================================
[2025-12-14T14:31:39.571+0000] {manager.py:997} INFO - 
================================================================================
DAG File Processing Stats

File Path                             PID    Runtime      # DAGs    # Errors  Last Runtime    Last Run               Last # of DB Queries
------------------------------------  -----  ---------  --------  ----------  --------------  -------------------  ----------------------
/opt/airflow/dags/etl_airflow_dag.py                           1           0  0.94s           2025-12-14T14:31:17                      10
================================================================================
[2025-12-14T14:32:09.839+0000] {manager.py:997} INFO - 
================================================================================
DAG File Processing Stats

File Path                             PID    Runtime      # DAGs    # Errors  Last Runtime    Last Run               Last # of DB Queries
------------------------------------  -----  ---------  --------  ----------  --------------  -------------------  ----------------------
/opt/airflow/dags/etl_airflow_dag.py                           1           0  0.96s           2025-12-14T14:31:48                      10
================================================================================
[2025-12-14T14:32:40.164+0000] {manager.py:997} INFO - 
================================================================================
DAG File Processing Stats

File Path                             PID    Runtime      # DAGs    # Errors  Last Runtime    Last Run               Last # of DB Queries
------------------------------------  -----  ---------  --------  ----------  --------------  -------------------  ----------------------
/opt/airflow/dags/etl_airflow_dag.py                           1           0  1.00s           2025-12-14T14:32:19                      10
================================================================================
[2025-12-14T14:33:10.536+0000] {manager.py:997} INFO - 
================================================================================
DAG File Processing Stats

File Path                             PID    Runtime      # DAGs    # Errors  Last Runtime    Last Run               Last # of DB Queries
------------------------------------  -----  ---------  --------  ----------  --------------  -------------------  ----------------------
/opt/airflow/dags/etl_airflow_dag.py                           1           0  1.09s           2025-12-14T14:32:51                      10
================================================================================
[2025-12-14T14:33:16.606+0000] {manager.py:821} INFO - Searching for files in /opt/airflow/dags
[2025-12-14T14:33:16.638+0000] {manager.py:824} INFO - There are 1 files in /opt/airflow/dags
[2025-12-14T14:33:40.913+0000] {manager.py:997} INFO - 
================================================================================
DAG File Processing Stats

File Path                             PID    Runtime      # DAGs    # Errors  Last Runtime    Last Run               Last # of DB Queries
------------------------------------  -----  ---------  --------  ----------  --------------  -------------------  ----------------------
/opt/airflow/dags/etl_airflow_dag.py                           1           0  1.00s           2025-12-14T14:33:22                      10
================================================================================
[2025-12-14T14:34:11.271+0000] {manager.py:997} INFO - 
================================================================================
DAG File Processing Stats

File Path                             PID    Runtime      # DAGs    # Errors  Last Runtime    Last Run               Last # of DB Queries
------------------------------------  -----  ---------  --------  ----------  --------------  -------------------  ----------------------
/opt/airflow/dags/etl_airflow_dag.py                           1           0  1.22s           2025-12-14T14:33:54                      10
================================================================================
[2025-12-14T14:34:41.622+0000] {manager.py:997} INFO - 
================================================================================
DAG File Processing Stats

File Path                             PID    Runtime      # DAGs    # Errors  Last Runtime    Last Run               Last # of DB Queries
------------------------------------  -----  ---------  --------  ----------  --------------  -------------------  ----------------------
/opt/airflow/dags/etl_airflow_dag.py                           1           0  1.19s           2025-12-14T14:34:25                      10
================================================================================
[2025-12-14T14:35:11.896+0000] {manager.py:997} INFO - 
================================================================================
DAG File Processing Stats

File Path                             PID    Runtime      # DAGs    # Errors  Last Runtime    Last Run               Last # of DB Queries
------------------------------------  -----  ---------  --------  ----------  --------------  -------------------  ----------------------
/opt/airflow/dags/etl_airflow_dag.py                           1           0  0.95s           2025-12-14T14:34:56                      10
================================================================================
[2025-12-14T14:35:42.235+0000] {manager.py:997} INFO - 
================================================================================
DAG File Processing Stats

File Path                             PID    Runtime      # DAGs    # Errors  Last Runtime    Last Run               Last # of DB Queries
------------------------------------  -----  ---------  --------  ----------  --------------  -------------------  ----------------------
/opt/airflow/dags/etl_airflow_dag.py                           1           0  1.05s           2025-12-14T14:35:28                      10
================================================================================
[2025-12-14T14:36:12.642+0000] {manager.py:997} INFO - 
================================================================================
DAG File Processing Stats

File Path                             PID    Runtime      # DAGs    # Errors  Last Runtime    Last Run               Last # of DB Queries
------------------------------------  -----  ---------  --------  ----------  --------------  -------------------  ----------------------
/opt/airflow/dags/etl_airflow_dag.py                           1           0  1.13s           2025-12-14T14:35:59                      10
================================================================================
[2025-12-14T14:36:42.988+0000] {manager.py:997} INFO - 
================================================================================
DAG File Processing Stats

File Path                             PID    Runtime      # DAGs    # Errors  Last Runtime    Last Run               Last # of DB Queries
------------------------------------  -----  ---------  --------  ----------  --------------  -------------------  ----------------------
/opt/airflow/dags/etl_airflow_dag.py                           1           0  1.15s           2025-12-14T14:36:30                      10
================================================================================
[2025-12-14T14:37:13.336+0000] {manager.py:997} INFO - 
================================================================================
DAG File Processing Stats

File Path                             PID    Runtime      # DAGs    # Errors  Last Runtime    Last Run               Last # of DB Queries
------------------------------------  -----  ---------  --------  ----------  --------------  -------------------  ----------------------
/opt/airflow/dags/etl_airflow_dag.py                           1           0  1.07s           2025-12-14T14:37:02                      10
================================================================================
[2025-12-14T14:37:43.717+0000] {manager.py:997} INFO - 
================================================================================
DAG File Processing Stats

File Path                             PID    Runtime      # DAGs    # Errors  Last Runtime    Last Run               Last # of DB Queries
------------------------------------  -----  ---------  --------  ----------  --------------  -------------------  ----------------------
/opt/airflow/dags/etl_airflow_dag.py                           1           0  1.21s           2025-12-14T14:37:33                      10
================================================================================
[2025-12-14T14:38:13.997+0000] {manager.py:997} INFO - 
================================================================================
DAG File Processing Stats

File Path                             PID    Runtime      # DAGs    # Errors  Last Runtime    Last Run               Last # of DB Queries
------------------------------------  -----  ---------  --------  ----------  --------------  -------------------  ----------------------
/opt/airflow/dags/etl_airflow_dag.py                           1           0  0.97s           2025-12-14T14:38:04                      10
================================================================================
[2025-12-14T14:38:17.023+0000] {manager.py:821} INFO - Searching for files in /opt/airflow/dags
[2025-12-14T14:38:17.056+0000] {manager.py:824} INFO - There are 1 files in /opt/airflow/dags
[2025-12-14T14:38:44.381+0000] {manager.py:997} INFO - 
================================================================================
DAG File Processing Stats

File Path                             PID    Runtime      # DAGs    # Errors  Last Runtime    Last Run               Last # of DB Queries
------------------------------------  -----  ---------  --------  ----------  --------------  -------------------  ----------------------
/opt/airflow/dags/etl_airflow_dag.py                           1           0  1.02s           2025-12-14T14:38:36                      10
================================================================================
[2025-12-14T14:39:14.792+0000] {manager.py:997} INFO - 
================================================================================
DAG File Processing Stats

File Path                             PID    Runtime      # DAGs    # Errors  Last Runtime    Last Run               Last # of DB Queries
------------------------------------  -----  ---------  --------  ----------  --------------  -------------------  ----------------------
/opt/airflow/dags/etl_airflow_dag.py                           1           0  1.14s           2025-12-14T14:39:07                      10
================================================================================
[2025-12-14T14:39:45.025+0000] {manager.py:997} INFO - 
================================================================================
DAG File Processing Stats

File Path                             PID    Runtime      # DAGs    # Errors  Last Runtime    Last Run               Last # of DB Queries
------------------------------------  -----  ---------  --------  ----------  --------------  -------------------  ----------------------
/opt/airflow/dags/etl_airflow_dag.py                           1           0  0.92s           2025-12-14T14:39:38                      10
================================================================================
[2025-12-14T14:40:15.433+0000] {manager.py:997} INFO - 
================================================================================
DAG File Processing Stats

File Path                             PID    Runtime      # DAGs    # Errors  Last Runtime    Last Run               Last # of DB Queries
------------------------------------  -----  ---------  --------  ----------  --------------  -------------------  ----------------------
/opt/airflow/dags/etl_airflow_dag.py                           1           0  1.30s           2025-12-14T14:40:10                      10
================================================================================
[2025-12-14T14:40:45.808+0000] {manager.py:997} INFO - 
================================================================================
DAG File Processing Stats

File Path                             PID    Runtime      # DAGs    # Errors  Last Runtime    Last Run               Last # of DB Queries
------------------------------------  -----  ---------  --------  ----------  --------------  -------------------  ----------------------
/opt/airflow/dags/etl_airflow_dag.py                           1           0  1.15s           2025-12-14T14:40:41                      10
================================================================================
[2025-12-14T14:41:16.172+0000] {manager.py:997} INFO - 
================================================================================
DAG File Processing Stats

File Path                             PID    Runtime      # DAGs    # Errors  Last Runtime    Last Run               Last # of DB Queries
------------------------------------  -----  ---------  --------  ----------  --------------  -------------------  ----------------------
/opt/airflow/dags/etl_airflow_dag.py                           1           0  1.03s           2025-12-14T14:41:13                      10
================================================================================
[2025-12-14T14:41:46.661+0000] {manager.py:997} INFO - 
================================================================================
DAG File Processing Stats

File Path                             PID    Runtime      # DAGs    # Errors  Last Runtime    Last Run               Last # of DB Queries
------------------------------------  -----  ---------  --------  ----------  --------------  -------------------  ----------------------
/opt/airflow/dags/etl_airflow_dag.py                           1           0  1.44s           2025-12-14T14:41:45                      10
================================================================================
[2025-12-14T14:42:17.388+0000] {manager.py:997} INFO - 
================================================================================
DAG File Processing Stats

File Path                             PID    Runtime      # DAGs    # Errors  Last Runtime    Last Run               Last # of DB Queries
------------------------------------  -----  ---------  --------  ----------  --------------  -------------------  ----------------------
/opt/airflow/dags/etl_airflow_dag.py                           1           0  1.11s           2025-12-14T14:42:16                      10
================================================================================
[2025-12-14T14:42:47.755+0000] {manager.py:997} INFO - 
================================================================================
DAG File Processing Stats

File Path                             PID    Runtime      # DAGs    # Errors  Last Runtime    Last Run               Last # of DB Queries
------------------------------------  -----  ---------  --------  ----------  --------------  -------------------  ----------------------
/opt/airflow/dags/etl_airflow_dag.py                           1           0  0.99s           2025-12-14T14:42:47                      10
================================================================================
[2025-12-14T14:43:17.097+0000] {manager.py:821} INFO - Searching for files in /opt/airflow/dags
[2025-12-14T14:43:17.128+0000] {manager.py:824} INFO - There are 1 files in /opt/airflow/dags
[2025-12-14T14:43:18.184+0000] {manager.py:997} INFO - 
================================================================================
DAG File Processing Stats

File Path                               PID  Runtime      # DAGs    # Errors  Last Runtime    Last Run               Last # of DB Queries
------------------------------------  -----  ---------  --------  ----------  --------------  -------------------  ----------------------
/opt/airflow/dags/etl_airflow_dag.py    610  0.01s             1           0  0.99s           2025-12-14T14:42:47                      10
================================================================================
[2025-12-14T14:43:48.541+0000] {manager.py:997} INFO - 
================================================================================
DAG File Processing Stats

File Path                             PID    Runtime      # DAGs    # Errors  Last Runtime    Last Run               Last # of DB Queries
------------------------------------  -----  ---------  --------  ----------  --------------  -------------------  ----------------------
/opt/airflow/dags/etl_airflow_dag.py                           1           0  1.20s           2025-12-14T14:43:19                      10
================================================================================
[2025-12-14T14:44:18.912+0000] {manager.py:997} INFO - 
================================================================================
DAG File Processing Stats

File Path                             PID    Runtime      # DAGs    # Errors  Last Runtime    Last Run               Last # of DB Queries
------------------------------------  -----  ---------  --------  ----------  --------------  -------------------  ----------------------
/opt/airflow/dags/etl_airflow_dag.py                           1           0  0.96s           2025-12-14T14:43:50                      10
================================================================================
[2025-12-14T14:44:49.190+0000] {manager.py:997} INFO - 
================================================================================
DAG File Processing Stats

File Path                             PID    Runtime      # DAGs    # Errors  Last Runtime    Last Run               Last # of DB Queries
------------------------------------  -----  ---------  --------  ----------  --------------  -------------------  ----------------------
/opt/airflow/dags/etl_airflow_dag.py                           1           0  0.95s           2025-12-14T14:44:21                      10
================================================================================
[2025-12-14T14:45:19.553+0000] {manager.py:997} INFO - 
================================================================================
DAG File Processing Stats

File Path                             PID    Runtime      # DAGs    # Errors  Last Runtime    Last Run               Last # of DB Queries
------------------------------------  -----  ---------  --------  ----------  --------------  -------------------  ----------------------
/opt/airflow/dags/etl_airflow_dag.py                           1           0  1.04s           2025-12-14T14:44:53                      10
================================================================================
[2025-12-14T14:45:49.935+0000] {manager.py:997} INFO - 
================================================================================
DAG File Processing Stats

File Path                             PID    Runtime      # DAGs    # Errors  Last Runtime    Last Run               Last # of DB Queries
------------------------------------  -----  ---------  --------  ----------  --------------  -------------------  ----------------------
/opt/airflow/dags/etl_airflow_dag.py                           1           0  1.34s           2025-12-14T14:45:24                      10
================================================================================
[2025-12-14T14:46:20.221+0000] {manager.py:997} INFO - 
================================================================================
DAG File Processing Stats

File Path                             PID    Runtime      # DAGs    # Errors  Last Runtime    Last Run               Last # of DB Queries
------------------------------------  -----  ---------  --------  ----------  --------------  -------------------  ----------------------
/opt/airflow/dags/etl_airflow_dag.py                           1           0  0.96s           2025-12-14T14:45:55                      10
================================================================================
[2025-12-14T14:46:50.592+0000] {manager.py:997} INFO - 
================================================================================
DAG File Processing Stats

File Path                             PID    Runtime      # DAGs    # Errors  Last Runtime    Last Run               Last # of DB Queries
------------------------------------  -----  ---------  --------  ----------  --------------  -------------------  ----------------------
/opt/airflow/dags/etl_airflow_dag.py                           1           0  1.28s           2025-12-14T14:46:27                      10
================================================================================
[2025-12-14T14:47:20.998+0000] {manager.py:997} INFO - 
================================================================================
DAG File Processing Stats

File Path                             PID    Runtime      # DAGs    # Errors  Last Runtime    Last Run               Last # of DB Queries
------------------------------------  -----  ---------  --------  ----------  --------------  -------------------  ----------------------
/opt/airflow/dags/etl_airflow_dag.py                           1           0  1.01s           2025-12-14T14:46:58                      10
================================================================================
[2025-12-14T14:47:51.533+0000] {manager.py:997} INFO - 
================================================================================
DAG File Processing Stats

File Path                             PID    Runtime      # DAGs    # Errors  Last Runtime    Last Run               Last # of DB Queries
------------------------------------  -----  ---------  --------  ----------  --------------  -------------------  ----------------------
/opt/airflow/dags/etl_airflow_dag.py                           1           0  1.27s           2025-12-14T14:47:30                      10
================================================================================
[2025-12-14T14:48:17.812+0000] {manager.py:821} INFO - Searching for files in /opt/airflow/dags
[2025-12-14T14:48:17.847+0000] {manager.py:824} INFO - There are 1 files in /opt/airflow/dags
[2025-12-14T14:48:21.914+0000] {manager.py:997} INFO - 
================================================================================
DAG File Processing Stats

File Path                             PID    Runtime      # DAGs    # Errors  Last Runtime    Last Run               Last # of DB Queries
------------------------------------  -----  ---------  --------  ----------  --------------  -------------------  ----------------------
/opt/airflow/dags/etl_airflow_dag.py                           1           0  0.98s           2025-12-14T14:48:01                      10
================================================================================
[2025-12-14T14:48:52.315+0000] {manager.py:997} INFO - 
================================================================================
DAG File Processing Stats

File Path                             PID    Runtime      # DAGs    # Errors  Last Runtime    Last Run               Last # of DB Queries
------------------------------------  -----  ---------  --------  ----------  --------------  -------------------  ----------------------
/opt/airflow/dags/etl_airflow_dag.py                           1           0  1.28s           2025-12-14T14:48:33                      10
================================================================================
[2025-12-14T14:49:22.871+0000] {manager.py:997} INFO - 
================================================================================
DAG File Processing Stats

File Path                             PID    Runtime      # DAGs    # Errors  Last Runtime    Last Run               Last # of DB Queries
------------------------------------  -----  ---------  --------  ----------  --------------  -------------------  ----------------------
/opt/airflow/dags/etl_airflow_dag.py                           1           0  1.29s           2025-12-14T14:49:04                      10
================================================================================
[2025-12-14T14:49:53.222+0000] {manager.py:997} INFO - 
================================================================================
DAG File Processing Stats

File Path                             PID    Runtime      # DAGs    # Errors  Last Runtime    Last Run               Last # of DB Queries
------------------------------------  -----  ---------  --------  ----------  --------------  -------------------  ----------------------
/opt/airflow/dags/etl_airflow_dag.py                           1           0  1.01s           2025-12-14T14:49:36                      10
================================================================================
[2025-12-14T14:50:23.472+0000] {manager.py:997} INFO - 
================================================================================
DAG File Processing Stats

File Path                             PID    Runtime      # DAGs    # Errors  Last Runtime    Last Run               Last # of DB Queries
------------------------------------  -----  ---------  --------  ----------  --------------  -------------------  ----------------------
/opt/airflow/dags/etl_airflow_dag.py                           1           0  0.92s           2025-12-14T14:50:07                      10
================================================================================
[2025-12-14T14:50:53.763+0000] {manager.py:997} INFO - 
================================================================================
DAG File Processing Stats

File Path                             PID    Runtime      # DAGs    # Errors  Last Runtime    Last Run               Last # of DB Queries
------------------------------------  -----  ---------  --------  ----------  --------------  -------------------  ----------------------
/opt/airflow/dags/etl_airflow_dag.py                           1           0  0.97s           2025-12-14T14:50:38                      10
================================================================================
[2025-12-14T14:51:24.179+0000] {manager.py:997} INFO - 
================================================================================
DAG File Processing Stats

File Path                             PID    Runtime      # DAGs    # Errors  Last Runtime    Last Run               Last # of DB Queries
------------------------------------  -----  ---------  --------  ----------  --------------  -------------------  ----------------------
/opt/airflow/dags/etl_airflow_dag.py                           1           0  1.20s           2025-12-14T14:51:10                      10
================================================================================
[2025-12-14T14:51:54.682+0000] {manager.py:997} INFO - 
================================================================================
DAG File Processing Stats

File Path                             PID    Runtime      # DAGs    # Errors  Last Runtime    Last Run               Last # of DB Queries
------------------------------------  -----  ---------  --------  ----------  --------------  -------------------  ----------------------
/opt/airflow/dags/etl_airflow_dag.py                           1           0  1.13s           2025-12-14T14:51:41                      10
================================================================================
[2025-12-14T14:52:25.083+0000] {manager.py:997} INFO - 
================================================================================
DAG File Processing Stats

File Path                             PID    Runtime      # DAGs    # Errors  Last Runtime    Last Run               Last # of DB Queries
------------------------------------  -----  ---------  --------  ----------  --------------  -------------------  ----------------------
/opt/airflow/dags/etl_airflow_dag.py                           1           0  1.05s           2025-12-14T14:52:12                      10
================================================================================
[2025-12-14T14:52:55.436+0000] {manager.py:997} INFO - 
================================================================================
DAG File Processing Stats

File Path                             PID    Runtime      # DAGs    # Errors  Last Runtime    Last Run               Last # of DB Queries
------------------------------------  -----  ---------  --------  ----------  --------------  -------------------  ----------------------
/opt/airflow/dags/etl_airflow_dag.py                           1           0  1.21s           2025-12-14T14:52:44                      10
================================================================================
[2025-12-14T14:53:18.672+0000] {manager.py:821} INFO - Searching for files in /opt/airflow/dags
[2025-12-14T14:53:18.718+0000] {manager.py:824} INFO - There are 1 files in /opt/airflow/dags
[2025-12-14T14:53:25.823+0000] {manager.py:997} INFO - 
================================================================================
DAG File Processing Stats

File Path                             PID    Runtime      # DAGs    # Errors  Last Runtime    Last Run               Last # of DB Queries
------------------------------------  -----  ---------  --------  ----------  --------------  -------------------  ----------------------
/opt/airflow/dags/etl_airflow_dag.py                           1           0  1.00s           2025-12-14T14:53:15                      10
================================================================================
[2025-12-14T14:53:56.516+0000] {manager.py:997} INFO - 
================================================================================
DAG File Processing Stats

File Path                             PID    Runtime      # DAGs    # Errors  Last Runtime    Last Run               Last # of DB Queries
------------------------------------  -----  ---------  --------  ----------  --------------  -------------------  ----------------------
/opt/airflow/dags/etl_airflow_dag.py                           1           0  1.14s           2025-12-14T14:53:49                       9
================================================================================
[2025-12-14T14:54:26.969+0000] {manager.py:997} INFO - 
================================================================================
DAG File Processing Stats

File Path                             PID    Runtime      # DAGs    # Errors  Last Runtime    Last Run               Last # of DB Queries
------------------------------------  -----  ---------  --------  ----------  --------------  -------------------  ----------------------
/opt/airflow/dags/etl_airflow_dag.py                           1           0  1.45s           2025-12-14T14:54:21                      32
================================================================================
[2025-12-14T14:54:57.695+0000] {manager.py:997} INFO - 
================================================================================
DAG File Processing Stats

File Path                             PID    Runtime      # DAGs    # Errors  Last Runtime    Last Run               Last # of DB Queries
------------------------------------  -----  ---------  --------  ----------  --------------  -------------------  ----------------------
/opt/airflow/dags/etl_airflow_dag.py                           1           0  1.12s           2025-12-14T14:54:52                      10
================================================================================
[2025-12-14T14:55:28.091+0000] {manager.py:997} INFO - 
================================================================================
DAG File Processing Stats

File Path                             PID    Runtime      # DAGs    # Errors  Last Runtime    Last Run               Last # of DB Queries
------------------------------------  -----  ---------  --------  ----------  --------------  -------------------  ----------------------
/opt/airflow/dags/etl_airflow_dag.py                           1           0  1.20s           2025-12-14T14:55:24                      10
================================================================================
[2025-12-14T14:55:58.584+0000] {manager.py:997} INFO - 
================================================================================
DAG File Processing Stats

File Path                             PID    Runtime      # DAGs    # Errors  Last Runtime    Last Run               Last # of DB Queries
------------------------------------  -----  ---------  --------  ----------  --------------  -------------------  ----------------------
/opt/airflow/dags/etl_airflow_dag.py                           1           0  1.34s           2025-12-14T14:55:55                      10
================================================================================
[2025-12-14T14:56:28.912+0000] {manager.py:997} INFO - 
================================================================================
DAG File Processing Stats

File Path                             PID    Runtime      # DAGs    # Errors  Last Runtime    Last Run               Last # of DB Queries
------------------------------------  -----  ---------  --------  ----------  --------------  -------------------  ----------------------
/opt/airflow/dags/etl_airflow_dag.py                           1           0  1.00s           2025-12-14T14:56:26                      10
================================================================================
[2025-12-14T14:56:59.280+0000] {manager.py:997} INFO - 
================================================================================
DAG File Processing Stats

File Path                             PID    Runtime      # DAGs    # Errors  Last Runtime    Last Run               Last # of DB Queries
------------------------------------  -----  ---------  --------  ----------  --------------  -------------------  ----------------------
/opt/airflow/dags/etl_airflow_dag.py                           1           0  1.06s           2025-12-14T14:56:58                      10
================================================================================
[2025-12-14T14:57:29.677+0000] {manager.py:997} INFO - 
================================================================================
DAG File Processing Stats

File Path                               PID  Runtime      # DAGs    # Errors  Last Runtime    Last Run               Last # of DB Queries
------------------------------------  -----  ---------  --------  ----------  --------------  -------------------  ----------------------
/opt/airflow/dags/etl_airflow_dag.py    823  1.02s             1           0  1.06s           2025-12-14T14:56:58                      10
================================================================================
[2025-12-14T14:58:00.072+0000] {manager.py:997} INFO - 
================================================================================
DAG File Processing Stats

File Path                               PID  Runtime      # DAGs    # Errors  Last Runtime    Last Run               Last # of DB Queries
------------------------------------  -----  ---------  --------  ----------  --------------  -------------------  ----------------------
/opt/airflow/dags/etl_airflow_dag.py    829  0.01s             1           0  1.19s           2025-12-14T14:57:29                      10
================================================================================
[2025-12-14T14:58:19.252+0000] {manager.py:821} INFO - Searching for files in /opt/airflow/dags
[2025-12-14T14:58:19.291+0000] {manager.py:824} INFO - There are 1 files in /opt/airflow/dags
[2025-12-14T14:58:30.434+0000] {manager.py:997} INFO - 
================================================================================
DAG File Processing Stats

File Path                             PID    Runtime      # DAGs    # Errors  Last Runtime    Last Run               Last # of DB Queries
------------------------------------  -----  ---------  --------  ----------  --------------  -------------------  ----------------------
/opt/airflow/dags/etl_airflow_dag.py                           1           0  0.99s           2025-12-14T14:58:01                      10
================================================================================
[2025-12-14T14:59:00.809+0000] {manager.py:997} INFO - 
================================================================================
DAG File Processing Stats

File Path                             PID    Runtime      # DAGs    # Errors  Last Runtime    Last Run               Last # of DB Queries
------------------------------------  -----  ---------  --------  ----------  --------------  -------------------  ----------------------
/opt/airflow/dags/etl_airflow_dag.py                           1           0  1.08s           2025-12-14T14:58:32                      10
================================================================================
[2025-12-14T14:59:31.139+0000] {manager.py:997} INFO - 
================================================================================
DAG File Processing Stats

File Path                             PID    Runtime      # DAGs    # Errors  Last Runtime    Last Run               Last # of DB Queries
------------------------------------  -----  ---------  --------  ----------  --------------  -------------------  ----------------------
/opt/airflow/dags/etl_airflow_dag.py                           1           0  1.00s           2025-12-14T14:59:03                      10
================================================================================
[2025-12-14T15:00:01.557+0000] {manager.py:997} INFO - 
================================================================================
DAG File Processing Stats

File Path                             PID    Runtime      # DAGs    # Errors  Last Runtime    Last Run               Last # of DB Queries
------------------------------------  -----  ---------  --------  ----------  --------------  -------------------  ----------------------
/opt/airflow/dags/etl_airflow_dag.py                           1           0  1.17s           2025-12-14T14:59:35                      10
================================================================================
[2025-12-14T15:00:31.917+0000] {manager.py:997} INFO - 
================================================================================
DAG File Processing Stats

File Path                             PID    Runtime      # DAGs    # Errors  Last Runtime    Last Run               Last # of DB Queries
------------------------------------  -----  ---------  --------  ----------  --------------  -------------------  ----------------------
/opt/airflow/dags/etl_airflow_dag.py                           1           0  1.03s           2025-12-14T15:00:06                      10
================================================================================
[2025-12-14T15:01:02.245+0000] {manager.py:997} INFO - 
================================================================================
DAG File Processing Stats

File Path                             PID    Runtime      # DAGs    # Errors  Last Runtime    Last Run               Last # of DB Queries
------------------------------------  -----  ---------  --------  ----------  --------------  -------------------  ----------------------
/opt/airflow/dags/etl_airflow_dag.py                           1           0  0.99s           2025-12-14T15:00:37                      10
================================================================================
[2025-12-14T15:01:32.542+0000] {manager.py:997} INFO - 
================================================================================
DAG File Processing Stats

File Path                             PID    Runtime      # DAGs    # Errors  Last Runtime    Last Run               Last # of DB Queries
------------------------------------  -----  ---------  --------  ----------  --------------  -------------------  ----------------------
/opt/airflow/dags/etl_airflow_dag.py                           1           0  0.96s           2025-12-14T15:01:09                      10
================================================================================
[2025-12-14T15:02:02.951+0000] {manager.py:997} INFO - 
================================================================================
DAG File Processing Stats

File Path                             PID    Runtime      # DAGs    # Errors  Last Runtime    Last Run               Last # of DB Queries
------------------------------------  -----  ---------  --------  ----------  --------------  -------------------  ----------------------
/opt/airflow/dags/etl_airflow_dag.py                           1           0  1.08s           2025-12-14T15:01:40                      10
================================================================================
[2025-12-14T15:02:33.271+0000] {manager.py:997} INFO - 
================================================================================
DAG File Processing Stats

File Path                             PID    Runtime      # DAGs    # Errors  Last Runtime    Last Run               Last # of DB Queries
------------------------------------  -----  ---------  --------  ----------  --------------  -------------------  ----------------------
/opt/airflow/dags/etl_airflow_dag.py                           1           0  0.99s           2025-12-14T15:02:12                      10
================================================================================
[2025-12-14T15:03:03.610+0000] {manager.py:997} INFO - 
================================================================================
DAG File Processing Stats

File Path                             PID    Runtime      # DAGs    # Errors  Last Runtime    Last Run               Last # of DB Queries
------------------------------------  -----  ---------  --------  ----------  --------------  -------------------  ----------------------
/opt/airflow/dags/etl_airflow_dag.py                           1           0  1.00s           2025-12-14T15:02:43                      10
================================================================================
[2025-12-14T15:03:19.415+0000] {manager.py:821} INFO - Searching for files in /opt/airflow/dags
[2025-12-14T15:03:19.450+0000] {manager.py:824} INFO - There are 1 files in /opt/airflow/dags
[2025-12-14T15:03:33.654+0000] {manager.py:997} INFO - 
================================================================================
DAG File Processing Stats

File Path                             PID    Runtime      # DAGs    # Errors  Last Runtime    Last Run               Last # of DB Queries
------------------------------------  -----  ---------  --------  ----------  --------------  -------------------  ----------------------
/opt/airflow/dags/etl_airflow_dag.py                           1           0  2.54s           2025-12-14T15:03:16                      10
================================================================================
[2025-12-14T15:04:04.225+0000] {manager.py:997} INFO - 
================================================================================
DAG File Processing Stats

File Path                             PID    Runtime      # DAGs    # Errors  Last Runtime    Last Run               Last # of DB Queries
------------------------------------  -----  ---------  --------  ----------  --------------  -------------------  ----------------------
/opt/airflow/dags/etl_airflow_dag.py                           1           0  1.39s           2025-12-14T15:03:43                      32
================================================================================
[2025-12-14T15:04:34.433+0000] {manager.py:997} INFO - 
================================================================================
DAG File Processing Stats

File Path                             PID    Runtime      # DAGs    # Errors  Last Runtime    Last Run               Last # of DB Queries
------------------------------------  -----  ---------  --------  ----------  --------------  -------------------  ----------------------
/opt/airflow/dags/etl_airflow_dag.py                           1           0  0.89s           2025-12-14T15:04:14                      10
================================================================================
[2025-12-14T15:05:04.890+0000] {manager.py:997} INFO - 
================================================================================
DAG File Processing Stats

File Path                             PID    Runtime      # DAGs    # Errors  Last Runtime    Last Run               Last # of DB Queries
------------------------------------  -----  ---------  --------  ----------  --------------  -------------------  ----------------------
/opt/airflow/dags/etl_airflow_dag.py                           1           0  1.11s           2025-12-14T15:04:45                      10
================================================================================
[2025-12-14T15:05:35.274+0000] {manager.py:997} INFO - 
================================================================================
DAG File Processing Stats

File Path                             PID    Runtime      # DAGs    # Errors  Last Runtime    Last Run               Last # of DB Queries
------------------------------------  -----  ---------  --------  ----------  --------------  -------------------  ----------------------
/opt/airflow/dags/etl_airflow_dag.py                           1           0  1.12s           2025-12-14T15:05:17                      10
================================================================================
[2025-12-14T15:06:05.765+0000] {manager.py:997} INFO - 
================================================================================
DAG File Processing Stats

File Path                             PID    Runtime      # DAGs    # Errors  Last Runtime    Last Run               Last # of DB Queries
------------------------------------  -----  ---------  --------  ----------  --------------  -------------------  ----------------------
/opt/airflow/dags/etl_airflow_dag.py                           1           0  1.45s           2025-12-14T15:05:48                      10
================================================================================
[2025-12-14T15:06:36.093+0000] {manager.py:997} INFO - 
================================================================================
DAG File Processing Stats

File Path                             PID    Runtime      # DAGs    # Errors  Last Runtime    Last Run               Last # of DB Queries
------------------------------------  -----  ---------  --------  ----------  --------------  -------------------  ----------------------
/opt/airflow/dags/etl_airflow_dag.py                           1           0  0.90s           2025-12-14T15:06:20                      10
================================================================================
[2025-12-14T15:07:06.444+0000] {manager.py:997} INFO - 
================================================================================
DAG File Processing Stats

File Path                             PID    Runtime      # DAGs    # Errors  Last Runtime    Last Run               Last # of DB Queries
------------------------------------  -----  ---------  --------  ----------  --------------  -------------------  ----------------------
/opt/airflow/dags/etl_airflow_dag.py                           1           0  1.02s           2025-12-14T15:06:51                      10
================================================================================
[2025-12-14T15:07:36.832+0000] {manager.py:997} INFO - 
================================================================================
DAG File Processing Stats

File Path                             PID    Runtime      # DAGs    # Errors  Last Runtime    Last Run               Last # of DB Queries
------------------------------------  -----  ---------  --------  ----------  --------------  -------------------  ----------------------
/opt/airflow/dags/etl_airflow_dag.py                           1           0  1.01s           2025-12-14T15:07:22                      10
================================================================================
[2025-12-14T15:08:07.205+0000] {manager.py:997} INFO - 
================================================================================
DAG File Processing Stats

File Path                             PID    Runtime      # DAGs    # Errors  Last Runtime    Last Run               Last # of DB Queries
------------------------------------  -----  ---------  --------  ----------  --------------  -------------------  ----------------------
/opt/airflow/dags/etl_airflow_dag.py                           1           0  1.10s           2025-12-14T15:07:54                      10
================================================================================
[2025-12-14T15:08:20.330+0000] {manager.py:821} INFO - Searching for files in /opt/airflow/dags
[2025-12-14T15:08:20.364+0000] {manager.py:824} INFO - There are 1 files in /opt/airflow/dags
[2025-12-14T15:08:37.597+0000] {manager.py:997} INFO - 
================================================================================
DAG File Processing Stats

File Path                             PID    Runtime      # DAGs    # Errors  Last Runtime    Last Run               Last # of DB Queries
------------------------------------  -----  ---------  --------  ----------  --------------  -------------------  ----------------------
/opt/airflow/dags/etl_airflow_dag.py                           1           0  1.18s           2025-12-14T15:08:25                      10
================================================================================
[2025-12-14T15:09:07.971+0000] {manager.py:997} INFO - 
================================================================================
DAG File Processing Stats

File Path                             PID    Runtime      # DAGs    # Errors  Last Runtime    Last Run               Last # of DB Queries
------------------------------------  -----  ---------  --------  ----------  --------------  -------------------  ----------------------
/opt/airflow/dags/etl_airflow_dag.py                           1           0  1.03s           2025-12-14T15:08:56                      10
================================================================================
[2025-12-14T15:09:38.303+0000] {manager.py:997} INFO - 
================================================================================
DAG File Processing Stats

File Path                             PID    Runtime      # DAGs    # Errors  Last Runtime    Last Run               Last # of DB Queries
------------------------------------  -----  ---------  --------  ----------  --------------  -------------------  ----------------------
/opt/airflow/dags/etl_airflow_dag.py                           1           0  0.96s           2025-12-14T15:09:28                      10
================================================================================
[2025-12-14T15:10:08.608+0000] {manager.py:997} INFO - 
================================================================================
DAG File Processing Stats

File Path                             PID    Runtime      # DAGs    # Errors  Last Runtime    Last Run               Last # of DB Queries
------------------------------------  -----  ---------  --------  ----------  --------------  -------------------  ----------------------
/opt/airflow/dags/etl_airflow_dag.py                           1           0  0.97s           2025-12-14T15:09:59                      10
================================================================================
[2025-12-14T15:10:39.128+0000] {manager.py:997} INFO - 
================================================================================
DAG File Processing Stats

File Path                             PID    Runtime      # DAGs    # Errors  Last Runtime    Last Run               Last # of DB Queries
------------------------------------  -----  ---------  --------  ----------  --------------  -------------------  ----------------------
/opt/airflow/dags/etl_airflow_dag.py                           1           0  1.21s           2025-12-14T15:10:31                      10
================================================================================
[2025-12-14T15:11:09.469+0000] {manager.py:997} INFO - 
================================================================================
DAG File Processing Stats

File Path                             PID    Runtime      # DAGs    # Errors  Last Runtime    Last Run               Last # of DB Queries
------------------------------------  -----  ---------  --------  ----------  --------------  -------------------  ----------------------
/opt/airflow/dags/etl_airflow_dag.py                           1           0  1.15s           2025-12-14T15:11:02                      10
================================================================================
[2025-12-14T15:11:39.930+0000] {manager.py:997} INFO - 
================================================================================
DAG File Processing Stats

File Path                             PID    Runtime      # DAGs    # Errors  Last Runtime    Last Run               Last # of DB Queries
------------------------------------  -----  ---------  --------  ----------  --------------  -------------------  ----------------------
/opt/airflow/dags/etl_airflow_dag.py                           1           0  1.16s           2025-12-14T15:11:33                      10
================================================================================
[2025-12-14T15:12:10.603+0000] {manager.py:997} INFO - 
================================================================================
DAG File Processing Stats

File Path                             PID    Runtime      # DAGs    # Errors  Last Runtime    Last Run               Last # of DB Queries
------------------------------------  -----  ---------  --------  ----------  --------------  -------------------  ----------------------
/opt/airflow/dags/etl_airflow_dag.py                           1           0  1.10s           2025-12-14T15:12:05                      10
================================================================================
[2025-12-14T15:12:40.757+0000] {manager.py:997} INFO - 
================================================================================
DAG File Processing Stats

File Path                             PID    Runtime      # DAGs    # Errors  Last Runtime    Last Run               Last # of DB Queries
------------------------------------  -----  ---------  --------  ----------  --------------  -------------------  ----------------------
/opt/airflow/dags/etl_airflow_dag.py                           1           0  0.80s           2025-12-14T15:12:36                      10
================================================================================
[2025-12-14T15:13:11.070+0000] {manager.py:997} INFO - 
================================================================================
DAG File Processing Stats

File Path                             PID    Runtime      # DAGs    # Errors  Last Runtime    Last Run               Last # of DB Queries
------------------------------------  -----  ---------  --------  ----------  --------------  -------------------  ----------------------
/opt/airflow/dags/etl_airflow_dag.py                           1           0  0.96s           2025-12-14T15:13:08                      10
================================================================================
[2025-12-14T15:13:20.445+0000] {manager.py:821} INFO - Searching for files in /opt/airflow/dags
[2025-12-14T15:13:20.496+0000] {manager.py:824} INFO - There are 1 files in /opt/airflow/dags
[2025-12-14T15:13:41.181+0000] {manager.py:997} INFO - 
================================================================================
DAG File Processing Stats

File Path                             PID    Runtime      # DAGs    # Errors  Last Runtime    Last Run               Last # of DB Queries
------------------------------------  -----  ---------  --------  ----------  --------------  -------------------  ----------------------
/opt/airflow/dags/etl_airflow_dag.py                           1           0  0.69s           2025-12-14T15:13:39                      10
================================================================================
[2025-12-14T15:14:11.410+0000] {manager.py:997} INFO - 
================================================================================
DAG File Processing Stats

File Path                             PID    Runtime      # DAGs    # Errors  Last Runtime    Last Run               Last # of DB Queries
------------------------------------  -----  ---------  --------  ----------  --------------  -------------------  ----------------------
/opt/airflow/dags/etl_airflow_dag.py                           1           0  0.85s           2025-12-14T15:14:10                      10
================================================================================
[2025-12-14T15:14:41.419+0000] {manager.py:997} INFO - 
================================================================================
DAG File Processing Stats

File Path                             PID    Runtime      # DAGs    # Errors  Last Runtime    Last Run               Last # of DB Queries
------------------------------------  -----  ---------  --------  ----------  --------------  -------------------  ----------------------
/opt/airflow/dags/etl_airflow_dag.py                           1           0  0.93s           2025-12-14T15:14:41                      10
================================================================================
[2025-12-14T15:15:11.807+0000] {manager.py:997} INFO - 
================================================================================
DAG File Processing Stats

File Path                               PID  Runtime      # DAGs    # Errors  Last Runtime    Last Run               Last # of DB Queries
------------------------------------  -----  ---------  --------  ----------  --------------  -------------------  ----------------------
/opt/airflow/dags/etl_airflow_dag.py   1120  0.01s             1           0  0.93s           2025-12-14T15:14:41                      10
================================================================================
[2025-12-14T15:15:42.026+0000] {manager.py:997} INFO - 
================================================================================
DAG File Processing Stats

File Path                             PID    Runtime      # DAGs    # Errors  Last Runtime    Last Run               Last # of DB Queries
------------------------------------  -----  ---------  --------  ----------  --------------  -------------------  ----------------------
/opt/airflow/dags/etl_airflow_dag.py                           1           0  0.90s           2025-12-14T15:15:12                      10
================================================================================
[2025-12-14T15:16:12.148+0000] {manager.py:997} INFO - 
================================================================================
DAG File Processing Stats

File Path                             PID    Runtime      # DAGs    # Errors  Last Runtime    Last Run               Last # of DB Queries
------------------------------------  -----  ---------  --------  ----------  --------------  -------------------  ----------------------
/opt/airflow/dags/etl_airflow_dag.py                           1           0  0.80s           2025-12-14T15:15:43                      10
================================================================================
[2025-12-14T15:16:42.256+0000] {manager.py:997} INFO - 
================================================================================
DAG File Processing Stats

File Path                             PID    Runtime      # DAGs    # Errors  Last Runtime    Last Run               Last # of DB Queries
------------------------------------  -----  ---------  --------  ----------  --------------  -------------------  ----------------------
/opt/airflow/dags/etl_airflow_dag.py                           1           0  0.78s           2025-12-14T15:16:14                      10
================================================================================
[2025-12-14T15:17:12.561+0000] {manager.py:997} INFO - 
================================================================================
DAG File Processing Stats

File Path                             PID    Runtime      # DAGs    # Errors  Last Runtime    Last Run               Last # of DB Queries
------------------------------------  -----  ---------  --------  ----------  --------------  -------------------  ----------------------
/opt/airflow/dags/etl_airflow_dag.py                           1           0  0.93s           2025-12-14T15:16:45                      10
================================================================================
[2025-12-14T15:17:42.857+0000] {manager.py:997} INFO - 
================================================================================
DAG File Processing Stats

File Path                             PID    Runtime      # DAGs    # Errors  Last Runtime    Last Run               Last # of DB Queries
------------------------------------  -----  ---------  --------  ----------  --------------  -------------------  ----------------------
/opt/airflow/dags/etl_airflow_dag.py                           1           0  0.79s           2025-12-14T15:17:17                      10
================================================================================
[2025-12-14T15:18:13.163+0000] {manager.py:997} INFO - 
================================================================================
DAG File Processing Stats

File Path                             PID    Runtime      # DAGs    # Errors  Last Runtime    Last Run               Last # of DB Queries
------------------------------------  -----  ---------  --------  ----------  --------------  -------------------  ----------------------
/opt/airflow/dags/etl_airflow_dag.py                           1           0  0.79s           2025-12-14T15:17:48                      10
================================================================================
[2025-12-14T15:18:20.497+0000] {manager.py:821} INFO - Searching for files in /opt/airflow/dags
[2025-12-14T15:18:20.541+0000] {manager.py:824} INFO - There are 1 files in /opt/airflow/dags
[2025-12-14T15:18:43.272+0000] {manager.py:997} INFO - 
================================================================================
DAG File Processing Stats

File Path                             PID    Runtime      # DAGs    # Errors  Last Runtime    Last Run               Last # of DB Queries
------------------------------------  -----  ---------  --------  ----------  --------------  -------------------  ----------------------
/opt/airflow/dags/etl_airflow_dag.py                           1           0  0.76s           2025-12-14T15:18:18                      10
================================================================================
[2025-12-14T15:19:13.380+0000] {manager.py:997} INFO - 
================================================================================
DAG File Processing Stats

File Path                             PID    Runtime      # DAGs    # Errors  Last Runtime    Last Run               Last # of DB Queries
------------------------------------  -----  ---------  --------  ----------  --------------  -------------------  ----------------------
/opt/airflow/dags/etl_airflow_dag.py                           1           0  0.75s           2025-12-14T15:18:50                      10
================================================================================
[2025-12-14T15:19:43.716+0000] {manager.py:997} INFO - 
================================================================================
DAG File Processing Stats

File Path                             PID    Runtime      # DAGs    # Errors  Last Runtime    Last Run               Last # of DB Queries
------------------------------------  -----  ---------  --------  ----------  --------------  -------------------  ----------------------
/opt/airflow/dags/etl_airflow_dag.py                           1           0  0.76s           2025-12-14T15:19:20                      10
================================================================================
[2025-12-14T15:20:13.744+0000] {manager.py:997} INFO - 
================================================================================
DAG File Processing Stats

File Path                             PID    Runtime      # DAGs    # Errors  Last Runtime    Last Run               Last # of DB Queries
------------------------------------  -----  ---------  --------  ----------  --------------  -------------------  ----------------------
/opt/airflow/dags/etl_airflow_dag.py                           1           0  1.49s           2025-12-14T15:19:52                      10
================================================================================
[2025-12-14T15:20:44.044+0000] {manager.py:997} INFO - 
================================================================================
DAG File Processing Stats

File Path                             PID    Runtime      # DAGs    # Errors  Last Runtime    Last Run               Last # of DB Queries
------------------------------------  -----  ---------  --------  ----------  --------------  -------------------  ----------------------
/opt/airflow/dags/etl_airflow_dag.py                           1           0  0.92s           2025-12-14T15:20:23                      10
================================================================================
[2025-12-14T15:21:14.166+0000] {manager.py:997} INFO - 
================================================================================
DAG File Processing Stats

File Path                             PID    Runtime      # DAGs    # Errors  Last Runtime    Last Run               Last # of DB Queries
------------------------------------  -----  ---------  --------  ----------  --------------  -------------------  ----------------------
/opt/airflow/dags/etl_airflow_dag.py                           1           0  0.82s           2025-12-14T15:20:54                      10
================================================================================
[2025-12-14T15:21:44.293+0000] {manager.py:997} INFO - 
================================================================================
DAG File Processing Stats

File Path                             PID    Runtime      # DAGs    # Errors  Last Runtime    Last Run               Last # of DB Queries
------------------------------------  -----  ---------  --------  ----------  --------------  -------------------  ----------------------
/opt/airflow/dags/etl_airflow_dag.py                           1           0  0.82s           2025-12-14T15:21:26                      10
================================================================================
[2025-12-14T15:22:14.624+0000] {manager.py:997} INFO - 
================================================================================
DAG File Processing Stats

File Path                             PID    Runtime      # DAGs    # Errors  Last Runtime    Last Run               Last # of DB Queries
------------------------------------  -----  ---------  --------  ----------  --------------  -------------------  ----------------------
/opt/airflow/dags/etl_airflow_dag.py                           1           0  0.68s           2025-12-14T15:21:56                      10
================================================================================
[2025-12-14T15:22:44.925+0000] {manager.py:997} INFO - 
================================================================================
DAG File Processing Stats

File Path                             PID    Runtime      # DAGs    # Errors  Last Runtime    Last Run               Last # of DB Queries
------------------------------------  -----  ---------  --------  ----------  --------------  -------------------  ----------------------
/opt/airflow/dags/etl_airflow_dag.py                           1           0  0.83s           2025-12-14T15:22:27                      10
================================================================================
[2025-12-14T15:23:14.934+0000] {manager.py:997} INFO - 
================================================================================
DAG File Processing Stats

File Path                             PID    Runtime      # DAGs    # Errors  Last Runtime    Last Run               Last # of DB Queries
------------------------------------  -----  ---------  --------  ----------  --------------  -------------------  ----------------------
/opt/airflow/dags/etl_airflow_dag.py                           1           0  0.69s           2025-12-14T15:22:58                      10
================================================================================
[2025-12-14T15:23:20.539+0000] {manager.py:821} INFO - Searching for files in /opt/airflow/dags
[2025-12-14T15:23:20.596+0000] {manager.py:824} INFO - There are 1 files in /opt/airflow/dags
[2025-12-14T15:23:44.968+0000] {manager.py:997} INFO - 
================================================================================
DAG File Processing Stats

File Path                             PID    Runtime      # DAGs    # Errors  Last Runtime    Last Run               Last # of DB Queries
------------------------------------  -----  ---------  --------  ----------  --------------  -------------------  ----------------------
/opt/airflow/dags/etl_airflow_dag.py                           1           0  0.75s           2025-12-14T15:23:29                      10
================================================================================
[2025-12-14T15:24:15.270+0000] {manager.py:997} INFO - 
================================================================================
DAG File Processing Stats

File Path                             PID    Runtime      # DAGs    # Errors  Last Runtime    Last Run               Last # of DB Queries
------------------------------------  -----  ---------  --------  ----------  --------------  -------------------  ----------------------
/opt/airflow/dags/etl_airflow_dag.py                           1           0  0.72s           2025-12-14T15:24:00                      10
================================================================================
[2025-12-14T15:24:45.574+0000] {manager.py:997} INFO - 
================================================================================
DAG File Processing Stats

File Path                             PID    Runtime      # DAGs    # Errors  Last Runtime    Last Run               Last # of DB Queries
------------------------------------  -----  ---------  --------  ----------  --------------  -------------------  ----------------------
/opt/airflow/dags/etl_airflow_dag.py                           1           0  0.76s           2025-12-14T15:24:31                      10
================================================================================
[2025-12-14T15:25:15.887+0000] {manager.py:997} INFO - 
================================================================================
DAG File Processing Stats

File Path                             PID    Runtime      # DAGs    # Errors  Last Runtime    Last Run               Last # of DB Queries
------------------------------------  -----  ---------  --------  ----------  --------------  -------------------  ----------------------
/opt/airflow/dags/etl_airflow_dag.py                           1           0  0.66s           2025-12-14T15:25:02                      10
================================================================================
[2025-12-14T15:25:45.912+0000] {manager.py:997} INFO - 
================================================================================
DAG File Processing Stats

File Path                             PID    Runtime      # DAGs    # Errors  Last Runtime    Last Run               Last # of DB Queries
------------------------------------  -----  ---------  --------  ----------  --------------  -------------------  ----------------------
/opt/airflow/dags/etl_airflow_dag.py                           1           0  0.70s           2025-12-14T15:25:33                      10
================================================================================
[2025-12-14T15:26:15.937+0000] {manager.py:997} INFO - 
================================================================================
DAG File Processing Stats

File Path                             PID    Runtime      # DAGs    # Errors  Last Runtime    Last Run               Last # of DB Queries
------------------------------------  -----  ---------  --------  ----------  --------------  -------------------  ----------------------
/opt/airflow/dags/etl_airflow_dag.py                           1           0  0.71s           2025-12-14T15:26:04                      10
================================================================================
[2025-12-14T15:26:46.152+0000] {manager.py:997} INFO - 
================================================================================
DAG File Processing Stats

File Path                             PID    Runtime      # DAGs    # Errors  Last Runtime    Last Run               Last # of DB Queries
------------------------------------  -----  ---------  --------  ----------  --------------  -------------------  ----------------------
/opt/airflow/dags/etl_airflow_dag.py                           1           0  0.92s           2025-12-14T15:26:36                      10
================================================================================
[2025-12-14T15:27:16.435+0000] {manager.py:997} INFO - 
================================================================================
DAG File Processing Stats

File Path                             PID    Runtime      # DAGs    # Errors  Last Runtime    Last Run               Last # of DB Queries
------------------------------------  -----  ---------  --------  ----------  --------------  -------------------  ----------------------
/opt/airflow/dags/etl_airflow_dag.py                           1           0  0.69s           2025-12-14T15:27:06                      10
================================================================================
[2025-12-14T15:27:46.762+0000] {manager.py:997} INFO - 
================================================================================
DAG File Processing Stats

File Path                             PID    Runtime      # DAGs    # Errors  Last Runtime    Last Run               Last # of DB Queries
------------------------------------  -----  ---------  --------  ----------  --------------  -------------------  ----------------------
/opt/airflow/dags/etl_airflow_dag.py                           1           0  0.74s           2025-12-14T15:27:37                      10
================================================================================
[2025-12-14T15:28:16.950+0000] {manager.py:997} INFO - 
================================================================================
DAG File Processing Stats

File Path                             PID    Runtime      # DAGs    # Errors  Last Runtime    Last Run               Last # of DB Queries
------------------------------------  -----  ---------  --------  ----------  --------------  -------------------  ----------------------
/opt/airflow/dags/etl_airflow_dag.py                           1           0  0.86s           2025-12-14T15:28:08                      10
================================================================================
[2025-12-14T15:28:20.987+0000] {manager.py:821} INFO - Searching for files in /opt/airflow/dags
[2025-12-14T15:28:21.020+0000] {manager.py:824} INFO - There are 1 files in /opt/airflow/dags
[2025-12-14T15:28:47.014+0000] {manager.py:997} INFO - 
================================================================================
DAG File Processing Stats

File Path                             PID    Runtime      # DAGs    # Errors  Last Runtime    Last Run               Last # of DB Queries
------------------------------------  -----  ---------  --------  ----------  --------------  -------------------  ----------------------
/opt/airflow/dags/etl_airflow_dag.py                           1           0  0.70s           2025-12-14T15:28:39                      10
================================================================================
[2025-12-14T15:29:17.083+0000] {manager.py:997} INFO - 
================================================================================
DAG File Processing Stats

File Path                             PID    Runtime      # DAGs    # Errors  Last Runtime    Last Run               Last # of DB Queries
------------------------------------  -----  ---------  --------  ----------  --------------  -------------------  ----------------------
/opt/airflow/dags/etl_airflow_dag.py                           1           0  0.75s           2025-12-14T15:29:11                      10
================================================================================
[2025-12-14T15:29:47.380+0000] {manager.py:997} INFO - 
================================================================================
DAG File Processing Stats

File Path                             PID    Runtime      # DAGs    # Errors  Last Runtime    Last Run               Last # of DB Queries
------------------------------------  -----  ---------  --------  ----------  --------------  -------------------  ----------------------
/opt/airflow/dags/etl_airflow_dag.py                           1           0  0.74s           2025-12-14T15:29:41                      10
================================================================================
[2025-12-14T15:30:17.707+0000] {manager.py:997} INFO - 
================================================================================
DAG File Processing Stats

File Path                             PID    Runtime      # DAGs    # Errors  Last Runtime    Last Run               Last # of DB Queries
------------------------------------  -----  ---------  --------  ----------  --------------  -------------------  ----------------------
/opt/airflow/dags/etl_airflow_dag.py                           1           0  0.78s           2025-12-14T15:30:12                      10
================================================================================
[2025-12-14T15:30:47.746+0000] {manager.py:997} INFO - 
================================================================================
DAG File Processing Stats

File Path                             PID    Runtime      # DAGs    # Errors  Last Runtime    Last Run               Last # of DB Queries
------------------------------------  -----  ---------  --------  ----------  --------------  -------------------  ----------------------
/opt/airflow/dags/etl_airflow_dag.py                           1           0  0.69s           2025-12-14T15:30:43                      10
================================================================================
[2025-12-14T15:31:17.782+0000] {manager.py:997} INFO - 
================================================================================
DAG File Processing Stats

File Path                             PID    Runtime      # DAGs    # Errors  Last Runtime    Last Run               Last # of DB Queries
------------------------------------  -----  ---------  --------  ----------  --------------  -------------------  ----------------------
/opt/airflow/dags/etl_airflow_dag.py                           1           0  0.70s           2025-12-14T15:31:14                      10
================================================================================
[2025-12-14T15:31:48.093+0000] {manager.py:997} INFO - 
================================================================================
DAG File Processing Stats

File Path                             PID    Runtime      # DAGs    # Errors  Last Runtime    Last Run               Last # of DB Queries
------------------------------------  -----  ---------  --------  ----------  --------------  -------------------  ----------------------
/opt/airflow/dags/etl_airflow_dag.py                           1           0  0.68s           2025-12-14T15:31:45                      10
================================================================================
[2025-12-14T15:32:18.398+0000] {manager.py:997} INFO - 
================================================================================
DAG File Processing Stats

File Path                             PID    Runtime      # DAGs    # Errors  Last Runtime    Last Run               Last # of DB Queries
------------------------------------  -----  ---------  --------  ----------  --------------  -------------------  ----------------------
/opt/airflow/dags/etl_airflow_dag.py                           1           0  0.72s           2025-12-14T15:32:16                      10
================================================================================
[2025-12-14T15:32:48.517+0000] {manager.py:997} INFO - 
================================================================================
DAG File Processing Stats

File Path                             PID    Runtime      # DAGs    # Errors  Last Runtime    Last Run               Last # of DB Queries
------------------------------------  -----  ---------  --------  ----------  --------------  -------------------  ----------------------
/opt/airflow/dags/etl_airflow_dag.py                           1           0  0.79s           2025-12-14T15:32:47                      10
================================================================================
[2025-12-14T15:33:18.610+0000] {manager.py:997} INFO - 
================================================================================
DAG File Processing Stats

File Path                             PID    Runtime      # DAGs    # Errors  Last Runtime    Last Run               Last # of DB Queries
------------------------------------  -----  ---------  --------  ----------  --------------  -------------------  ----------------------
/opt/airflow/dags/etl_airflow_dag.py                           1           0  0.77s           2025-12-14T15:33:18                      10
================================================================================
[2025-12-14T15:33:21.318+0000] {manager.py:821} INFO - Searching for files in /opt/airflow/dags
[2025-12-14T15:33:21.347+0000] {manager.py:824} INFO - There are 1 files in /opt/airflow/dags
[2025-12-14T15:33:48.670+0000] {manager.py:997} INFO - 
================================================================================
DAG File Processing Stats

File Path                               PID  Runtime      # DAGs    # Errors  Last Runtime    Last Run               Last # of DB Queries
------------------------------------  -----  ---------  --------  ----------  --------------  -------------------  ----------------------
/opt/airflow/dags/etl_airflow_dag.py   1336  0.01s             1           0  0.77s           2025-12-14T15:33:18                      10
================================================================================
[2025-12-14T15:34:18.746+0000] {manager.py:997} INFO - 
================================================================================
DAG File Processing Stats

File Path                             PID    Runtime      # DAGs    # Errors  Last Runtime    Last Run               Last # of DB Queries
------------------------------------  -----  ---------  --------  ----------  --------------  -------------------  ----------------------
/opt/airflow/dags/etl_airflow_dag.py                           1           0  0.79s           2025-12-14T15:33:49                      10
================================================================================
[2025-12-14T15:34:48.898+0000] {manager.py:997} INFO - 
================================================================================
DAG File Processing Stats

File Path                             PID    Runtime      # DAGs    # Errors  Last Runtime    Last Run               Last # of DB Queries
------------------------------------  -----  ---------  --------  ----------  --------------  -------------------  ----------------------
/opt/airflow/dags/etl_airflow_dag.py                           1           0  0.84s           2025-12-14T15:34:20                      10
================================================================================
[2025-12-14T15:35:19.911+0000] {manager.py:997} INFO - 
================================================================================
DAG File Processing Stats

File Path                             PID    Runtime      # DAGs    # Errors  Last Runtime    Last Run               Last # of DB Queries
------------------------------------  -----  ---------  --------  ----------  --------------  -------------------  ----------------------
/opt/airflow/dags/etl_airflow_dag.py                           1           0  0.69s           2025-12-14T15:34:51                      10
================================================================================
[2025-12-14T15:35:50.016+0000] {manager.py:997} INFO - 
================================================================================
DAG File Processing Stats

File Path                             PID    Runtime      # DAGs    # Errors  Last Runtime    Last Run               Last # of DB Queries
------------------------------------  -----  ---------  --------  ----------  --------------  -------------------  ----------------------
/opt/airflow/dags/etl_airflow_dag.py                           1           0  0.75s           2025-12-14T15:35:22                      10
================================================================================
[2025-12-14T15:36:20.068+0000] {manager.py:997} INFO - 
================================================================================
DAG File Processing Stats

File Path                             PID    Runtime      # DAGs    # Errors  Last Runtime    Last Run               Last # of DB Queries
------------------------------------  -----  ---------  --------  ----------  --------------  -------------------  ----------------------
/opt/airflow/dags/etl_airflow_dag.py                           1           0  0.72s           2025-12-14T15:35:53                      10
================================================================================
[2025-12-14T15:36:50.128+0000] {manager.py:997} INFO - 
================================================================================
DAG File Processing Stats

File Path                             PID    Runtime      # DAGs    # Errors  Last Runtime    Last Run               Last # of DB Queries
------------------------------------  -----  ---------  --------  ----------  --------------  -------------------  ----------------------
/opt/airflow/dags/etl_airflow_dag.py                           1           0  0.75s           2025-12-14T15:36:24                      10
================================================================================
[2025-12-14T15:37:20.452+0000] {manager.py:997} INFO - 
================================================================================
DAG File Processing Stats

File Path                             PID    Runtime      # DAGs    # Errors  Last Runtime    Last Run               Last # of DB Queries
------------------------------------  -----  ---------  --------  ----------  --------------  -------------------  ----------------------
/opt/airflow/dags/etl_airflow_dag.py                           1           0  0.68s           2025-12-14T15:36:55                      10
================================================================================
[2025-12-14T15:37:50.768+0000] {manager.py:997} INFO - 
================================================================================
DAG File Processing Stats

File Path                             PID    Runtime      # DAGs    # Errors  Last Runtime    Last Run               Last # of DB Queries
------------------------------------  -----  ---------  --------  ----------  --------------  -------------------  ----------------------
/opt/airflow/dags/etl_airflow_dag.py                           1           0  0.88s           2025-12-14T15:37:26                      10
================================================================================
[2025-12-14T15:38:21.082+0000] {manager.py:997} INFO - 
================================================================================
DAG File Processing Stats

File Path                             PID    Runtime      # DAGs    # Errors  Last Runtime    Last Run               Last # of DB Queries
------------------------------------  -----  ---------  --------  ----------  --------------  -------------------  ----------------------
/opt/airflow/dags/etl_airflow_dag.py                           1           0  0.72s           2025-12-14T15:37:57                      10
================================================================================
[2025-12-14T15:38:22.088+0000] {manager.py:821} INFO - Searching for files in /opt/airflow/dags
[2025-12-14T15:38:22.124+0000] {manager.py:824} INFO - There are 1 files in /opt/airflow/dags
[2025-12-14T15:38:51.299+0000] {manager.py:997} INFO - 
================================================================================
DAG File Processing Stats

File Path                             PID    Runtime      # DAGs    # Errors  Last Runtime    Last Run               Last # of DB Queries
------------------------------------  -----  ---------  --------  ----------  --------------  -------------------  ----------------------
/opt/airflow/dags/etl_airflow_dag.py                           1           0  0.84s           2025-12-14T15:38:29                      10
================================================================================
[2025-12-14T15:39:21.398+0000] {manager.py:997} INFO - 
================================================================================
DAG File Processing Stats

File Path                             PID    Runtime      # DAGs    # Errors  Last Runtime    Last Run               Last # of DB Queries
------------------------------------  -----  ---------  --------  ----------  --------------  -------------------  ----------------------
/opt/airflow/dags/etl_airflow_dag.py                           1           0  0.75s           2025-12-14T15:39:00                      10
================================================================================
[2025-12-14T15:39:51.457+0000] {manager.py:997} INFO - 
================================================================================
DAG File Processing Stats

File Path                             PID    Runtime      # DAGs    # Errors  Last Runtime    Last Run               Last # of DB Queries
------------------------------------  -----  ---------  --------  ----------  --------------  -------------------  ----------------------
/opt/airflow/dags/etl_airflow_dag.py                           1           0  0.73s           2025-12-14T15:39:31                      10
================================================================================
[2025-12-14T15:40:22.454+0000] {manager.py:997} INFO - 
================================================================================
DAG File Processing Stats

File Path                             PID    Runtime      # DAGs    # Errors  Last Runtime    Last Run               Last # of DB Queries
------------------------------------  -----  ---------  --------  ----------  --------------  -------------------  ----------------------
/opt/airflow/dags/etl_airflow_dag.py                           1           0  0.68s           2025-12-14T15:40:02                      10
================================================================================
[2025-12-14T15:40:52.792+0000] {manager.py:997} INFO - 
================================================================================
DAG File Processing Stats

File Path                             PID    Runtime      # DAGs    # Errors  Last Runtime    Last Run               Last # of DB Queries
------------------------------------  -----  ---------  --------  ----------  --------------  -------------------  ----------------------
/opt/airflow/dags/etl_airflow_dag.py                           1           0  0.68s           2025-12-14T15:40:33                      10
================================================================================
[2025-12-14T15:41:23.074+0000] {manager.py:997} INFO - 
================================================================================
DAG File Processing Stats

File Path                             PID    Runtime      # DAGs    # Errors  Last Runtime    Last Run               Last # of DB Queries
------------------------------------  -----  ---------  --------  ----------  --------------  -------------------  ----------------------
/opt/airflow/dags/etl_airflow_dag.py                           1           0  0.66s           2025-12-14T15:41:04                      10
================================================================================
[2025-12-14T15:41:53.371+0000] {manager.py:997} INFO - 
================================================================================
DAG File Processing Stats

File Path                             PID    Runtime      # DAGs    # Errors  Last Runtime    Last Run               Last # of DB Queries
------------------------------------  -----  ---------  --------  ----------  --------------  -------------------  ----------------------
/opt/airflow/dags/etl_airflow_dag.py                           1           0  0.65s           2025-12-14T15:41:35                      10
================================================================================
[2025-12-14T15:42:23.426+0000] {manager.py:997} INFO - 
================================================================================
DAG File Processing Stats

File Path                             PID    Runtime      # DAGs    # Errors  Last Runtime    Last Run               Last # of DB Queries
------------------------------------  -----  ---------  --------  ----------  --------------  -------------------  ----------------------
/opt/airflow/dags/etl_airflow_dag.py                           1           0  0.74s           2025-12-14T15:42:06                      10
================================================================================
[2025-12-14T15:42:54.288+0000] {manager.py:997} INFO - 
================================================================================
DAG File Processing Stats

File Path                             PID    Runtime      # DAGs    # Errors  Last Runtime    Last Run               Last # of DB Queries
------------------------------------  -----  ---------  --------  ----------  --------------  -------------------  ----------------------
/opt/airflow/dags/etl_airflow_dag.py                           1           0  0.64s           2025-12-14T15:42:37                      10
================================================================================
[2025-12-14T15:43:22.252+0000] {manager.py:821} INFO - Searching for files in /opt/airflow/dags
[2025-12-14T15:43:22.287+0000] {manager.py:824} INFO - There are 1 files in /opt/airflow/dags
[2025-12-14T15:43:24.325+0000] {manager.py:997} INFO - 
================================================================================
DAG File Processing Stats

File Path                             PID    Runtime      # DAGs    # Errors  Last Runtime    Last Run               Last # of DB Queries
------------------------------------  -----  ---------  --------  ----------  --------------  -------------------  ----------------------
/opt/airflow/dags/etl_airflow_dag.py                           1           0  0.67s           2025-12-14T15:43:08                      10
================================================================================
[2025-12-14T15:43:54.329+0000] {manager.py:997} INFO - 
================================================================================
DAG File Processing Stats

File Path                             PID    Runtime      # DAGs    # Errors  Last Runtime    Last Run               Last # of DB Queries
------------------------------------  -----  ---------  --------  ----------  --------------  -------------------  ----------------------
/opt/airflow/dags/etl_airflow_dag.py                           1           0  0.68s           2025-12-14T15:43:39                      10
================================================================================
[2025-12-14T15:44:25.266+0000] {manager.py:997} INFO - 
================================================================================
DAG File Processing Stats

File Path                             PID    Runtime      # DAGs    # Errors  Last Runtime    Last Run               Last # of DB Queries
------------------------------------  -----  ---------  --------  ----------  --------------  -------------------  ----------------------
/opt/airflow/dags/etl_airflow_dag.py                           1           0  0.64s           2025-12-14T15:44:10                      10
================================================================================
[2025-12-14T15:44:55.615+0000] {manager.py:997} INFO - 
================================================================================
DAG File Processing Stats

File Path                             PID    Runtime      # DAGs    # Errors  Last Runtime    Last Run               Last # of DB Queries
------------------------------------  -----  ---------  --------  ----------  --------------  -------------------  ----------------------
/opt/airflow/dags/etl_airflow_dag.py                           1           0  0.65s           2025-12-14T15:44:41                      10
================================================================================
[2025-12-14T15:45:25.774+0000] {manager.py:997} INFO - 
================================================================================
DAG File Processing Stats

File Path                             PID    Runtime      # DAGs    # Errors  Last Runtime    Last Run               Last # of DB Queries
------------------------------------  -----  ---------  --------  ----------  --------------  -------------------  ----------------------
/opt/airflow/dags/etl_airflow_dag.py                           1           0  1.26s           2025-12-14T15:45:12                      10
================================================================================
[2025-12-14T15:45:56.055+0000] {manager.py:997} INFO - 
================================================================================
DAG File Processing Stats

File Path                             PID    Runtime      # DAGs    # Errors  Last Runtime    Last Run               Last # of DB Queries
------------------------------------  -----  ---------  --------  ----------  --------------  -------------------  ----------------------
/opt/airflow/dags/etl_airflow_dag.py                           1           0  0.71s           2025-12-14T15:45:43                      10
================================================================================
[2025-12-14T15:46:26.349+0000] {manager.py:997} INFO - 
================================================================================
DAG File Processing Stats

File Path                             PID    Runtime      # DAGs    # Errors  Last Runtime    Last Run               Last # of DB Queries
------------------------------------  -----  ---------  --------  ----------  --------------  -------------------  ----------------------
/opt/airflow/dags/etl_airflow_dag.py                           1           0  0.65s           2025-12-14T15:46:14                      10
================================================================================
[2025-12-14T15:46:56.456+0000] {manager.py:997} INFO - 
================================================================================
DAG File Processing Stats

File Path                             PID    Runtime      # DAGs    # Errors  Last Runtime    Last Run               Last # of DB Queries
------------------------------------  -----  ---------  --------  ----------  --------------  -------------------  ----------------------
/opt/airflow/dags/etl_airflow_dag.py                           1           0  0.78s           2025-12-14T15:46:45                      10
================================================================================
[2025-12-14T15:47:26.477+0000] {manager.py:997} INFO - 
================================================================================
DAG File Processing Stats

File Path                             PID    Runtime      # DAGs    # Errors  Last Runtime    Last Run               Last # of DB Queries
------------------------------------  -----  ---------  --------  ----------  --------------  -------------------  ----------------------
/opt/airflow/dags/etl_airflow_dag.py                           1           0  0.69s           2025-12-14T15:47:16                      10
================================================================================
[2025-12-14T15:47:56.587+0000] {manager.py:997} INFO - 
================================================================================
DAG File Processing Stats

File Path                             PID    Runtime      # DAGs    # Errors  Last Runtime    Last Run               Last # of DB Queries
------------------------------------  -----  ---------  --------  ----------  --------------  -------------------  ----------------------
/opt/airflow/dags/etl_airflow_dag.py                           1           0  0.77s           2025-12-14T15:47:47                      10
================================================================================
[2025-12-14T15:48:22.458+0000] {manager.py:821} INFO - Searching for files in /opt/airflow/dags
[2025-12-14T15:48:22.490+0000] {manager.py:824} INFO - There are 1 files in /opt/airflow/dags
[2025-12-14T15:48:26.895+0000] {manager.py:997} INFO - 
================================================================================
DAG File Processing Stats

File Path                             PID    Runtime      # DAGs    # Errors  Last Runtime    Last Run               Last # of DB Queries
------------------------------------  -----  ---------  --------  ----------  --------------  -------------------  ----------------------
/opt/airflow/dags/etl_airflow_dag.py                           1           0  0.72s           2025-12-14T15:48:18                      10
================================================================================
[2025-12-14T15:48:57.195+0000] {manager.py:997} INFO - 
================================================================================
DAG File Processing Stats

File Path                             PID    Runtime      # DAGs    # Errors  Last Runtime    Last Run               Last # of DB Queries
------------------------------------  -----  ---------  --------  ----------  --------------  -------------------  ----------------------
/opt/airflow/dags/etl_airflow_dag.py                           1           0  0.76s           2025-12-14T15:48:49                      10
================================================================================
[2025-12-14T15:49:27.506+0000] {manager.py:997} INFO - 
================================================================================
DAG File Processing Stats

File Path                             PID    Runtime      # DAGs    # Errors  Last Runtime    Last Run               Last # of DB Queries
------------------------------------  -----  ---------  --------  ----------  --------------  -------------------  ----------------------
/opt/airflow/dags/etl_airflow_dag.py                           1           0  0.71s           2025-12-14T15:49:20                      10
================================================================================
[2025-12-14T15:49:57.603+0000] {manager.py:997} INFO - 
================================================================================
DAG File Processing Stats

File Path                             PID    Runtime      # DAGs    # Errors  Last Runtime    Last Run               Last # of DB Queries
------------------------------------  -----  ---------  --------  ----------  --------------  -------------------  ----------------------
/opt/airflow/dags/etl_airflow_dag.py                           1           0  0.73s           2025-12-14T15:49:51                      10
================================================================================
[2025-12-14T15:50:27.712+0000] {manager.py:997} INFO - 
================================================================================
DAG File Processing Stats

File Path                             PID    Runtime      # DAGs    # Errors  Last Runtime    Last Run               Last # of DB Queries
------------------------------------  -----  ---------  --------  ----------  --------------  -------------------  ----------------------
/opt/airflow/dags/etl_airflow_dag.py                           1           0  0.77s           2025-12-14T15:50:22                      10
================================================================================
[2025-12-14T15:50:57.871+0000] {manager.py:997} INFO - 
================================================================================
DAG File Processing Stats

File Path                             PID    Runtime      # DAGs    # Errors  Last Runtime    Last Run               Last # of DB Queries
------------------------------------  -----  ---------  --------  ----------  --------------  -------------------  ----------------------
/opt/airflow/dags/etl_airflow_dag.py                           1           0  0.84s           2025-12-14T15:50:53                      10
================================================================================
[2025-12-14T15:51:28.162+0000] {manager.py:997} INFO - 
================================================================================
DAG File Processing Stats

File Path                             PID    Runtime      # DAGs    # Errors  Last Runtime    Last Run               Last # of DB Queries
------------------------------------  -----  ---------  --------  ----------  --------------  -------------------  ----------------------
/opt/airflow/dags/etl_airflow_dag.py                           1           0  0.73s           2025-12-14T15:51:24                      10
================================================================================
[2025-12-14T15:51:58.458+0000] {manager.py:997} INFO - 
================================================================================
DAG File Processing Stats

File Path                             PID    Runtime      # DAGs    # Errors  Last Runtime    Last Run               Last # of DB Queries
------------------------------------  -----  ---------  --------  ----------  --------------  -------------------  ----------------------
/opt/airflow/dags/etl_airflow_dag.py                           1           0  0.78s           2025-12-14T15:51:55                      10
================================================================================
[2025-12-14T15:52:28.757+0000] {manager.py:997} INFO - 
================================================================================
DAG File Processing Stats

File Path                             PID    Runtime      # DAGs    # Errors  Last Runtime    Last Run               Last # of DB Queries
------------------------------------  -----  ---------  --------  ----------  --------------  -------------------  ----------------------
/opt/airflow/dags/etl_airflow_dag.py                           1           0  0.77s           2025-12-14T15:52:26                      10
================================================================================
[2025-12-14T15:52:58.857+0000] {manager.py:997} INFO - 
================================================================================
DAG File Processing Stats

File Path                             PID    Runtime      # DAGs    # Errors  Last Runtime    Last Run               Last # of DB Queries
------------------------------------  -----  ---------  --------  ----------  --------------  -------------------  ----------------------
/opt/airflow/dags/etl_airflow_dag.py                           1           0  0.75s           2025-12-14T15:52:57                      10
================================================================================
[2025-12-14T15:53:23.110+0000] {manager.py:821} INFO - Searching for files in /opt/airflow/dags
[2025-12-14T15:53:23.151+0000] {manager.py:824} INFO - There are 1 files in /opt/airflow/dags
[2025-12-14T15:53:28.920+0000] {manager.py:997} INFO - 
================================================================================
DAG File Processing Stats

File Path                             PID    Runtime      # DAGs    # Errors  Last Runtime    Last Run               Last # of DB Queries
------------------------------------  -----  ---------  --------  ----------  --------------  -------------------  ----------------------
/opt/airflow/dags/etl_airflow_dag.py                           1           0  0.67s           2025-12-14T15:53:28                      10
================================================================================
[2025-12-14T15:53:59.246+0000] {manager.py:997} INFO - 
================================================================================
DAG File Processing Stats

File Path                               PID  Runtime      # DAGs    # Errors  Last Runtime    Last Run               Last # of DB Queries
------------------------------------  -----  ---------  --------  ----------  --------------  -------------------  ----------------------
/opt/airflow/dags/etl_airflow_dag.py   1570  0.01s             1           0  0.67s           2025-12-14T15:53:28                      10
================================================================================
[2025-12-14T15:54:29.259+0000] {manager.py:997} INFO - 
================================================================================
DAG File Processing Stats

File Path                             PID    Runtime      # DAGs    # Errors  Last Runtime    Last Run               Last # of DB Queries
------------------------------------  -----  ---------  --------  ----------  --------------  -------------------  ----------------------
/opt/airflow/dags/etl_airflow_dag.py                           1           0  0.73s           2025-12-14T15:53:59                      10
================================================================================
[2025-12-14T15:54:59.570+0000] {manager.py:997} INFO - 
================================================================================
DAG File Processing Stats

File Path                             PID    Runtime      # DAGs    # Errors  Last Runtime    Last Run               Last # of DB Queries
------------------------------------  -----  ---------  --------  ----------  --------------  -------------------  ----------------------
/opt/airflow/dags/etl_airflow_dag.py                           1           0  0.68s           2025-12-14T15:54:30                      10
================================================================================
[2025-12-14T15:55:29.890+0000] {manager.py:997} INFO - 
================================================================================
DAG File Processing Stats

File Path                             PID    Runtime      # DAGs    # Errors  Last Runtime    Last Run               Last # of DB Queries
------------------------------------  -----  ---------  --------  ----------  --------------  -------------------  ----------------------
/opt/airflow/dags/etl_airflow_dag.py                           1           0  0.75s           2025-12-14T15:55:01                      10
================================================================================
[2025-12-14T15:56:00.401+0000] {manager.py:997} INFO - 
================================================================================
DAG File Processing Stats

File Path                             PID    Runtime      # DAGs    # Errors  Last Runtime    Last Run               Last # of DB Queries
------------------------------------  -----  ---------  --------  ----------  --------------  -------------------  ----------------------
/opt/airflow/dags/etl_airflow_dag.py                           1           0  0.67s           2025-12-14T15:55:32                      10
================================================================================
[2025-12-14T15:56:30.724+0000] {manager.py:997} INFO - 
================================================================================
DAG File Processing Stats

File Path                             PID    Runtime      # DAGs    # Errors  Last Runtime    Last Run               Last # of DB Queries
------------------------------------  -----  ---------  --------  ----------  --------------  -------------------  ----------------------
/opt/airflow/dags/etl_airflow_dag.py                           1           0  0.67s           2025-12-14T15:56:03                      10
================================================================================
[2025-12-14T15:57:00.752+0000] {manager.py:997} INFO - 
================================================================================
DAG File Processing Stats

File Path                             PID    Runtime      # DAGs    # Errors  Last Runtime    Last Run               Last # of DB Queries
------------------------------------  -----  ---------  --------  ----------  --------------  -------------------  ----------------------
/opt/airflow/dags/etl_airflow_dag.py                           1           0  0.71s           2025-12-14T15:56:34                      10
================================================================================
[2025-12-14T15:57:30.752+0000] {manager.py:997} INFO - 
================================================================================
DAG File Processing Stats

File Path                             PID    Runtime      # DAGs    # Errors  Last Runtime    Last Run               Last # of DB Queries
------------------------------------  -----  ---------  --------  ----------  --------------  -------------------  ----------------------
/opt/airflow/dags/etl_airflow_dag.py                           1           0  0.71s           2025-12-14T15:57:05                      10
================================================================================
[2025-12-14T15:58:01.725+0000] {manager.py:997} INFO - 
================================================================================
DAG File Processing Stats

File Path                             PID    Runtime      # DAGs    # Errors  Last Runtime    Last Run               Last # of DB Queries
------------------------------------  -----  ---------  --------  ----------  --------------  -------------------  ----------------------
/opt/airflow/dags/etl_airflow_dag.py                           1           0  0.71s           2025-12-14T15:57:36                      10
================================================================================
[2025-12-14T15:58:23.843+0000] {manager.py:821} INFO - Searching for files in /opt/airflow/dags
[2025-12-14T15:58:23.874+0000] {manager.py:824} INFO - There are 1 files in /opt/airflow/dags
[2025-12-14T15:58:31.987+0000] {manager.py:997} INFO - 
================================================================================
DAG File Processing Stats

File Path                             PID    Runtime      # DAGs    # Errors  Last Runtime    Last Run               Last # of DB Queries
------------------------------------  -----  ---------  --------  ----------  --------------  -------------------  ----------------------
/opt/airflow/dags/etl_airflow_dag.py                           1           0  0.88s           2025-12-14T15:58:07                      10
================================================================================
[2025-12-14T15:59:02.320+0000] {manager.py:997} INFO - 
================================================================================
DAG File Processing Stats

File Path                             PID    Runtime      # DAGs    # Errors  Last Runtime    Last Run               Last # of DB Queries
------------------------------------  -----  ---------  --------  ----------  --------------  -------------------  ----------------------
/opt/airflow/dags/etl_airflow_dag.py                           1           0  0.67s           2025-12-14T15:58:38                      10
================================================================================
[2025-12-14T15:59:32.609+0000] {manager.py:997} INFO - 
================================================================================
DAG File Processing Stats

File Path                             PID    Runtime      # DAGs    # Errors  Last Runtime    Last Run               Last # of DB Queries
------------------------------------  -----  ---------  --------  ----------  --------------  -------------------  ----------------------
/opt/airflow/dags/etl_airflow_dag.py                           1           0  0.77s           2025-12-14T15:59:09                      10
================================================================================
[2025-12-14T16:00:02.907+0000] {manager.py:997} INFO - 
================================================================================
DAG File Processing Stats

File Path                             PID    Runtime      # DAGs    # Errors  Last Runtime    Last Run               Last # of DB Queries
------------------------------------  -----  ---------  --------  ----------  --------------  -------------------  ----------------------
/opt/airflow/dags/etl_airflow_dag.py                           1           0  0.65s           2025-12-14T15:59:40                      10
================================================================================
[2025-12-14T16:00:33.261+0000] {manager.py:997} INFO - 
================================================================================
DAG File Processing Stats

File Path                             PID    Runtime      # DAGs    # Errors  Last Runtime    Last Run               Last # of DB Queries
------------------------------------  -----  ---------  --------  ----------  --------------  -------------------  ----------------------
/opt/airflow/dags/etl_airflow_dag.py                           1           0  0.65s           2025-12-14T16:00:11                      10
================================================================================
[2025-12-14T16:01:03.577+0000] {manager.py:997} INFO - 
================================================================================
DAG File Processing Stats

File Path                             PID    Runtime      # DAGs    # Errors  Last Runtime    Last Run               Last # of DB Queries
------------------------------------  -----  ---------  --------  ----------  --------------  -------------------  ----------------------
/opt/airflow/dags/etl_airflow_dag.py                           1           0  0.67s           2025-12-14T16:00:42                      10
================================================================================
[2025-12-14T16:01:34.103+0000] {manager.py:997} INFO - 
================================================================================
DAG File Processing Stats

File Path                             PID    Runtime      # DAGs    # Errors  Last Runtime    Last Run               Last # of DB Queries
------------------------------------  -----  ---------  --------  ----------  --------------  -------------------  ----------------------
/opt/airflow/dags/etl_airflow_dag.py                           1           0  0.64s           2025-12-14T16:01:13                      10
================================================================================
[2025-12-14T16:02:04.441+0000] {manager.py:997} INFO - 
================================================================================
DAG File Processing Stats

File Path                             PID    Runtime      # DAGs    # Errors  Last Runtime    Last Run               Last # of DB Queries
------------------------------------  -----  ---------  --------  ----------  --------------  -------------------  ----------------------
/opt/airflow/dags/etl_airflow_dag.py                           1           0  0.69s           2025-12-14T16:01:44                      10
================================================================================
[2025-12-14T16:02:34.471+0000] {manager.py:997} INFO - 
================================================================================
DAG File Processing Stats

File Path                             PID    Runtime      # DAGs    # Errors  Last Runtime    Last Run               Last # of DB Queries
------------------------------------  -----  ---------  --------  ----------  --------------  -------------------  ----------------------
/opt/airflow/dags/etl_airflow_dag.py                           1           0  0.69s           2025-12-14T16:02:15                      10
================================================================================
[2025-12-14T16:03:05.089+0000] {manager.py:997} INFO - 
================================================================================
DAG File Processing Stats

File Path                             PID    Runtime      # DAGs    # Errors  Last Runtime    Last Run               Last # of DB Queries
------------------------------------  -----  ---------  --------  ----------  --------------  -------------------  ----------------------
/opt/airflow/dags/etl_airflow_dag.py                           1           0  0.69s           2025-12-14T16:02:46                      10
================================================================================
[2025-12-14T16:03:24.273+0000] {manager.py:821} INFO - Searching for files in /opt/airflow/dags
[2025-12-14T16:03:24.307+0000] {manager.py:824} INFO - There are 1 files in /opt/airflow/dags
[2025-12-14T16:03:35.440+0000] {manager.py:997} INFO - 
================================================================================
DAG File Processing Stats

File Path                             PID    Runtime      # DAGs    # Errors  Last Runtime    Last Run               Last # of DB Queries
------------------------------------  -----  ---------  --------  ----------  --------------  -------------------  ----------------------
/opt/airflow/dags/etl_airflow_dag.py                           1           0  0.70s           2025-12-14T16:03:17                      10
================================================================================
[2025-12-14T16:04:05.440+0000] {manager.py:997} INFO - 
================================================================================
DAG File Processing Stats

File Path                             PID    Runtime      # DAGs    # Errors  Last Runtime    Last Run               Last # of DB Queries
------------------------------------  -----  ---------  --------  ----------  --------------  -------------------  ----------------------
/opt/airflow/dags/etl_airflow_dag.py                           1           0  0.68s           2025-12-14T16:03:48                      10
================================================================================
[2025-12-14T16:04:35.516+0000] {manager.py:997} INFO - 
================================================================================
DAG File Processing Stats

File Path                             PID    Runtime      # DAGs    # Errors  Last Runtime    Last Run               Last # of DB Queries
------------------------------------  -----  ---------  --------  ----------  --------------  -------------------  ----------------------
/opt/airflow/dags/etl_airflow_dag.py                           1           0  0.75s           2025-12-14T16:04:19                      10
================================================================================
[2025-12-14T16:05:05.639+0000] {manager.py:997} INFO - 
================================================================================
DAG File Processing Stats

File Path                             PID    Runtime      # DAGs    # Errors  Last Runtime    Last Run               Last # of DB Queries
------------------------------------  -----  ---------  --------  ----------  --------------  -------------------  ----------------------
/opt/airflow/dags/etl_airflow_dag.py                           1           0  0.78s           2025-12-14T16:04:50                      10
================================================================================
[2025-12-14T16:05:35.924+0000] {manager.py:997} INFO - 
================================================================================
DAG File Processing Stats

File Path                             PID    Runtime      # DAGs    # Errors  Last Runtime    Last Run               Last # of DB Queries
------------------------------------  -----  ---------  --------  ----------  --------------  -------------------  ----------------------
/opt/airflow/dags/etl_airflow_dag.py                           1           0  0.76s           2025-12-14T16:05:21                      10
================================================================================
[2025-12-14T16:06:06.226+0000] {manager.py:997} INFO - 
================================================================================
DAG File Processing Stats

File Path                             PID    Runtime      # DAGs    # Errors  Last Runtime    Last Run               Last # of DB Queries
------------------------------------  -----  ---------  --------  ----------  --------------  -------------------  ----------------------
/opt/airflow/dags/etl_airflow_dag.py                           1           0  0.82s           2025-12-14T16:05:52                      10
================================================================================
[2025-12-14T16:06:36.549+0000] {manager.py:997} INFO - 
================================================================================
DAG File Processing Stats

File Path                             PID    Runtime      # DAGs    # Errors  Last Runtime    Last Run               Last # of DB Queries
------------------------------------  -----  ---------  --------  ----------  --------------  -------------------  ----------------------
/opt/airflow/dags/etl_airflow_dag.py                           1           0  0.73s           2025-12-14T16:06:23                      10
================================================================================
[2025-12-14T16:07:06.609+0000] {manager.py:997} INFO - 
================================================================================
DAG File Processing Stats

File Path                             PID    Runtime      # DAGs    # Errors  Last Runtime    Last Run               Last # of DB Queries
------------------------------------  -----  ---------  --------  ----------  --------------  -------------------  ----------------------
/opt/airflow/dags/etl_airflow_dag.py                           1           0  0.72s           2025-12-14T16:06:54                      10
================================================================================
[2025-12-14T16:07:36.656+0000] {manager.py:997} INFO - 
================================================================================
DAG File Processing Stats

File Path                             PID    Runtime      # DAGs    # Errors  Last Runtime    Last Run               Last # of DB Queries
------------------------------------  -----  ---------  --------  ----------  --------------  -------------------  ----------------------
/opt/airflow/dags/etl_airflow_dag.py                           1           0  0.71s           2025-12-14T16:07:25                      10
================================================================================
[2025-12-14T16:08:06.723+0000] {manager.py:997} INFO - 
================================================================================
DAG File Processing Stats

File Path                             PID    Runtime      # DAGs    # Errors  Last Runtime    Last Run               Last # of DB Queries
------------------------------------  -----  ---------  --------  ----------  --------------  -------------------  ----------------------
/opt/airflow/dags/etl_airflow_dag.py                           1           0  0.76s           2025-12-14T16:07:56                      10
================================================================================
[2025-12-14T16:08:24.774+0000] {manager.py:821} INFO - Searching for files in /opt/airflow/dags
[2025-12-14T16:08:24.805+0000] {manager.py:824} INFO - There are 1 files in /opt/airflow/dags
[2025-12-14T16:08:36.996+0000] {manager.py:997} INFO - 
================================================================================
DAG File Processing Stats

File Path                             PID    Runtime      # DAGs    # Errors  Last Runtime    Last Run               Last # of DB Queries
------------------------------------  -----  ---------  --------  ----------  --------------  -------------------  ----------------------
/opt/airflow/dags/etl_airflow_dag.py                           1           0  0.71s           2025-12-14T16:08:27                      10
================================================================================
[2025-12-14T16:18:47.342+0000] {manager.py:821} INFO - Searching for files in /opt/airflow/dags
[2025-12-14T16:18:47.577+0000] {manager.py:824} INFO - There are 1 files in /opt/airflow/dags
[2025-12-14T16:19:58.484+0000] {manager.py:997} INFO - 
================================================================================
DAG File Processing Stats

File Path                               PID  Runtime      # DAGs    # Errors  Last Runtime    Last Run               Last # of DB Queries
------------------------------------  -----  ---------  --------  ----------  --------------  -------------------  ----------------------
/opt/airflow/dags/etl_airflow_dag.py   1756  1.05s             1           0  14.92s          2025-12-14T16:19:02                      10
================================================================================
[2025-12-14T16:20:28.915+0000] {manager.py:997} INFO - 
================================================================================
DAG File Processing Stats

File Path                               PID  Runtime      # DAGs    # Errors  Last Runtime    Last Run               Last # of DB Queries
------------------------------------  -----  ---------  --------  ----------  --------------  -------------------  ----------------------
/opt/airflow/dags/etl_airflow_dag.py   1762  0.01s             1           0  1.29s           2025-12-14T16:19:58                      10
================================================================================
[2025-12-14T16:20:58.997+0000] {manager.py:997} INFO - 
================================================================================
DAG File Processing Stats

File Path                             PID    Runtime      # DAGs    # Errors  Last Runtime    Last Run               Last # of DB Queries
------------------------------------  -----  ---------  --------  ----------  --------------  -------------------  ----------------------
/opt/airflow/dags/etl_airflow_dag.py                           1           0  0.76s           2025-12-14T16:20:29                      10
================================================================================
[2025-12-14T16:21:29.040+0000] {manager.py:997} INFO - 
================================================================================
DAG File Processing Stats

File Path                             PID    Runtime      # DAGs    # Errors  Last Runtime    Last Run               Last # of DB Queries
------------------------------------  -----  ---------  --------  ----------  --------------  -------------------  ----------------------
/opt/airflow/dags/etl_airflow_dag.py                           1           0  0.70s           2025-12-14T16:21:00                      10
================================================================================
[2025-12-14T16:21:59.096+0000] {manager.py:997} INFO - 
================================================================================
DAG File Processing Stats

File Path                             PID    Runtime      # DAGs    # Errors  Last Runtime    Last Run               Last # of DB Queries
------------------------------------  -----  ---------  --------  ----------  --------------  -------------------  ----------------------
/opt/airflow/dags/etl_airflow_dag.py                           1           0  0.88s           2025-12-14T16:21:31                      10
================================================================================
[2025-12-14T16:22:29.377+0000] {manager.py:997} INFO - 
================================================================================
DAG File Processing Stats

File Path                             PID    Runtime      # DAGs    # Errors  Last Runtime    Last Run               Last # of DB Queries
------------------------------------  -----  ---------  --------  ----------  --------------  -------------------  ----------------------
/opt/airflow/dags/etl_airflow_dag.py                           1           0  0.91s           2025-12-14T16:22:03                      10
================================================================================
[2025-12-14T16:22:59.512+0000] {manager.py:997} INFO - 
================================================================================
DAG File Processing Stats

File Path                             PID    Runtime      # DAGs    # Errors  Last Runtime    Last Run               Last # of DB Queries
------------------------------------  -----  ---------  --------  ----------  --------------  -------------------  ----------------------
/opt/airflow/dags/etl_airflow_dag.py                           1           0  0.80s           2025-12-14T16:22:34                      10
================================================================================
[2025-12-14T16:23:29.648+0000] {manager.py:997} INFO - 
================================================================================
DAG File Processing Stats

File Path                             PID    Runtime      # DAGs    # Errors  Last Runtime    Last Run               Last # of DB Queries
------------------------------------  -----  ---------  --------  ----------  --------------  -------------------  ----------------------
/opt/airflow/dags/etl_airflow_dag.py                           1           0  0.76s           2025-12-14T16:23:05                      10
================================================================================
[2025-12-14T16:23:47.943+0000] {manager.py:821} INFO - Searching for files in /opt/airflow/dags
[2025-12-14T16:23:47.986+0000] {manager.py:824} INFO - There are 1 files in /opt/airflow/dags
[2025-12-14T16:24:00.187+0000] {manager.py:997} INFO - 
================================================================================
DAG File Processing Stats

File Path                             PID    Runtime      # DAGs    # Errors  Last Runtime    Last Run               Last # of DB Queries
------------------------------------  -----  ---------  --------  ----------  --------------  -------------------  ----------------------
/opt/airflow/dags/etl_airflow_dag.py                           1           0  1.23s           2025-12-14T16:23:36                      10
================================================================================
[2025-12-14T16:24:30.731+0000] {manager.py:997} INFO - 
================================================================================
DAG File Processing Stats

File Path                             PID    Runtime      # DAGs    # Errors  Last Runtime    Last Run               Last # of DB Queries
------------------------------------  -----  ---------  --------  ----------  --------------  -------------------  ----------------------
/opt/airflow/dags/etl_airflow_dag.py                           1           0  1.34s           2025-12-14T16:24:08                      10
================================================================================
[2025-12-14T16:25:01.225+0000] {manager.py:997} INFO - 
================================================================================
DAG File Processing Stats

File Path                             PID    Runtime      # DAGs    # Errors  Last Runtime    Last Run               Last # of DB Queries
------------------------------------  -----  ---------  --------  ----------  --------------  -------------------  ----------------------
/opt/airflow/dags/etl_airflow_dag.py                           1           0  1.24s           2025-12-14T16:24:40                      10
================================================================================
[2025-12-14T16:25:31.809+0000] {manager.py:997} INFO - 
================================================================================
DAG File Processing Stats

File Path                             PID    Runtime      # DAGs    # Errors  Last Runtime    Last Run               Last # of DB Queries
------------------------------------  -----  ---------  --------  ----------  --------------  -------------------  ----------------------
/opt/airflow/dags/etl_airflow_dag.py                           1           0  1.40s           2025-12-14T16:25:11                      10
================================================================================
[2025-12-14T16:26:02.541+0000] {manager.py:997} INFO - 
================================================================================
DAG File Processing Stats

File Path                             PID    Runtime      # DAGs    # Errors  Last Runtime    Last Run               Last # of DB Queries
------------------------------------  -----  ---------  --------  ----------  --------------  -------------------  ----------------------
/opt/airflow/dags/etl_airflow_dag.py                           1           0  1.53s           2025-12-14T16:25:43                      10
================================================================================
[2025-12-14T16:26:33.272+0000] {manager.py:997} INFO - 
================================================================================
DAG File Processing Stats

File Path                             PID    Runtime      # DAGs    # Errors  Last Runtime    Last Run               Last # of DB Queries
------------------------------------  -----  ---------  --------  ----------  --------------  -------------------  ----------------------
/opt/airflow/dags/etl_airflow_dag.py                           1           0  1.35s           2025-12-14T16:26:15                      10
================================================================================
[2025-12-14T16:27:03.812+0000] {manager.py:997} INFO - 
================================================================================
DAG File Processing Stats

File Path                             PID    Runtime      # DAGs    # Errors  Last Runtime    Last Run               Last # of DB Queries
------------------------------------  -----  ---------  --------  ----------  --------------  -------------------  ----------------------
/opt/airflow/dags/etl_airflow_dag.py                           1           0  1.28s           2025-12-14T16:26:46                      10
================================================================================
[2025-12-14T16:27:34.454+0000] {manager.py:997} INFO - 
================================================================================
DAG File Processing Stats

File Path                             PID    Runtime      # DAGs    # Errors  Last Runtime    Last Run               Last # of DB Queries
------------------------------------  -----  ---------  --------  ----------  --------------  -------------------  ----------------------
/opt/airflow/dags/etl_airflow_dag.py                           1           0  1.32s           2025-12-14T16:27:18                      10
================================================================================
[2025-12-14T16:28:05.031+0000] {manager.py:997} INFO - 
================================================================================
DAG File Processing Stats

File Path                             PID    Runtime      # DAGs    # Errors  Last Runtime    Last Run               Last # of DB Queries
------------------------------------  -----  ---------  --------  ----------  --------------  -------------------  ----------------------
/opt/airflow/dags/etl_airflow_dag.py                           1           0  1.25s           2025-12-14T16:27:49                      10
================================================================================
[2025-12-14T16:28:35.614+0000] {manager.py:997} INFO - 
================================================================================
DAG File Processing Stats

File Path                             PID    Runtime      # DAGs    # Errors  Last Runtime    Last Run               Last # of DB Queries
------------------------------------  -----  ---------  --------  ----------  --------------  -------------------  ----------------------
/opt/airflow/dags/etl_airflow_dag.py                           1           0  1.36s           2025-12-14T16:28:21                      10
================================================================================
[2025-12-14T16:28:48.069+0000] {manager.py:821} INFO - Searching for files in /opt/airflow/dags
[2025-12-14T16:28:48.126+0000] {manager.py:824} INFO - There are 1 files in /opt/airflow/dags
[2025-12-14T16:29:06.482+0000] {manager.py:997} INFO - 
================================================================================
DAG File Processing Stats

File Path                             PID    Runtime      # DAGs    # Errors  Last Runtime    Last Run               Last # of DB Queries
------------------------------------  -----  ---------  --------  ----------  --------------  -------------------  ----------------------
/opt/airflow/dags/etl_airflow_dag.py                           1           0  1.50s           2025-12-14T16:28:53                      10
================================================================================
[2025-12-14T16:29:36.984+0000] {manager.py:997} INFO - 
================================================================================
DAG File Processing Stats

File Path                             PID    Runtime      # DAGs    # Errors  Last Runtime    Last Run               Last # of DB Queries
------------------------------------  -----  ---------  --------  ----------  --------------  -------------------  ----------------------
/opt/airflow/dags/etl_airflow_dag.py                           1           0  1.30s           2025-12-14T16:29:25                      10
================================================================================
[2025-12-14T16:30:07.671+0000] {manager.py:997} INFO - 
================================================================================
DAG File Processing Stats

File Path                             PID    Runtime      # DAGs    # Errors  Last Runtime    Last Run               Last # of DB Queries
------------------------------------  -----  ---------  --------  ----------  --------------  -------------------  ----------------------
/opt/airflow/dags/etl_airflow_dag.py                           1           0  1.41s           2025-12-14T16:29:56                      10
================================================================================
[2025-12-14T16:30:38.314+0000] {manager.py:997} INFO - 
================================================================================
DAG File Processing Stats

File Path                             PID    Runtime      # DAGs    # Errors  Last Runtime    Last Run               Last # of DB Queries
------------------------------------  -----  ---------  --------  ----------  --------------  -------------------  ----------------------
/opt/airflow/dags/etl_airflow_dag.py                           1           0  1.39s           2025-12-14T16:30:28                      10
================================================================================
[2025-12-14T16:31:09.129+0000] {manager.py:997} INFO - 
================================================================================
DAG File Processing Stats

File Path                             PID    Runtime      # DAGs    # Errors  Last Runtime    Last Run               Last # of DB Queries
------------------------------------  -----  ---------  --------  ----------  --------------  -------------------  ----------------------
/opt/airflow/dags/etl_airflow_dag.py                           1           0  1.34s           2025-12-14T16:31:00                      10
================================================================================
[2025-12-14T16:31:39.201+0000] {manager.py:997} INFO - 
================================================================================
DAG File Processing Stats

File Path                             PID    Runtime      # DAGs    # Errors  Last Runtime    Last Run               Last # of DB Queries
------------------------------------  -----  ---------  --------  ----------  --------------  -------------------  ----------------------
/opt/airflow/dags/etl_airflow_dag.py                           1           0  1.39s           2025-12-14T16:31:32                      10
================================================================================
[2025-12-14T16:32:09.739+0000] {manager.py:997} INFO - 
================================================================================
DAG File Processing Stats

File Path                             PID    Runtime      # DAGs    # Errors  Last Runtime    Last Run               Last # of DB Queries
------------------------------------  -----  ---------  --------  ----------  --------------  -------------------  ----------------------
/opt/airflow/dags/etl_airflow_dag.py                           1           0  1.45s           2025-12-14T16:32:03                      10
================================================================================
[2025-12-14T16:32:40.291+0000] {manager.py:997} INFO - 
================================================================================
DAG File Processing Stats

File Path                             PID    Runtime      # DAGs    # Errors  Last Runtime    Last Run               Last # of DB Queries
------------------------------------  -----  ---------  --------  ----------  --------------  -------------------  ----------------------
/opt/airflow/dags/etl_airflow_dag.py                           1           0  1.44s           2025-12-14T16:32:35                      10
================================================================================
[2025-12-14T16:33:10.831+0000] {manager.py:997} INFO - 
================================================================================
DAG File Processing Stats

File Path                             PID    Runtime      # DAGs    # Errors  Last Runtime    Last Run               Last # of DB Queries
------------------------------------  -----  ---------  --------  ----------  --------------  -------------------  ----------------------
/opt/airflow/dags/etl_airflow_dag.py                           1           0  1.31s           2025-12-14T16:33:07                      10
================================================================================
[2025-12-14T16:33:41.618+0000] {manager.py:997} INFO - 
================================================================================
DAG File Processing Stats

File Path                             PID    Runtime      # DAGs    # Errors  Last Runtime    Last Run               Last # of DB Queries
------------------------------------  -----  ---------  --------  ----------  --------------  -------------------  ----------------------
/opt/airflow/dags/etl_airflow_dag.py                           1           0  1.34s           2025-12-14T16:33:38                      10
================================================================================
[2025-12-14T16:33:48.706+0000] {manager.py:821} INFO - Searching for files in /opt/airflow/dags
[2025-12-14T16:33:48.758+0000] {manager.py:824} INFO - There are 1 files in /opt/airflow/dags
[2025-12-14T16:34:12.218+0000] {manager.py:997} INFO - 
================================================================================
DAG File Processing Stats

File Path                             PID    Runtime      # DAGs    # Errors  Last Runtime    Last Run               Last # of DB Queries
------------------------------------  -----  ---------  --------  ----------  --------------  -------------------  ----------------------
/opt/airflow/dags/etl_airflow_dag.py                           1           0  1.33s           2025-12-14T16:34:10                      10
================================================================================
[2025-12-14T16:34:42.453+0000] {manager.py:997} INFO - 
================================================================================
DAG File Processing Stats

File Path                             PID    Runtime      # DAGs    # Errors  Last Runtime    Last Run               Last # of DB Queries
------------------------------------  -----  ---------  --------  ----------  --------------  -------------------  ----------------------
/opt/airflow/dags/etl_airflow_dag.py                           1           0  1.62s           2025-12-14T16:34:42                      10
================================================================================
[2025-12-14T16:35:12.518+0000] {manager.py:997} INFO - 
================================================================================
DAG File Processing Stats

File Path                               PID  Runtime      # DAGs    # Errors  Last Runtime    Last Run               Last # of DB Queries
------------------------------------  -----  ---------  --------  ----------  --------------  -------------------  ----------------------
/opt/airflow/dags/etl_airflow_dag.py   1930  0.02s             1           0  1.62s           2025-12-14T16:34:42                      10
================================================================================
[2025-12-14T16:35:42.777+0000] {manager.py:997} INFO - 
================================================================================
DAG File Processing Stats

File Path                             PID    Runtime      # DAGs    # Errors  Last Runtime    Last Run               Last # of DB Queries
------------------------------------  -----  ---------  --------  ----------  --------------  -------------------  ----------------------
/opt/airflow/dags/etl_airflow_dag.py                           1           0  1.72s           2025-12-14T16:35:14                      10
================================================================================
[2025-12-14T16:36:13.357+0000] {manager.py:997} INFO - 
================================================================================
DAG File Processing Stats

File Path                             PID    Runtime      # DAGs    # Errors  Last Runtime    Last Run               Last # of DB Queries
------------------------------------  -----  ---------  --------  ----------  --------------  -------------------  ----------------------
/opt/airflow/dags/etl_airflow_dag.py                           1           0  1.48s           2025-12-14T16:35:46                      10
================================================================================
[2025-12-14T16:36:43.966+0000] {manager.py:997} INFO - 
================================================================================
DAG File Processing Stats

File Path                             PID    Runtime      # DAGs    # Errors  Last Runtime    Last Run               Last # of DB Queries
------------------------------------  -----  ---------  --------  ----------  --------------  -------------------  ----------------------
/opt/airflow/dags/etl_airflow_dag.py                           1           0  1.49s           2025-12-14T16:36:17                      10
================================================================================
[2025-12-14T16:37:14.022+0000] {manager.py:997} INFO - 
================================================================================
DAG File Processing Stats

File Path                             PID    Runtime      # DAGs    # Errors  Last Runtime    Last Run               Last # of DB Queries
------------------------------------  -----  ---------  --------  ----------  --------------  -------------------  ----------------------
/opt/airflow/dags/etl_airflow_dag.py                           1           0  1.54s           2025-12-14T16:36:49                      10
================================================================================
[2025-12-14T16:37:44.525+0000] {manager.py:997} INFO - 
================================================================================
DAG File Processing Stats

File Path                             PID    Runtime      # DAGs    # Errors  Last Runtime    Last Run               Last # of DB Queries
------------------------------------  -----  ---------  --------  ----------  --------------  -------------------  ----------------------
/opt/airflow/dags/etl_airflow_dag.py                           1           0  1.11s           2025-12-14T16:37:21                      10
================================================================================
[2025-12-14T16:38:15.101+0000] {manager.py:997} INFO - 
================================================================================
DAG File Processing Stats

File Path                               PID  Runtime      # DAGs    # Errors  Last Runtime    Last Run               Last # of DB Queries
------------------------------------  -----  ---------  --------  ----------  --------------  -------------------  ----------------------
/opt/airflow/dags/etl_airflow_dag.py   1966  0.61s             1           0  1.44s           2025-12-14T16:37:53                      10
================================================================================
[2025-12-14T16:38:45.324+0000] {manager.py:997} INFO - 
================================================================================
DAG File Processing Stats

File Path                             PID    Runtime      # DAGs    # Errors  Last Runtime    Last Run               Last # of DB Queries
------------------------------------  -----  ---------  --------  ----------  --------------  -------------------  ----------------------
/opt/airflow/dags/etl_airflow_dag.py                           1           0  1.37s           2025-12-14T16:38:15                      10
================================================================================
[2025-12-14T16:38:49.400+0000] {manager.py:821} INFO - Searching for files in /opt/airflow/dags
[2025-12-14T16:38:49.447+0000] {manager.py:824} INFO - There are 1 files in /opt/airflow/dags
[2025-12-14T16:39:15.868+0000] {manager.py:997} INFO - 
================================================================================
DAG File Processing Stats

File Path                             PID    Runtime      # DAGs    # Errors  Last Runtime    Last Run               Last # of DB Queries
------------------------------------  -----  ---------  --------  ----------  --------------  -------------------  ----------------------
/opt/airflow/dags/etl_airflow_dag.py                           1           0  1.45s           2025-12-14T16:38:47                      10
================================================================================
[2025-12-14T16:39:46.413+0000] {manager.py:997} INFO - 
================================================================================
DAG File Processing Stats

File Path                             PID    Runtime      # DAGs    # Errors  Last Runtime    Last Run               Last # of DB Queries
------------------------------------  -----  ---------  --------  ----------  --------------  -------------------  ----------------------
/opt/airflow/dags/etl_airflow_dag.py                           1           0  1.29s           2025-12-14T16:39:19                      10
================================================================================
[2025-12-14T16:40:17.100+0000] {manager.py:997} INFO - 
================================================================================
DAG File Processing Stats

File Path                             PID    Runtime      # DAGs    # Errors  Last Runtime    Last Run               Last # of DB Queries
------------------------------------  -----  ---------  --------  ----------  --------------  -------------------  ----------------------
/opt/airflow/dags/etl_airflow_dag.py                           1           0  1.33s           2025-12-14T16:39:50                      10
================================================================================
[2025-12-14T16:40:47.124+0000] {manager.py:997} INFO - 
================================================================================
DAG File Processing Stats

File Path                             PID    Runtime      # DAGs    # Errors  Last Runtime    Last Run               Last # of DB Queries
------------------------------------  -----  ---------  --------  ----------  --------------  -------------------  ----------------------
/opt/airflow/dags/etl_airflow_dag.py                           1           0  1.52s           2025-12-14T16:40:22                      10
================================================================================
[2025-12-14T16:41:17.211+0000] {manager.py:997} INFO - 
================================================================================
DAG File Processing Stats

File Path                             PID    Runtime      # DAGs    # Errors  Last Runtime    Last Run               Last # of DB Queries
------------------------------------  -----  ---------  --------  ----------  --------------  -------------------  ----------------------
/opt/airflow/dags/etl_airflow_dag.py                           1           0  1.24s           2025-12-14T16:40:54                      10
================================================================================
[2025-12-14T16:41:47.925+0000] {manager.py:997} INFO - 
================================================================================
DAG File Processing Stats

File Path                             PID    Runtime      # DAGs    # Errors  Last Runtime    Last Run               Last # of DB Queries
------------------------------------  -----  ---------  --------  ----------  --------------  -------------------  ----------------------
/opt/airflow/dags/etl_airflow_dag.py                           1           0  1.45s           2025-12-14T16:41:25                      10
================================================================================
[2025-12-14T16:48:07.417+0000] {manager.py:483} INFO - Processing files using up to 2 processes at a time 
[2025-12-14T16:48:07.419+0000] {manager.py:484} INFO - Process each file at most once every 30 seconds
[2025-12-14T16:48:07.421+0000] {manager.py:485} INFO - Checking for new files in /opt/airflow/dags every 300 seconds
[2025-12-14T16:48:07.423+0000] {manager.py:821} INFO - Searching for files in /opt/airflow/dags
[2025-12-14T16:48:07.520+0000] {manager.py:824} INFO - There are 1 files in /opt/airflow/dags
[2025-12-14T16:48:07.708+0000] {manager.py:997} INFO - 
================================================================================
DAG File Processing Stats

File Path                               PID  Runtime      # DAGs    # Errors  Last Runtime    Last Run      Last # of DB Queries
------------------------------------  -----  ---------  --------  ----------  --------------  ----------  ----------------------
/opt/airflow/dags/etl_airflow_dag.py    176  0.06s             0           0                                                   0
================================================================================
[2025-12-14T16:48:38.115+0000] {manager.py:997} INFO - 
================================================================================
DAG File Processing Stats

File Path                             PID    Runtime      # DAGs    # Errors  Last Runtime    Last Run               Last # of DB Queries
------------------------------------  -----  ---------  --------  ----------  --------------  -------------------  ----------------------
/opt/airflow/dags/etl_airflow_dag.py                           1           0  2.38s           2025-12-14T16:48:10                      10
================================================================================
[2025-12-14T16:49:08.162+0000] {manager.py:997} INFO - 
================================================================================
DAG File Processing Stats

File Path                             PID    Runtime      # DAGs    # Errors  Last Runtime    Last Run               Last # of DB Queries
------------------------------------  -----  ---------  --------  ----------  --------------  -------------------  ----------------------
/opt/airflow/dags/etl_airflow_dag.py                           1           0  1.69s           2025-12-14T16:48:41                      10
================================================================================
[2025-12-14T16:49:38.575+0000] {manager.py:997} INFO - 
================================================================================
DAG File Processing Stats

File Path                             PID    Runtime      # DAGs    # Errors  Last Runtime    Last Run               Last # of DB Queries
------------------------------------  -----  ---------  --------  ----------  --------------  -------------------  ----------------------
/opt/airflow/dags/etl_airflow_dag.py                           1           0  1.49s           2025-12-14T16:49:13                      10
================================================================================
[2025-12-14T16:50:08.844+0000] {manager.py:997} INFO - 
================================================================================
DAG File Processing Stats

File Path                             PID    Runtime      # DAGs    # Errors  Last Runtime    Last Run               Last # of DB Queries
------------------------------------  -----  ---------  --------  ----------  --------------  -------------------  ----------------------
/opt/airflow/dags/etl_airflow_dag.py                           1           0  1.45s           2025-12-14T16:49:45                      10
================================================================================
[2025-12-14T16:50:39.225+0000] {manager.py:997} INFO - 
================================================================================
DAG File Processing Stats

File Path                             PID    Runtime      # DAGs    # Errors  Last Runtime    Last Run               Last # of DB Queries
------------------------------------  -----  ---------  --------  ----------  --------------  -------------------  ----------------------
/opt/airflow/dags/etl_airflow_dag.py                           1           0  1.43s           2025-12-14T16:50:17                      10
================================================================================
[2025-12-14T16:51:09.724+0000] {manager.py:997} INFO - 
================================================================================
DAG File Processing Stats

File Path                             PID    Runtime      # DAGs    # Errors  Last Runtime    Last Run               Last # of DB Queries
------------------------------------  -----  ---------  --------  ----------  --------------  -------------------  ----------------------
/opt/airflow/dags/etl_airflow_dag.py                           1           0  1.66s           2025-12-14T16:50:49                      10
================================================================================
[2025-12-14T16:51:40.043+0000] {manager.py:997} INFO - 
================================================================================
DAG File Processing Stats

File Path                             PID    Runtime      # DAGs    # Errors  Last Runtime    Last Run               Last # of DB Queries
------------------------------------  -----  ---------  --------  ----------  --------------  -------------------  ----------------------
/opt/airflow/dags/etl_airflow_dag.py                           1           0  1.91s           2025-12-14T16:51:21                      10
================================================================================
[2025-12-14T16:52:10.879+0000] {manager.py:997} INFO - 
================================================================================
DAG File Processing Stats

File Path                             PID    Runtime      # DAGs    # Errors  Last Runtime    Last Run               Last # of DB Queries
------------------------------------  -----  ---------  --------  ----------  --------------  -------------------  ----------------------
/opt/airflow/dags/etl_airflow_dag.py                           1           0  1.48s           2025-12-14T16:51:53                      10
================================================================================
[2025-12-14T16:52:41.326+0000] {manager.py:997} INFO - 
================================================================================
DAG File Processing Stats

File Path                             PID    Runtime      # DAGs    # Errors  Last Runtime    Last Run               Last # of DB Queries
------------------------------------  -----  ---------  --------  ----------  --------------  -------------------  ----------------------
/opt/airflow/dags/etl_airflow_dag.py                           1           0  1.23s           2025-12-14T16:52:25                      10
================================================================================
[2025-12-14T16:53:07.848+0000] {manager.py:821} INFO - Searching for files in /opt/airflow/dags
[2025-12-14T16:53:07.892+0000] {manager.py:824} INFO - There are 1 files in /opt/airflow/dags
[2025-12-14T16:53:11.987+0000] {manager.py:997} INFO - 
================================================================================
DAG File Processing Stats

File Path                             PID    Runtime      # DAGs    # Errors  Last Runtime    Last Run               Last # of DB Queries
------------------------------------  -----  ---------  --------  ----------  --------------  -------------------  ----------------------
/opt/airflow/dags/etl_airflow_dag.py                           1           0  1.42s           2025-12-14T16:52:57                      10
================================================================================
[2025-12-14T16:53:42.693+0000] {manager.py:997} INFO - 
================================================================================
DAG File Processing Stats

File Path                             PID    Runtime      # DAGs    # Errors  Last Runtime    Last Run               Last # of DB Queries
------------------------------------  -----  ---------  --------  ----------  --------------  -------------------  ----------------------
/opt/airflow/dags/etl_airflow_dag.py                           1           0  1.46s           2025-12-14T16:53:28                      10
================================================================================
[2025-12-14T16:54:13.317+0000] {manager.py:997} INFO - 
================================================================================
DAG File Processing Stats

File Path                             PID    Runtime      # DAGs    # Errors  Last Runtime    Last Run               Last # of DB Queries
------------------------------------  -----  ---------  --------  ----------  --------------  -------------------  ----------------------
/opt/airflow/dags/etl_airflow_dag.py                           1           0  1.35s           2025-12-14T16:54:00                      10
================================================================================
[2025-12-14T16:54:43.522+0000] {manager.py:997} INFO - 
================================================================================
DAG File Processing Stats

File Path                             PID    Runtime      # DAGs    # Errors  Last Runtime    Last Run               Last # of DB Queries
------------------------------------  -----  ---------  --------  ----------  --------------  -------------------  ----------------------
/opt/airflow/dags/etl_airflow_dag.py                           1           0  1.71s           2025-12-14T16:54:32                      10
================================================================================
[2025-12-14T16:54:51.899+0000] {manager.py:465} INFO - Exiting gracefully upon receiving signal 15
[2025-12-14T16:55:14.942+0000] {manager.py:483} INFO - Processing files using up to 2 processes at a time 
[2025-12-14T16:55:14.943+0000] {manager.py:484} INFO - Process each file at most once every 30 seconds
[2025-12-14T16:55:14.950+0000] {manager.py:485} INFO - Checking for new files in /opt/airflow/dags every 300 seconds
[2025-12-14T16:55:14.953+0000] {manager.py:821} INFO - Searching for files in /opt/airflow/dags
[2025-12-14T16:55:15.020+0000] {manager.py:824} INFO - There are 1 files in /opt/airflow/dags
[2025-12-14T16:55:15.190+0000] {manager.py:997} INFO - 
================================================================================
DAG File Processing Stats

File Path                               PID  Runtime      # DAGs    # Errors  Last Runtime    Last Run      Last # of DB Queries
------------------------------------  -----  ---------  --------  ----------  --------------  ----------  ----------------------
/opt/airflow/dags/etl_airflow_dag.py    164  0.06s             0           0                                                   0
================================================================================
[2025-12-14T16:55:45.622+0000] {manager.py:997} INFO - 
================================================================================
DAG File Processing Stats

File Path                             PID    Runtime      # DAGs    # Errors  Last Runtime    Last Run               Last # of DB Queries
------------------------------------  -----  ---------  --------  ----------  --------------  -------------------  ----------------------
/opt/airflow/dags/etl_airflow_dag.py                           1           0  1.44s           2025-12-14T16:55:16                      10
================================================================================
[2025-12-14T16:56:16.462+0000] {manager.py:997} INFO - 
================================================================================
DAG File Processing Stats

File Path                             PID    Runtime      # DAGs    # Errors  Last Runtime    Last Run               Last # of DB Queries
------------------------------------  -----  ---------  --------  ----------  --------------  -------------------  ----------------------
/opt/airflow/dags/etl_airflow_dag.py                           1           0  1.52s           2025-12-14T16:55:48                      10
================================================================================
[2025-12-14T16:56:46.701+0000] {manager.py:997} INFO - 
================================================================================
DAG File Processing Stats

File Path                             PID    Runtime      # DAGs    # Errors  Last Runtime    Last Run               Last # of DB Queries
------------------------------------  -----  ---------  --------  ----------  --------------  -------------------  ----------------------
/opt/airflow/dags/etl_airflow_dag.py                           1           0  1.75s           2025-12-14T16:56:20                      10
================================================================================
[2025-12-14T16:57:16.837+0000] {manager.py:997} INFO - 
================================================================================
DAG File Processing Stats

File Path                             PID    Runtime      # DAGs    # Errors  Last Runtime    Last Run               Last # of DB Queries
------------------------------------  -----  ---------  --------  ----------  --------------  -------------------  ----------------------
/opt/airflow/dags/etl_airflow_dag.py                           1           0  1.70s           2025-12-14T16:56:52                      10
================================================================================
[2025-12-14T16:57:47.286+0000] {manager.py:997} INFO - 
================================================================================
DAG File Processing Stats

File Path                             PID    Runtime      # DAGs    # Errors  Last Runtime    Last Run               Last # of DB Queries
------------------------------------  -----  ---------  --------  ----------  --------------  -------------------  ----------------------
/opt/airflow/dags/etl_airflow_dag.py                           1           0  1.49s           2025-12-14T16:57:24                      10
================================================================================
[2025-12-14T16:58:17.310+0000] {manager.py:997} INFO - 
================================================================================
DAG File Processing Stats

File Path                             PID    Runtime      # DAGs    # Errors  Last Runtime    Last Run               Last # of DB Queries
------------------------------------  -----  ---------  --------  ----------  --------------  -------------------  ----------------------
/opt/airflow/dags/etl_airflow_dag.py                           1           0  1.59s           2025-12-14T16:57:56                      10
================================================================================
[2025-12-14T16:58:47.533+0000] {manager.py:997} INFO - 
================================================================================
DAG File Processing Stats

File Path                             PID    Runtime      # DAGs    # Errors  Last Runtime    Last Run               Last # of DB Queries
------------------------------------  -----  ---------  --------  ----------  --------------  -------------------  ----------------------
/opt/airflow/dags/etl_airflow_dag.py                           1           0  1.32s           2025-12-14T16:58:27                      10
================================================================================
[2025-12-14T16:59:17.613+0000] {manager.py:997} INFO - 
================================================================================
DAG File Processing Stats

File Path                             PID    Runtime      # DAGs    # Errors  Last Runtime    Last Run               Last # of DB Queries
------------------------------------  -----  ---------  --------  ----------  --------------  -------------------  ----------------------
/opt/airflow/dags/etl_airflow_dag.py                           1           0  1.64s           2025-12-14T16:58:59                      10
================================================================================
[2025-12-14T16:59:48.017+0000] {manager.py:997} INFO - 
================================================================================
DAG File Processing Stats

File Path                             PID    Runtime      # DAGs    # Errors  Last Runtime    Last Run               Last # of DB Queries
------------------------------------  -----  ---------  --------  ----------  --------------  -------------------  ----------------------
/opt/airflow/dags/etl_airflow_dag.py                           1           0  1.44s           2025-12-14T16:59:31                      10
================================================================================
[2025-12-14T17:00:15.392+0000] {manager.py:821} INFO - Searching for files in /opt/airflow/dags
[2025-12-14T17:00:15.444+0000] {manager.py:824} INFO - There are 1 files in /opt/airflow/dags
[2025-12-14T17:00:18.524+0000] {manager.py:997} INFO - 
================================================================================
DAG File Processing Stats

File Path                             PID    Runtime      # DAGs    # Errors  Last Runtime    Last Run               Last # of DB Queries
------------------------------------  -----  ---------  --------  ----------  --------------  -------------------  ----------------------
/opt/airflow/dags/etl_airflow_dag.py                           1           0  1.51s           2025-12-14T17:00:03                      10
================================================================================
[2025-12-14T17:00:48.632+0000] {manager.py:997} INFO - 
================================================================================
DAG File Processing Stats

File Path                             PID    Runtime      # DAGs    # Errors  Last Runtime    Last Run               Last # of DB Queries
------------------------------------  -----  ---------  --------  ----------  --------------  -------------------  ----------------------
/opt/airflow/dags/etl_airflow_dag.py                           1           0  1.65s           2025-12-14T17:00:35                      10
================================================================================
[2025-12-14T17:01:19.513+0000] {manager.py:997} INFO - 
================================================================================
DAG File Processing Stats

File Path                             PID    Runtime      # DAGs    # Errors  Last Runtime    Last Run               Last # of DB Queries
------------------------------------  -----  ---------  --------  ----------  --------------  -------------------  ----------------------
/opt/airflow/dags/etl_airflow_dag.py                           1           0  1.49s           2025-12-14T17:01:07                      10
================================================================================
[2025-12-14T17:01:49.640+0000] {manager.py:997} INFO - 
================================================================================
DAG File Processing Stats

File Path                             PID    Runtime      # DAGs    # Errors  Last Runtime    Last Run               Last # of DB Queries
------------------------------------  -----  ---------  --------  ----------  --------------  -------------------  ----------------------
/opt/airflow/dags/etl_airflow_dag.py                           1           0  1.62s           2025-12-14T17:01:39                      10
================================================================================
[2025-12-14T17:02:20.511+0000] {manager.py:997} INFO - 
================================================================================
DAG File Processing Stats

File Path                             PID    Runtime      # DAGs    # Errors  Last Runtime    Last Run               Last # of DB Queries
------------------------------------  -----  ---------  --------  ----------  --------------  -------------------  ----------------------
/opt/airflow/dags/etl_airflow_dag.py                           1           0  1.49s           2025-12-14T17:02:11                      10
================================================================================
[2025-12-14T17:02:50.948+0000] {manager.py:997} INFO - 
================================================================================
DAG File Processing Stats

File Path                             PID    Runtime      # DAGs    # Errors  Last Runtime    Last Run               Last # of DB Queries
------------------------------------  -----  ---------  --------  ----------  --------------  -------------------  ----------------------
/opt/airflow/dags/etl_airflow_dag.py                           1           0  3.04s           2025-12-14T17:02:44                      10
================================================================================
[2025-12-14T17:03:21.073+0000] {manager.py:997} INFO - 
================================================================================
DAG File Processing Stats

File Path                             PID    Runtime      # DAGs    # Errors  Last Runtime    Last Run               Last # of DB Queries
------------------------------------  -----  ---------  --------  ----------  --------------  -------------------  ----------------------
/opt/airflow/dags/etl_airflow_dag.py                           1           0  1.65s           2025-12-14T17:03:16                      10
================================================================================
[2025-12-14T17:03:51.508+0000] {manager.py:997} INFO - 
================================================================================
DAG File Processing Stats

File Path                             PID    Runtime      # DAGs    # Errors  Last Runtime    Last Run               Last # of DB Queries
------------------------------------  -----  ---------  --------  ----------  --------------  -------------------  ----------------------
/opt/airflow/dags/etl_airflow_dag.py                           1           0  1.39s           2025-12-14T17:03:48                      10
================================================================================
[2025-12-14T17:04:22.274+0000] {manager.py:997} INFO - 
================================================================================
DAG File Processing Stats

File Path                             PID    Runtime      # DAGs    # Errors  Last Runtime    Last Run               Last # of DB Queries
------------------------------------  -----  ---------  --------  ----------  --------------  -------------------  ----------------------
/opt/airflow/dags/etl_airflow_dag.py                           1           0  1.49s           2025-12-14T17:04:20                      10
================================================================================
[2025-12-14T17:04:52.863+0000] {manager.py:997} INFO - 
================================================================================
DAG File Processing Stats

File Path                             PID    Runtime      # DAGs    # Errors  Last Runtime    Last Run               Last # of DB Queries
------------------------------------  -----  ---------  --------  ----------  --------------  -------------------  ----------------------
/opt/airflow/dags/etl_airflow_dag.py                           1           0  1.46s           2025-12-14T17:04:52                      10
================================================================================
[2025-12-14T17:05:15.479+0000] {manager.py:821} INFO - Searching for files in /opt/airflow/dags
[2025-12-14T17:05:15.519+0000] {manager.py:824} INFO - There are 1 files in /opt/airflow/dags
[2025-12-14T17:05:23.326+0000] {manager.py:997} INFO - 
================================================================================
DAG File Processing Stats

File Path                               PID  Runtime      # DAGs    # Errors  Last Runtime    Last Run               Last # of DB Queries
------------------------------------  -----  ---------  --------  ----------  --------------  -------------------  ----------------------
/opt/airflow/dags/etl_airflow_dag.py    374  1.04s             1           0  1.46s           2025-12-14T17:04:52                      10
================================================================================
[2025-12-14T17:05:53.435+0000] {manager.py:997} INFO - 
================================================================================
DAG File Processing Stats

File Path                             PID    Runtime      # DAGs    # Errors  Last Runtime    Last Run               Last # of DB Queries
------------------------------------  -----  ---------  --------  ----------  --------------  -------------------  ----------------------
/opt/airflow/dags/etl_airflow_dag.py                           1           0  1.73s           2025-12-14T17:05:24                      10
================================================================================
[2025-12-14T17:06:23.886+0000] {manager.py:997} INFO - 
================================================================================
DAG File Processing Stats

File Path                             PID    Runtime      # DAGs    # Errors  Last Runtime    Last Run               Last # of DB Queries
------------------------------------  -----  ---------  --------  ----------  --------------  -------------------  ----------------------
/opt/airflow/dags/etl_airflow_dag.py                           1           0  1.36s           2025-12-14T17:05:55                      10
================================================================================
[2025-12-14T17:06:54.425+0000] {manager.py:997} INFO - 
================================================================================
DAG File Processing Stats

File Path                             PID    Runtime      # DAGs    # Errors  Last Runtime    Last Run               Last # of DB Queries
------------------------------------  -----  ---------  --------  ----------  --------------  -------------------  ----------------------
/opt/airflow/dags/etl_airflow_dag.py                           1           0  1.39s           2025-12-14T17:06:27                      10
================================================================================
[2025-12-14T17:07:24.444+0000] {manager.py:997} INFO - 
================================================================================
DAG File Processing Stats

File Path                             PID    Runtime      # DAGs    # Errors  Last Runtime    Last Run               Last # of DB Queries
------------------------------------  -----  ---------  --------  ----------  --------------  -------------------  ----------------------
/opt/airflow/dags/etl_airflow_dag.py                           1           0  1.59s           2025-12-14T17:06:59                      10
================================================================================
[2025-12-14T17:07:54.854+0000] {manager.py:997} INFO - 
================================================================================
DAG File Processing Stats

File Path                             PID    Runtime      # DAGs    # Errors  Last Runtime    Last Run               Last # of DB Queries
------------------------------------  -----  ---------  --------  ----------  --------------  -------------------  ----------------------
/opt/airflow/dags/etl_airflow_dag.py                           1           0  1.59s           2025-12-14T17:07:30                      10
================================================================================
[2025-12-14T17:08:25.570+0000] {manager.py:997} INFO - 
================================================================================
DAG File Processing Stats

File Path                             PID    Runtime      # DAGs    # Errors  Last Runtime    Last Run               Last # of DB Queries
------------------------------------  -----  ---------  --------  ----------  --------------  -------------------  ----------------------
/opt/airflow/dags/etl_airflow_dag.py                           1           0  1.39s           2025-12-14T17:08:02                      10
================================================================================
[2025-12-14T17:08:56.159+0000] {manager.py:997} INFO - 
================================================================================
DAG File Processing Stats

File Path                             PID    Runtime      # DAGs    # Errors  Last Runtime    Last Run               Last # of DB Queries
------------------------------------  -----  ---------  --------  ----------  --------------  -------------------  ----------------------
/opt/airflow/dags/etl_airflow_dag.py                           1           0  2.34s           2025-12-14T17:08:35                      10
================================================================================
[2025-12-14T17:09:26.758+0000] {manager.py:997} INFO - 
================================================================================
DAG File Processing Stats

File Path                             PID    Runtime      # DAGs    # Errors  Last Runtime    Last Run               Last # of DB Queries
------------------------------------  -----  ---------  --------  ----------  --------------  -------------------  ----------------------
/opt/airflow/dags/etl_airflow_dag.py                           1           0  1.36s           2025-12-14T17:09:06                      10
================================================================================
[2025-12-14T17:09:56.846+0000] {manager.py:997} INFO - 
================================================================================
DAG File Processing Stats

File Path                             PID    Runtime      # DAGs    # Errors  Last Runtime    Last Run               Last # of DB Queries
------------------------------------  -----  ---------  --------  ----------  --------------  -------------------  ----------------------
/opt/airflow/dags/etl_airflow_dag.py                           1           0  1.69s           2025-12-14T17:09:38                      10
================================================================================
[2025-12-14T17:10:16.104+0000] {manager.py:821} INFO - Searching for files in /opt/airflow/dags
[2025-12-14T17:10:16.156+0000] {manager.py:824} INFO - There are 1 files in /opt/airflow/dags
[2025-12-14T17:10:27.333+0000] {manager.py:997} INFO - 
================================================================================
DAG File Processing Stats

File Path                             PID    Runtime      # DAGs    # Errors  Last Runtime    Last Run               Last # of DB Queries
------------------------------------  -----  ---------  --------  ----------  --------------  -------------------  ----------------------
/opt/airflow/dags/etl_airflow_dag.py                           1           0  1.38s           2025-12-14T17:10:10                      10
================================================================================
[2025-12-14T17:10:57.963+0000] {manager.py:997} INFO - 
================================================================================
DAG File Processing Stats

File Path                             PID    Runtime      # DAGs    # Errors  Last Runtime    Last Run               Last # of DB Queries
------------------------------------  -----  ---------  --------  ----------  --------------  -------------------  ----------------------
/opt/airflow/dags/etl_airflow_dag.py                           1           0  1.37s           2025-12-14T17:10:41                      10
================================================================================
[2025-12-14T17:11:28.485+0000] {manager.py:997} INFO - 
================================================================================
DAG File Processing Stats

File Path                             PID    Runtime      # DAGs    # Errors  Last Runtime    Last Run               Last # of DB Queries
------------------------------------  -----  ---------  --------  ----------  --------------  -------------------  ----------------------
/opt/airflow/dags/etl_airflow_dag.py                           1           0  1.56s           2025-12-14T17:11:13                      10
================================================================================
[2025-12-14T17:11:58.771+0000] {manager.py:997} INFO - 
================================================================================
DAG File Processing Stats

File Path                             PID    Runtime      # DAGs    # Errors  Last Runtime    Last Run               Last # of DB Queries
------------------------------------  -----  ---------  --------  ----------  --------------  -------------------  ----------------------
/opt/airflow/dags/etl_airflow_dag.py                           1           0  1.44s           2025-12-14T17:11:45                      10
================================================================================
[2025-12-14T17:12:29.163+0000] {manager.py:997} INFO - 
================================================================================
DAG File Processing Stats

File Path                             PID    Runtime      # DAGs    # Errors  Last Runtime    Last Run               Last # of DB Queries
------------------------------------  -----  ---------  --------  ----------  --------------  -------------------  ----------------------
/opt/airflow/dags/etl_airflow_dag.py                           1           0  1.55s           2025-12-14T17:12:17                      10
================================================================================
[2025-12-14T17:12:59.572+0000] {manager.py:997} INFO - 
================================================================================
DAG File Processing Stats

File Path                             PID    Runtime      # DAGs    # Errors  Last Runtime    Last Run               Last # of DB Queries
------------------------------------  -----  ---------  --------  ----------  --------------  -------------------  ----------------------
/opt/airflow/dags/etl_airflow_dag.py                           1           0  1.90s           2025-12-14T17:12:49                      10
================================================================================
[2025-12-14T17:13:29.605+0000] {manager.py:997} INFO - 
================================================================================
DAG File Processing Stats

File Path                             PID    Runtime      # DAGs    # Errors  Last Runtime    Last Run               Last # of DB Queries
------------------------------------  -----  ---------  --------  ----------  --------------  -------------------  ----------------------
/opt/airflow/dags/etl_airflow_dag.py                           1           0  1.64s           2025-12-14T17:13:21                      10
================================================================================
[2025-12-14T17:14:00.037+0000] {manager.py:997} INFO - 
================================================================================
DAG File Processing Stats

File Path                             PID    Runtime      # DAGs    # Errors  Last Runtime    Last Run               Last # of DB Queries
------------------------------------  -----  ---------  --------  ----------  --------------  -------------------  ----------------------
/opt/airflow/dags/etl_airflow_dag.py                           1           0  2.05s           2025-12-14T17:13:53                      10
================================================================================
[2025-12-14T17:14:30.973+0000] {manager.py:997} INFO - 
================================================================================
DAG File Processing Stats

File Path                             PID    Runtime      # DAGs    # Errors  Last Runtime    Last Run               Last # of DB Queries
------------------------------------  -----  ---------  --------  ----------  --------------  -------------------  ----------------------
/opt/airflow/dags/etl_airflow_dag.py                           1           0  1.57s           2025-12-14T17:14:25                      10
================================================================================
[2025-12-14T17:15:01.433+0000] {manager.py:997} INFO - 
================================================================================
DAG File Processing Stats

File Path                             PID    Runtime      # DAGs    # Errors  Last Runtime    Last Run               Last # of DB Queries
------------------------------------  -----  ---------  --------  ----------  --------------  -------------------  ----------------------
/opt/airflow/dags/etl_airflow_dag.py                           1           0  1.40s           2025-12-14T17:14:57                      10
================================================================================
[2025-12-14T17:15:16.602+0000] {manager.py:821} INFO - Searching for files in /opt/airflow/dags
[2025-12-14T17:15:16.651+0000] {manager.py:824} INFO - There are 1 files in /opt/airflow/dags
[2025-12-14T17:15:31.555+0000] {manager.py:997} INFO - 
================================================================================
DAG File Processing Stats

File Path                             PID    Runtime      # DAGs    # Errors  Last Runtime    Last Run               Last # of DB Queries
------------------------------------  -----  ---------  --------  ----------  --------------  -------------------  ----------------------
/opt/airflow/dags/etl_airflow_dag.py                           1           0  1.66s           2025-12-14T17:15:29                      10
================================================================================
[2025-12-14T17:16:01.938+0000] {manager.py:997} INFO - 
================================================================================
DAG File Processing Stats

File Path                             PID    Runtime      # DAGs    # Errors  Last Runtime    Last Run               Last # of DB Queries
------------------------------------  -----  ---------  --------  ----------  --------------  -------------------  ----------------------
/opt/airflow/dags/etl_airflow_dag.py                           1           0  1.82s           2025-12-14T17:16:01                      10
================================================================================
[2025-12-14T17:16:32.396+0000] {manager.py:997} INFO - 
================================================================================
DAG File Processing Stats

File Path                               PID  Runtime      # DAGs    # Errors  Last Runtime    Last Run               Last # of DB Queries
------------------------------------  -----  ---------  --------  ----------  --------------  -------------------  ----------------------
/opt/airflow/dags/etl_airflow_dag.py    544  0.60s             1           0  1.82s           2025-12-14T17:16:01                      10
================================================================================
[2025-12-14T17:17:03.204+0000] {manager.py:997} INFO - 
================================================================================
DAG File Processing Stats

File Path                             PID    Runtime      # DAGs    # Errors  Last Runtime    Last Run               Last # of DB Queries
------------------------------------  -----  ---------  --------  ----------  --------------  -------------------  ----------------------
/opt/airflow/dags/etl_airflow_dag.py                           1           0  2.13s           2025-12-14T17:16:33                      10
================================================================================
[2025-12-14T17:17:33.700+0000] {manager.py:997} INFO - 
================================================================================
DAG File Processing Stats

File Path                             PID    Runtime      # DAGs    # Errors  Last Runtime    Last Run               Last # of DB Queries
------------------------------------  -----  ---------  --------  ----------  --------------  -------------------  ----------------------
/opt/airflow/dags/etl_airflow_dag.py                           1           0  1.56s           2025-12-14T17:17:05                      10
================================================================================
[2025-12-14T17:18:03.842+0000] {manager.py:997} INFO - 
================================================================================
DAG File Processing Stats

File Path                             PID    Runtime      # DAGs    # Errors  Last Runtime    Last Run               Last # of DB Queries
------------------------------------  -----  ---------  --------  ----------  --------------  -------------------  ----------------------
/opt/airflow/dags/etl_airflow_dag.py                           1           0  1.34s           2025-12-14T17:17:37                      10
================================================================================
[2025-12-14T17:18:34.328+0000] {manager.py:997} INFO - 
================================================================================
DAG File Processing Stats

File Path                             PID    Runtime      # DAGs    # Errors  Last Runtime    Last Run               Last # of DB Queries
------------------------------------  -----  ---------  --------  ----------  --------------  -------------------  ----------------------
/opt/airflow/dags/etl_airflow_dag.py                           1           0  1.39s           2025-12-14T17:18:08                      10
================================================================================
[2025-12-14T17:19:04.777+0000] {manager.py:997} INFO - 
================================================================================
DAG File Processing Stats

File Path                             PID    Runtime      # DAGs    # Errors  Last Runtime    Last Run               Last # of DB Queries
------------------------------------  -----  ---------  --------  ----------  --------------  -------------------  ----------------------
/opt/airflow/dags/etl_airflow_dag.py                           1           0  1.42s           2025-12-14T17:18:40                      10
================================================================================
[2025-12-14T17:19:34.817+0000] {manager.py:997} INFO - 
================================================================================
DAG File Processing Stats

File Path                             PID    Runtime      # DAGs    # Errors  Last Runtime    Last Run               Last # of DB Queries
------------------------------------  -----  ---------  --------  ----------  --------------  -------------------  ----------------------
/opt/airflow/dags/etl_airflow_dag.py                           1           0  1.65s           2025-12-14T17:19:12                      10
================================================================================
[2025-12-14T17:20:05.237+0000] {manager.py:997} INFO - 
================================================================================
DAG File Processing Stats

File Path                             PID    Runtime      # DAGs    # Errors  Last Runtime    Last Run               Last # of DB Queries
------------------------------------  -----  ---------  --------  ----------  --------------  -------------------  ----------------------
/opt/airflow/dags/etl_airflow_dag.py                           1           0  1.46s           2025-12-14T17:19:44                      10
================================================================================
[2025-12-14T17:20:16.767+0000] {manager.py:821} INFO - Searching for files in /opt/airflow/dags
[2025-12-14T17:20:16.809+0000] {manager.py:824} INFO - There are 1 files in /opt/airflow/dags
[2025-12-14T17:20:35.736+0000] {manager.py:997} INFO - 
================================================================================
DAG File Processing Stats

File Path                             PID    Runtime      # DAGs    # Errors  Last Runtime    Last Run               Last # of DB Queries
------------------------------------  -----  ---------  --------  ----------  --------------  -------------------  ----------------------
/opt/airflow/dags/etl_airflow_dag.py                           1           0  1.39s           2025-12-14T17:20:15                      10
================================================================================
[2025-12-14T17:21:06.143+0000] {manager.py:997} INFO - 
================================================================================
DAG File Processing Stats

File Path                             PID    Runtime      # DAGs    # Errors  Last Runtime    Last Run               Last # of DB Queries
------------------------------------  -----  ---------  --------  ----------  --------------  -------------------  ----------------------
/opt/airflow/dags/etl_airflow_dag.py                           1           0  1.30s           2025-12-14T17:20:47                      10
================================================================================
[2025-12-14T17:21:36.807+0000] {manager.py:997} INFO - 
================================================================================
DAG File Processing Stats

File Path                             PID    Runtime      # DAGs    # Errors  Last Runtime    Last Run               Last # of DB Queries
------------------------------------  -----  ---------  --------  ----------  --------------  -------------------  ----------------------
/opt/airflow/dags/etl_airflow_dag.py                           1           0  1.30s           2025-12-14T17:21:18                      10
================================================================================
[2025-12-14T17:22:07.292+0000] {manager.py:997} INFO - 
================================================================================
DAG File Processing Stats

File Path                             PID    Runtime      # DAGs    # Errors  Last Runtime    Last Run               Last # of DB Queries
------------------------------------  -----  ---------  --------  ----------  --------------  -------------------  ----------------------
/opt/airflow/dags/etl_airflow_dag.py                           1           0  1.50s           2025-12-14T17:21:50                      10
================================================================================
[2025-12-14T17:22:37.489+0000] {manager.py:997} INFO - 
================================================================================
DAG File Processing Stats

File Path                             PID    Runtime      # DAGs    # Errors  Last Runtime    Last Run               Last # of DB Queries
------------------------------------  -----  ---------  --------  ----------  --------------  -------------------  ----------------------
/opt/airflow/dags/etl_airflow_dag.py                           1           0  1.40s           2025-12-14T17:22:22                      10
================================================================================
[2025-12-14T17:23:07.895+0000] {manager.py:997} INFO - 
================================================================================
DAG File Processing Stats

File Path                             PID    Runtime      # DAGs    # Errors  Last Runtime    Last Run               Last # of DB Queries
------------------------------------  -----  ---------  --------  ----------  --------------  -------------------  ----------------------
/opt/airflow/dags/etl_airflow_dag.py                           1           0  1.55s           2025-12-14T17:22:54                      10
================================================================================
[2025-12-14T17:23:38.157+0000] {manager.py:997} INFO - 
================================================================================
DAG File Processing Stats

File Path                             PID    Runtime      # DAGs    # Errors  Last Runtime    Last Run               Last # of DB Queries
------------------------------------  -----  ---------  --------  ----------  --------------  -------------------  ----------------------
/opt/airflow/dags/etl_airflow_dag.py                           1           0  1.37s           2025-12-14T17:23:26                      10
================================================================================
[2025-12-14T17:24:08.532+0000] {manager.py:997} INFO - 
================================================================================
DAG File Processing Stats

File Path                             PID    Runtime      # DAGs    # Errors  Last Runtime    Last Run               Last # of DB Queries
------------------------------------  -----  ---------  --------  ----------  --------------  -------------------  ----------------------
/opt/airflow/dags/etl_airflow_dag.py                           1           0  1.40s           2025-12-14T17:23:57                      10
================================================================================
[2025-12-14T17:24:39.032+0000] {manager.py:997} INFO - 
================================================================================
DAG File Processing Stats

File Path                             PID    Runtime      # DAGs    # Errors  Last Runtime    Last Run               Last # of DB Queries
------------------------------------  -----  ---------  --------  ----------  --------------  -------------------  ----------------------
/opt/airflow/dags/etl_airflow_dag.py                           1           0  1.25s           2025-12-14T17:24:29                      10
================================================================================
[2025-12-14T17:25:09.507+0000] {manager.py:997} INFO - 
================================================================================
DAG File Processing Stats

File Path                             PID    Runtime      # DAGs    # Errors  Last Runtime    Last Run               Last # of DB Queries
------------------------------------  -----  ---------  --------  ----------  --------------  -------------------  ----------------------
/opt/airflow/dags/etl_airflow_dag.py                           1           0  1.45s           2025-12-14T17:25:00                      10
================================================================================
[2025-12-14T17:25:16.972+0000] {manager.py:821} INFO - Searching for files in /opt/airflow/dags
[2025-12-14T17:25:17.031+0000] {manager.py:824} INFO - There are 1 files in /opt/airflow/dags
[2025-12-14T17:25:39.945+0000] {manager.py:997} INFO - 
================================================================================
DAG File Processing Stats

File Path                             PID    Runtime      # DAGs    # Errors  Last Runtime    Last Run               Last # of DB Queries
------------------------------------  -----  ---------  --------  ----------  --------------  -------------------  ----------------------
/opt/airflow/dags/etl_airflow_dag.py                           1           0  1.32s           2025-12-14T17:25:32                      10
================================================================================
[2025-12-14T17:26:09.952+0000] {manager.py:997} INFO - 
================================================================================
DAG File Processing Stats

File Path                             PID    Runtime      # DAGs    # Errors  Last Runtime    Last Run               Last # of DB Queries
------------------------------------  -----  ---------  --------  ----------  --------------  -------------------  ----------------------
/opt/airflow/dags/etl_airflow_dag.py                           1           0  1.59s           2025-12-14T17:26:03                      10
================================================================================
[2025-12-14T17:26:40.292+0000] {manager.py:997} INFO - 
================================================================================
DAG File Processing Stats

File Path                             PID    Runtime      # DAGs    # Errors  Last Runtime    Last Run               Last # of DB Queries
------------------------------------  -----  ---------  --------  ----------  --------------  -------------------  ----------------------
/opt/airflow/dags/etl_airflow_dag.py                           1           0  1.43s           2025-12-14T17:26:35                      10
================================================================================
[2025-12-14T17:27:10.776+0000] {manager.py:997} INFO - 
================================================================================
DAG File Processing Stats

File Path                             PID    Runtime      # DAGs    # Errors  Last Runtime    Last Run               Last # of DB Queries
------------------------------------  -----  ---------  --------  ----------  --------------  -------------------  ----------------------
/opt/airflow/dags/etl_airflow_dag.py                           1           0  1.53s           2025-12-14T17:27:07                      10
================================================================================
[2025-12-14T17:27:40.841+0000] {manager.py:997} INFO - 
================================================================================
DAG File Processing Stats

File Path                             PID    Runtime      # DAGs    # Errors  Last Runtime    Last Run               Last # of DB Queries
------------------------------------  -----  ---------  --------  ----------  --------------  -------------------  ----------------------
/opt/airflow/dags/etl_airflow_dag.py                           1           0  1.27s           2025-12-14T17:27:38                      10
================================================================================
[2025-12-14T17:28:11.232+0000] {manager.py:997} INFO - 
================================================================================
DAG File Processing Stats

File Path                             PID    Runtime      # DAGs    # Errors  Last Runtime    Last Run               Last # of DB Queries
------------------------------------  -----  ---------  --------  ----------  --------------  -------------------  ----------------------
/opt/airflow/dags/etl_airflow_dag.py                           1           0  1.34s           2025-12-14T17:28:10                      10
================================================================================
[2025-12-14T17:28:41.641+0000] {manager.py:997} INFO - 
================================================================================
DAG File Processing Stats

File Path                               PID  Runtime      # DAGs    # Errors  Last Runtime    Last Run               Last # of DB Queries
------------------------------------  -----  ---------  --------  ----------  --------------  -------------------  ----------------------
/opt/airflow/dags/etl_airflow_dag.py    682  1.02s             1           0  1.34s           2025-12-14T17:28:10                      10
================================================================================
[2025-12-14T17:29:12.123+0000] {manager.py:997} INFO - 
================================================================================
DAG File Processing Stats

File Path                               PID  Runtime      # DAGs    # Errors  Last Runtime    Last Run               Last # of DB Queries
------------------------------------  -----  ---------  --------  ----------  --------------  -------------------  ----------------------
/opt/airflow/dags/etl_airflow_dag.py    688  0.01s             1           0  1.30s           2025-12-14T17:28:41                      10
================================================================================
[2025-12-14T17:29:42.639+0000] {manager.py:997} INFO - 
================================================================================
DAG File Processing Stats

File Path                             PID    Runtime      # DAGs    # Errors  Last Runtime    Last Run               Last # of DB Queries
------------------------------------  -----  ---------  --------  ----------  --------------  -------------------  ----------------------
/opt/airflow/dags/etl_airflow_dag.py                           1           0  1.47s           2025-12-14T17:29:13                      10
================================================================================
[2025-12-14T17:30:13.340+0000] {manager.py:997} INFO - 
================================================================================
DAG File Processing Stats

File Path                             PID    Runtime      # DAGs    # Errors  Last Runtime    Last Run               Last # of DB Queries
------------------------------------  -----  ---------  --------  ----------  --------------  -------------------  ----------------------
/opt/airflow/dags/etl_airflow_dag.py                           1           0  1.58s           2025-12-14T17:29:45                      10
================================================================================
[2025-12-14T17:30:17.654+0000] {manager.py:821} INFO - Searching for files in /opt/airflow/dags
[2025-12-14T17:30:17.705+0000] {manager.py:824} INFO - There are 1 files in /opt/airflow/dags
[2025-12-14T17:30:44.088+0000] {manager.py:997} INFO - 
================================================================================
DAG File Processing Stats

File Path                             PID    Runtime      # DAGs    # Errors  Last Runtime    Last Run               Last # of DB Queries
------------------------------------  -----  ---------  --------  ----------  --------------  -------------------  ----------------------
/opt/airflow/dags/etl_airflow_dag.py                           1           0  1.40s           2025-12-14T17:30:16                      10
================================================================================
[2025-12-14T17:31:14.525+0000] {manager.py:997} INFO - 
================================================================================
DAG File Processing Stats

File Path                             PID    Runtime      # DAGs    # Errors  Last Runtime    Last Run               Last # of DB Queries
------------------------------------  -----  ---------  --------  ----------  --------------  -------------------  ----------------------
/opt/airflow/dags/etl_airflow_dag.py                           1           0  1.40s           2025-12-14T17:30:48                      10
================================================================================
[2025-12-14T17:31:45.399+0000] {manager.py:997} INFO - 
================================================================================
DAG File Processing Stats

File Path                             PID    Runtime      # DAGs    # Errors  Last Runtime    Last Run               Last # of DB Queries
------------------------------------  -----  ---------  --------  ----------  --------------  -------------------  ----------------------
/opt/airflow/dags/etl_airflow_dag.py                           1           0  1.61s           2025-12-14T17:31:20                      10
================================================================================
[2025-12-14T17:32:15.598+0000] {manager.py:997} INFO - 
================================================================================
DAG File Processing Stats

File Path                             PID    Runtime      # DAGs    # Errors  Last Runtime    Last Run               Last # of DB Queries
------------------------------------  -----  ---------  --------  ----------  --------------  -------------------  ----------------------
/opt/airflow/dags/etl_airflow_dag.py                           1           0  1.78s           2025-12-14T17:31:52                      10
================================================================================
[2025-12-14T17:32:46.324+0000] {manager.py:997} INFO - 
================================================================================
DAG File Processing Stats

File Path                             PID    Runtime      # DAGs    # Errors  Last Runtime    Last Run               Last # of DB Queries
------------------------------------  -----  ---------  --------  ----------  --------------  -------------------  ----------------------
/opt/airflow/dags/etl_airflow_dag.py                           1           0  1.58s           2025-12-14T17:32:24                      10
================================================================================
[2025-12-14T17:33:16.918+0000] {manager.py:997} INFO - 
================================================================================
DAG File Processing Stats

File Path                             PID    Runtime      # DAGs    # Errors  Last Runtime    Last Run               Last # of DB Queries
------------------------------------  -----  ---------  --------  ----------  --------------  -------------------  ----------------------
/opt/airflow/dags/etl_airflow_dag.py                           1           0  1.37s           2025-12-14T17:32:55                      10
================================================================================
[2025-12-14T17:33:47.437+0000] {manager.py:997} INFO - 
================================================================================
DAG File Processing Stats

File Path                             PID    Runtime      # DAGs    # Errors  Last Runtime    Last Run               Last # of DB Queries
------------------------------------  -----  ---------  --------  ----------  --------------  -------------------  ----------------------
/opt/airflow/dags/etl_airflow_dag.py                           1           0  1.29s           2025-12-14T17:33:27                      10
================================================================================
[2025-12-14T17:34:17.956+0000] {manager.py:997} INFO - 
================================================================================
DAG File Processing Stats

File Path                             PID    Runtime      # DAGs    # Errors  Last Runtime    Last Run               Last # of DB Queries
------------------------------------  -----  ---------  --------  ----------  --------------  -------------------  ----------------------
/opt/airflow/dags/etl_airflow_dag.py                           1           0  1.35s           2025-12-14T17:33:58                      10
================================================================================
[2025-12-14T17:34:48.566+0000] {manager.py:997} INFO - 
================================================================================
DAG File Processing Stats

File Path                             PID    Runtime      # DAGs    # Errors  Last Runtime    Last Run               Last # of DB Queries
------------------------------------  -----  ---------  --------  ----------  --------------  -------------------  ----------------------
/opt/airflow/dags/etl_airflow_dag.py                           1           0  1.32s           2025-12-14T17:34:30                      10
================================================================================
[2025-12-14T17:35:18.013+0000] {manager.py:821} INFO - Searching for files in /opt/airflow/dags
[2025-12-14T17:35:18.060+0000] {manager.py:824} INFO - There are 1 files in /opt/airflow/dags
[2025-12-14T17:35:19.105+0000] {manager.py:997} INFO - 
================================================================================
DAG File Processing Stats

File Path                             PID    Runtime      # DAGs    # Errors  Last Runtime    Last Run               Last # of DB Queries
------------------------------------  -----  ---------  --------  ----------  --------------  -------------------  ----------------------
/opt/airflow/dags/etl_airflow_dag.py                           1           0  1.35s           2025-12-14T17:35:02                      10
================================================================================
[2025-12-14T17:35:49.689+0000] {manager.py:997} INFO - 
================================================================================
DAG File Processing Stats

File Path                             PID    Runtime      # DAGs    # Errors  Last Runtime    Last Run               Last # of DB Queries
------------------------------------  -----  ---------  --------  ----------  --------------  -------------------  ----------------------
/opt/airflow/dags/etl_airflow_dag.py                           1           0  1.37s           2025-12-14T17:35:33                      10
================================================================================
[2025-12-14T17:36:20.212+0000] {manager.py:997} INFO - 
================================================================================
DAG File Processing Stats

File Path                             PID    Runtime      # DAGs    # Errors  Last Runtime    Last Run               Last # of DB Queries
------------------------------------  -----  ---------  --------  ----------  --------------  -------------------  ----------------------
/opt/airflow/dags/etl_airflow_dag.py                           1           0  1.48s           2025-12-14T17:36:05                      10
================================================================================
[2025-12-14T17:36:50.295+0000] {manager.py:997} INFO - 
================================================================================
DAG File Processing Stats

File Path                             PID    Runtime      # DAGs    # Errors  Last Runtime    Last Run               Last # of DB Queries
------------------------------------  -----  ---------  --------  ----------  --------------  -------------------  ----------------------
/opt/airflow/dags/etl_airflow_dag.py                           1           0  1.32s           2025-12-14T17:36:37                      10
================================================================================
[2025-12-14T17:37:20.380+0000] {manager.py:997} INFO - 
================================================================================
DAG File Processing Stats

File Path                             PID    Runtime      # DAGs    # Errors  Last Runtime    Last Run               Last # of DB Queries
------------------------------------  -----  ---------  --------  ----------  --------------  -------------------  ----------------------
/opt/airflow/dags/etl_airflow_dag.py                           1           0  1.24s           2025-12-14T17:37:08                      10
================================================================================
[2025-12-14T17:37:50.951+0000] {manager.py:997} INFO - 
================================================================================
DAG File Processing Stats

File Path                             PID    Runtime      # DAGs    # Errors  Last Runtime    Last Run               Last # of DB Queries
------------------------------------  -----  ---------  --------  ----------  --------------  -------------------  ----------------------
/opt/airflow/dags/etl_airflow_dag.py                           1           0  1.36s           2025-12-14T17:37:39                      10
================================================================================
[2025-12-14T17:38:21.505+0000] {manager.py:997} INFO - 
================================================================================
DAG File Processing Stats

File Path                             PID    Runtime      # DAGs    # Errors  Last Runtime    Last Run               Last # of DB Queries
------------------------------------  -----  ---------  --------  ----------  --------------  -------------------  ----------------------
/opt/airflow/dags/etl_airflow_dag.py                           1           0  1.49s           2025-12-14T17:38:11                      10
================================================================================
[2025-12-16T14:48:41.326+0000] {manager.py:483} INFO - Processing files using up to 2 processes at a time 
[2025-12-16T14:48:41.328+0000] {manager.py:484} INFO - Process each file at most once every 30 seconds
[2025-12-16T14:48:41.329+0000] {manager.py:485} INFO - Checking for new files in /opt/airflow/dags every 300 seconds
[2025-12-16T14:48:41.331+0000] {manager.py:821} INFO - Searching for files in /opt/airflow/dags
[2025-12-16T14:48:41.404+0000] {manager.py:824} INFO - There are 1 files in /opt/airflow/dags
[2025-12-16T14:48:41.583+0000] {manager.py:997} INFO - 
================================================================================
DAG File Processing Stats

File Path                               PID  Runtime      # DAGs    # Errors  Last Runtime    Last Run      Last # of DB Queries
------------------------------------  -----  ---------  --------  ----------  --------------  ----------  ----------------------
/opt/airflow/dags/etl_airflow_dag.py    185  0.06s             0           0                                                   0
================================================================================
[2025-12-16T14:49:11.968+0000] {manager.py:997} INFO - 
================================================================================
DAG File Processing Stats

File Path                             PID    Runtime      # DAGs    # Errors  Last Runtime    Last Run               Last # of DB Queries
------------------------------------  -----  ---------  --------  ----------  --------------  -------------------  ----------------------
/opt/airflow/dags/etl_airflow_dag.py                           1           0  2.57s           2025-12-16T14:48:44                      32
================================================================================
[2025-12-16T14:49:42.398+0000] {manager.py:997} INFO - 
================================================================================
DAG File Processing Stats

File Path                             PID    Runtime      # DAGs    # Errors  Last Runtime    Last Run               Last # of DB Queries
------------------------------------  -----  ---------  --------  ----------  --------------  -------------------  ----------------------
/opt/airflow/dags/etl_airflow_dag.py                           1           0  1.52s           2025-12-16T14:49:16                      10
================================================================================
[2025-12-16T14:50:12.400+0000] {manager.py:997} INFO - 
================================================================================
DAG File Processing Stats

File Path                             PID    Runtime      # DAGs    # Errors  Last Runtime    Last Run               Last # of DB Queries
------------------------------------  -----  ---------  --------  ----------  --------------  -------------------  ----------------------
/opt/airflow/dags/etl_airflow_dag.py                           1           0  1.57s           2025-12-16T14:49:48                      10
================================================================================
[2025-12-16T14:50:42.536+0000] {manager.py:997} INFO - 
================================================================================
DAG File Processing Stats

File Path                             PID    Runtime      # DAGs    # Errors  Last Runtime    Last Run               Last # of DB Queries
------------------------------------  -----  ---------  --------  ----------  --------------  -------------------  ----------------------
/opt/airflow/dags/etl_airflow_dag.py                           1           0  1.71s           2025-12-16T14:50:20                      10
================================================================================
[2025-12-16T14:51:12.820+0000] {manager.py:997} INFO - 
================================================================================
DAG File Processing Stats

File Path                             PID    Runtime      # DAGs    # Errors  Last Runtime    Last Run               Last # of DB Queries
------------------------------------  -----  ---------  --------  ----------  --------------  -------------------  ----------------------
/opt/airflow/dags/etl_airflow_dag.py                           1           0  1.88s           2025-12-16T14:50:52                      10
================================================================================
[2025-12-16T14:51:43.025+0000] {manager.py:997} INFO - 
================================================================================
DAG File Processing Stats

File Path                             PID    Runtime      # DAGs    # Errors  Last Runtime    Last Run               Last # of DB Queries
------------------------------------  -----  ---------  --------  ----------  --------------  -------------------  ----------------------
/opt/airflow/dags/etl_airflow_dag.py                           1           0  1.76s           2025-12-16T14:51:19                       9
================================================================================
[2025-12-16T14:52:13.454+0000] {manager.py:997} INFO - 
================================================================================
DAG File Processing Stats

File Path                             PID    Runtime      # DAGs    # Errors  Last Runtime    Last Run               Last # of DB Queries
------------------------------------  -----  ---------  --------  ----------  --------------  -------------------  ----------------------
/opt/airflow/dags/etl_airflow_dag.py                           1           0  1.81s           2025-12-16T14:51:51                      10
================================================================================
[2025-12-16T14:52:43.829+0000] {manager.py:997} INFO - 
================================================================================
DAG File Processing Stats

File Path                             PID    Runtime      # DAGs    # Errors  Last Runtime    Last Run               Last # of DB Queries
------------------------------------  -----  ---------  --------  ----------  --------------  -------------------  ----------------------
/opt/airflow/dags/etl_airflow_dag.py                           1           0  1.89s           2025-12-16T14:52:23                      10
================================================================================
[2025-12-16T14:53:14.749+0000] {manager.py:997} INFO - 
================================================================================
DAG File Processing Stats

File Path                             PID    Runtime      # DAGs    # Errors  Last Runtime    Last Run               Last # of DB Queries
------------------------------------  -----  ---------  --------  ----------  --------------  -------------------  ----------------------
/opt/airflow/dags/etl_airflow_dag.py                           1           0  2.50s           2025-12-16T14:52:54                      32
================================================================================
[2025-12-16T14:53:42.062+0000] {manager.py:821} INFO - Searching for files in /opt/airflow/dags
[2025-12-16T14:53:42.106+0000] {manager.py:824} INFO - There are 1 files in /opt/airflow/dags
[2025-12-16T14:53:45.238+0000] {manager.py:997} INFO - 
================================================================================
DAG File Processing Stats

File Path                             PID    Runtime      # DAGs    # Errors  Last Runtime    Last Run               Last # of DB Queries
------------------------------------  -----  ---------  --------  ----------  --------------  -------------------  ----------------------
/opt/airflow/dags/etl_airflow_dag.py                           1           0  1.74s           2025-12-16T14:53:26                      10
================================================================================
[2025-12-16T14:54:15.544+0000] {manager.py:997} INFO - 
================================================================================
DAG File Processing Stats

File Path                             PID    Runtime      # DAGs    # Errors  Last Runtime    Last Run               Last # of DB Queries
------------------------------------  -----  ---------  --------  ----------  --------------  -------------------  ----------------------
/opt/airflow/dags/etl_airflow_dag.py                           1           0  1.70s           2025-12-16T14:53:59                      10
================================================================================
[2025-12-16T14:54:46.397+0000] {manager.py:997} INFO - 
================================================================================
DAG File Processing Stats

File Path                             PID    Runtime      # DAGs    # Errors  Last Runtime    Last Run               Last # of DB Queries
------------------------------------  -----  ---------  --------  ----------  --------------  -------------------  ----------------------
/opt/airflow/dags/etl_airflow_dag.py                           1           0  1.46s           2025-12-16T14:54:31                      10
================================================================================
[2025-12-16T14:55:16.632+0000] {manager.py:997} INFO - 
================================================================================
DAG File Processing Stats

File Path                             PID    Runtime      # DAGs    # Errors  Last Runtime    Last Run               Last # of DB Queries
------------------------------------  -----  ---------  --------  ----------  --------------  -------------------  ----------------------
/opt/airflow/dags/etl_airflow_dag.py                           1           0  1.77s           2025-12-16T14:55:03                      10
================================================================================
[2025-12-16T14:55:46.723+0000] {manager.py:997} INFO - 
================================================================================
DAG File Processing Stats

File Path                             PID    Runtime      # DAGs    # Errors  Last Runtime    Last Run               Last # of DB Queries
------------------------------------  -----  ---------  --------  ----------  --------------  -------------------  ----------------------
/opt/airflow/dags/etl_airflow_dag.py                           1           0  1.66s           2025-12-16T14:55:35                      10
================================================================================
[2025-12-16T14:56:17.222+0000] {manager.py:997} INFO - 
================================================================================
DAG File Processing Stats

File Path                             PID    Runtime      # DAGs    # Errors  Last Runtime    Last Run               Last # of DB Queries
------------------------------------  -----  ---------  --------  ----------  --------------  -------------------  ----------------------
/opt/airflow/dags/etl_airflow_dag.py                           1           0  1.70s           2025-12-16T14:56:07                      10
================================================================================
[2025-12-16T14:56:47.278+0000] {manager.py:997} INFO - 
================================================================================
DAG File Processing Stats

File Path                             PID    Runtime      # DAGs    # Errors  Last Runtime    Last Run               Last # of DB Queries
------------------------------------  -----  ---------  --------  ----------  --------------  -------------------  ----------------------
/opt/airflow/dags/etl_airflow_dag.py                           1           0  1.57s           2025-12-16T14:56:39                      10
================================================================================
[2025-12-16T14:57:17.502+0000] {manager.py:997} INFO - 
================================================================================
DAG File Processing Stats

File Path                             PID    Runtime      # DAGs    # Errors  Last Runtime    Last Run               Last # of DB Queries
------------------------------------  -----  ---------  --------  ----------  --------------  -------------------  ----------------------
/opt/airflow/dags/etl_airflow_dag.py                           1           0  2.08s           2025-12-16T14:57:11                      10
================================================================================
[2025-12-16T14:57:48.015+0000] {manager.py:997} INFO - 
================================================================================
DAG File Processing Stats

File Path                             PID    Runtime      # DAGs    # Errors  Last Runtime    Last Run               Last # of DB Queries
------------------------------------  -----  ---------  --------  ----------  --------------  -------------------  ----------------------
/opt/airflow/dags/etl_airflow_dag.py                           1           0  1.34s           2025-12-16T14:57:43                      10
================================================================================
[2025-12-16T14:58:18.117+0000] {manager.py:997} INFO - 
================================================================================
DAG File Processing Stats

File Path                             PID    Runtime      # DAGs    # Errors  Last Runtime    Last Run               Last # of DB Queries
------------------------------------  -----  ---------  --------  ----------  --------------  -------------------  ----------------------
/opt/airflow/dags/etl_airflow_dag.py                           1           0  1.60s           2025-12-16T14:58:15                      10
================================================================================
[2025-12-16T14:58:42.068+0000] {manager.py:821} INFO - Searching for files in /opt/airflow/dags
[2025-12-16T14:58:42.112+0000] {manager.py:824} INFO - There are 1 files in /opt/airflow/dags
[2025-12-16T14:58:48.601+0000] {manager.py:997} INFO - 
================================================================================
DAG File Processing Stats

File Path                             PID    Runtime      # DAGs    # Errors  Last Runtime    Last Run               Last # of DB Queries
------------------------------------  -----  ---------  --------  ----------  --------------  -------------------  ----------------------
/opt/airflow/dags/etl_airflow_dag.py                           1           0  1.66s           2025-12-16T14:58:46                      10
================================================================================
[2025-12-16T14:59:18.852+0000] {manager.py:997} INFO - 
================================================================================
DAG File Processing Stats

File Path                             PID    Runtime      # DAGs    # Errors  Last Runtime    Last Run               Last # of DB Queries
------------------------------------  -----  ---------  --------  ----------  --------------  -------------------  ----------------------
/opt/airflow/dags/etl_airflow_dag.py                           1           0  1.71s           2025-12-16T14:59:18                      10
================================================================================
[2025-12-16T14:59:48.918+0000] {manager.py:997} INFO - 
================================================================================
DAG File Processing Stats

File Path                               PID  Runtime      # DAGs    # Errors  Last Runtime    Last Run               Last # of DB Queries
------------------------------------  -----  ---------  --------  ----------  --------------  -------------------  ----------------------
/opt/airflow/dags/etl_airflow_dag.py    325  0.02s             1           0  1.71s           2025-12-16T14:59:18                      10
================================================================================
[2025-12-16T15:00:19.720+0000] {manager.py:997} INFO - 
================================================================================
DAG File Processing Stats

File Path                             PID    Runtime      # DAGs    # Errors  Last Runtime    Last Run               Last # of DB Queries
------------------------------------  -----  ---------  --------  ----------  --------------  -------------------  ----------------------
/opt/airflow/dags/etl_airflow_dag.py                           1           0  1.55s           2025-12-16T14:59:50                      10
================================================================================
[2025-12-16T15:00:50.308+0000] {manager.py:997} INFO - 
================================================================================
DAG File Processing Stats

File Path                             PID    Runtime      # DAGs    # Errors  Last Runtime    Last Run               Last # of DB Queries
------------------------------------  -----  ---------  --------  ----------  --------------  -------------------  ----------------------
/opt/airflow/dags/etl_airflow_dag.py                           1           0  1.52s           2025-12-16T15:00:22                      10
================================================================================
[2025-12-16T15:01:21.139+0000] {manager.py:997} INFO - 
================================================================================
DAG File Processing Stats

File Path                             PID    Runtime      # DAGs    # Errors  Last Runtime    Last Run               Last # of DB Queries
------------------------------------  -----  ---------  --------  ----------  --------------  -------------------  ----------------------
/opt/airflow/dags/etl_airflow_dag.py                           1           0  1.61s           2025-12-16T15:00:53                      10
================================================================================
[2025-12-16T15:01:51.233+0000] {manager.py:997} INFO - 
================================================================================
DAG File Processing Stats

File Path                             PID    Runtime      # DAGs    # Errors  Last Runtime    Last Run               Last # of DB Queries
------------------------------------  -----  ---------  --------  ----------  --------------  -------------------  ----------------------
/opt/airflow/dags/etl_airflow_dag.py                           1           0  2.26s           2025-12-16T15:01:29                      10
================================================================================
[2025-12-16T15:02:21.798+0000] {manager.py:997} INFO - 
================================================================================
DAG File Processing Stats

File Path                             PID    Runtime      # DAGs    # Errors  Last Runtime    Last Run               Last # of DB Queries
------------------------------------  -----  ---------  --------  ----------  --------------  -------------------  ----------------------
/opt/airflow/dags/etl_airflow_dag.py                           1           0  1.49s           2025-12-16T15:02:01                      10
================================================================================
[2025-12-16T15:02:52.651+0000] {manager.py:997} INFO - 
================================================================================
DAG File Processing Stats

File Path                             PID    Runtime      # DAGs    # Errors  Last Runtime    Last Run               Last # of DB Queries
------------------------------------  -----  ---------  --------  ----------  --------------  -------------------  ----------------------
/opt/airflow/dags/etl_airflow_dag.py                           1           0  1.56s           2025-12-16T15:02:33                      10
================================================================================
[2025-12-16T15:03:23.487+0000] {manager.py:997} INFO - 
================================================================================
DAG File Processing Stats

File Path                             PID    Runtime      # DAGs    # Errors  Last Runtime    Last Run               Last # of DB Queries
------------------------------------  -----  ---------  --------  ----------  --------------  -------------------  ----------------------
/opt/airflow/dags/etl_airflow_dag.py                           1           0  2.37s           2025-12-16T15:03:06                      10
================================================================================
[2025-12-16T15:03:42.464+0000] {manager.py:821} INFO - Searching for files in /opt/airflow/dags
[2025-12-16T15:03:42.515+0000] {manager.py:824} INFO - There are 1 files in /opt/airflow/dags
[2025-12-16T15:03:53.764+0000] {manager.py:997} INFO - 
================================================================================
DAG File Processing Stats

File Path                             PID    Runtime      # DAGs    # Errors  Last Runtime    Last Run               Last # of DB Queries
------------------------------------  -----  ---------  --------  ----------  --------------  -------------------  ----------------------
/opt/airflow/dags/etl_airflow_dag.py                           1           0  1.49s           2025-12-16T15:03:38                      10
================================================================================
[2025-12-16T15:04:24.528+0000] {manager.py:997} INFO - 
================================================================================
DAG File Processing Stats

File Path                             PID    Runtime      # DAGs    # Errors  Last Runtime    Last Run               Last # of DB Queries
------------------------------------  -----  ---------  --------  ----------  --------------  -------------------  ----------------------
/opt/airflow/dags/etl_airflow_dag.py                           1           0  1.44s           2025-12-16T15:04:10                      10
================================================================================
[2025-12-16T15:04:55.215+0000] {manager.py:997} INFO - 
================================================================================
DAG File Processing Stats

File Path                             PID    Runtime      # DAGs    # Errors  Last Runtime    Last Run               Last # of DB Queries
------------------------------------  -----  ---------  --------  ----------  --------------  -------------------  ----------------------
/opt/airflow/dags/etl_airflow_dag.py                           1           0  1.43s           2025-12-16T15:04:42                      10
================================================================================
[2025-12-16T15:05:25.822+0000] {manager.py:997} INFO - 
================================================================================
DAG File Processing Stats

File Path                             PID    Runtime      # DAGs    # Errors  Last Runtime    Last Run               Last # of DB Queries
------------------------------------  -----  ---------  --------  ----------  --------------  -------------------  ----------------------
/opt/airflow/dags/etl_airflow_dag.py                           1           0  1.31s           2025-12-16T15:05:13                      10
================================================================================
[2025-12-16T15:05:56.429+0000] {manager.py:997} INFO - 
================================================================================
DAG File Processing Stats

File Path                             PID    Runtime      # DAGs    # Errors  Last Runtime    Last Run               Last # of DB Queries
------------------------------------  -----  ---------  --------  ----------  --------------  -------------------  ----------------------
/opt/airflow/dags/etl_airflow_dag.py                           1           0  1.41s           2025-12-16T15:05:45                      10
================================================================================
[2025-12-16T15:06:26.563+0000] {manager.py:997} INFO - 
================================================================================
DAG File Processing Stats

File Path                             PID    Runtime      # DAGs    # Errors  Last Runtime    Last Run               Last # of DB Queries
------------------------------------  -----  ---------  --------  ----------  --------------  -------------------  ----------------------
/opt/airflow/dags/etl_airflow_dag.py                           1           0  1.67s           2025-12-16T15:06:17                      10
================================================================================
[2025-12-16T15:06:56.608+0000] {manager.py:997} INFO - 
================================================================================
DAG File Processing Stats

File Path                             PID    Runtime      # DAGs    # Errors  Last Runtime    Last Run               Last # of DB Queries
------------------------------------  -----  ---------  --------  ----------  --------------  -------------------  ----------------------
/opt/airflow/dags/etl_airflow_dag.py                           1           0  1.38s           2025-12-16T15:06:48                      10
================================================================================
[2025-12-16T15:07:26.838+0000] {manager.py:997} INFO - 
================================================================================
DAG File Processing Stats

File Path                             PID    Runtime      # DAGs    # Errors  Last Runtime    Last Run               Last # of DB Queries
------------------------------------  -----  ---------  --------  ----------  --------------  -------------------  ----------------------
/opt/airflow/dags/etl_airflow_dag.py                           1           0  1.76s           2025-12-16T15:07:20                      10
================================================================================
[2025-12-16T15:07:57.312+0000] {manager.py:997} INFO - 
================================================================================
DAG File Processing Stats

File Path                             PID    Runtime      # DAGs    # Errors  Last Runtime    Last Run               Last # of DB Queries
------------------------------------  -----  ---------  --------  ----------  --------------  -------------------  ----------------------
/opt/airflow/dags/etl_airflow_dag.py                           1           0  1.52s           2025-12-16T15:07:52                      10
================================================================================
[2025-12-16T15:08:27.423+0000] {manager.py:997} INFO - 
================================================================================
DAG File Processing Stats

File Path                             PID    Runtime      # DAGs    # Errors  Last Runtime    Last Run               Last # of DB Queries
------------------------------------  -----  ---------  --------  ----------  --------------  -------------------  ----------------------
/opt/airflow/dags/etl_airflow_dag.py                           1           0  1.65s           2025-12-16T15:08:24                      10
================================================================================
[2025-12-16T15:08:42.606+0000] {manager.py:821} INFO - Searching for files in /opt/airflow/dags
[2025-12-16T15:08:42.655+0000] {manager.py:824} INFO - There are 1 files in /opt/airflow/dags
[2025-12-16T15:08:57.484+0000] {manager.py:997} INFO - 
================================================================================
DAG File Processing Stats

File Path                             PID    Runtime      # DAGs    # Errors  Last Runtime    Last Run               Last # of DB Queries
------------------------------------  -----  ---------  --------  ----------  --------------  -------------------  ----------------------
/opt/airflow/dags/etl_airflow_dag.py                           1           0  1.56s           2025-12-16T15:08:56                      10
================================================================================
[2025-12-16T15:09:27.785+0000] {manager.py:997} INFO - 
================================================================================
DAG File Processing Stats

File Path                               PID  Runtime      # DAGs    # Errors  Last Runtime    Last Run               Last # of DB Queries
------------------------------------  -----  ---------  --------  ----------  --------------  -------------------  ----------------------
/opt/airflow/dags/etl_airflow_dag.py    488  1.03s             1           0  1.56s           2025-12-16T15:08:56                      10
================================================================================
[2025-12-16T15:09:57.840+0000] {manager.py:997} INFO - 
================================================================================
DAG File Processing Stats

File Path                             PID    Runtime      # DAGs    # Errors  Last Runtime    Last Run               Last # of DB Queries
------------------------------------  -----  ---------  --------  ----------  --------------  -------------------  ----------------------
/opt/airflow/dags/etl_airflow_dag.py                           1           0  1.62s           2025-12-16T15:09:28                      10
================================================================================
[2025-12-16T15:10:28.293+0000] {manager.py:997} INFO - 
================================================================================
DAG File Processing Stats

File Path                             PID    Runtime      # DAGs    # Errors  Last Runtime    Last Run               Last # of DB Queries
------------------------------------  -----  ---------  --------  ----------  --------------  -------------------  ----------------------
/opt/airflow/dags/etl_airflow_dag.py                           1           0  1.42s           2025-12-16T15:09:59                      10
================================================================================
[2025-12-16T15:10:58.383+0000] {manager.py:997} INFO - 
================================================================================
DAG File Processing Stats

File Path                             PID    Runtime      # DAGs    # Errors  Last Runtime    Last Run               Last # of DB Queries
------------------------------------  -----  ---------  --------  ----------  --------------  -------------------  ----------------------
/opt/airflow/dags/etl_airflow_dag.py                           1           0  1.45s           2025-12-16T15:10:31                      10
================================================================================
[2025-12-16T15:11:28.471+0000] {manager.py:997} INFO - 
================================================================================
DAG File Processing Stats

File Path                             PID    Runtime      # DAGs    # Errors  Last Runtime    Last Run               Last # of DB Queries
------------------------------------  -----  ---------  --------  ----------  --------------  -------------------  ----------------------
/opt/airflow/dags/etl_airflow_dag.py                           1           0  1.65s           2025-12-16T15:11:03                      10
================================================================================
[2025-12-16T15:11:58.947+0000] {manager.py:997} INFO - 
================================================================================
DAG File Processing Stats

File Path                             PID    Runtime      # DAGs    # Errors  Last Runtime    Last Run               Last # of DB Queries
------------------------------------  -----  ---------  --------  ----------  --------------  -------------------  ----------------------
/opt/airflow/dags/etl_airflow_dag.py                           1           0  1.70s           2025-12-16T15:11:34                      10
================================================================================
[2025-12-16T15:12:29.046+0000] {manager.py:997} INFO - 
================================================================================
DAG File Processing Stats

File Path                             PID    Runtime      # DAGs    # Errors  Last Runtime    Last Run               Last # of DB Queries
------------------------------------  -----  ---------  --------  ----------  --------------  -------------------  ----------------------
/opt/airflow/dags/etl_airflow_dag.py                           1           0  1.66s           2025-12-16T15:12:06                      10
================================================================================
[2025-12-16T15:12:59.524+0000] {manager.py:997} INFO - 
================================================================================
DAG File Processing Stats

File Path                             PID    Runtime      # DAGs    # Errors  Last Runtime    Last Run               Last # of DB Queries
------------------------------------  -----  ---------  --------  ----------  --------------  -------------------  ----------------------
/opt/airflow/dags/etl_airflow_dag.py                           1           0  1.53s           2025-12-16T15:12:38                      10
================================================================================
[2025-12-16T15:13:29.947+0000] {manager.py:997} INFO - 
================================================================================
DAG File Processing Stats

File Path                             PID    Runtime      # DAGs    # Errors  Last Runtime    Last Run               Last # of DB Queries
------------------------------------  -----  ---------  --------  ----------  --------------  -------------------  ----------------------
/opt/airflow/dags/etl_airflow_dag.py                           1           0  1.42s           2025-12-16T15:13:10                      10
================================================================================
[2025-12-16T15:13:43.156+0000] {manager.py:821} INFO - Searching for files in /opt/airflow/dags
[2025-12-16T15:13:43.207+0000] {manager.py:824} INFO - There are 1 files in /opt/airflow/dags
[2025-12-16T15:14:00.463+0000] {manager.py:997} INFO - 
================================================================================
DAG File Processing Stats

File Path                             PID    Runtime      # DAGs    # Errors  Last Runtime    Last Run               Last # of DB Queries
------------------------------------  -----  ---------  --------  ----------  --------------  -------------------  ----------------------
/opt/airflow/dags/etl_airflow_dag.py                           1           0  1.36s           2025-12-16T15:13:41                      10
================================================================================
[2025-12-16T15:14:31.100+0000] {manager.py:997} INFO - 
================================================================================
DAG File Processing Stats

File Path                             PID    Runtime      # DAGs    # Errors  Last Runtime    Last Run               Last # of DB Queries
------------------------------------  -----  ---------  --------  ----------  --------------  -------------------  ----------------------
/opt/airflow/dags/etl_airflow_dag.py                           1           0  1.39s           2025-12-16T15:14:13                      10
================================================================================
[2025-12-16T15:15:01.689+0000] {manager.py:997} INFO - 
================================================================================
DAG File Processing Stats

File Path                             PID    Runtime      # DAGs    # Errors  Last Runtime    Last Run               Last # of DB Queries
------------------------------------  -----  ---------  --------  ----------  --------------  -------------------  ----------------------
/opt/airflow/dags/etl_airflow_dag.py                           1           0  1.46s           2025-12-16T15:14:44                      10
================================================================================
[2025-12-16T15:15:32.411+0000] {manager.py:997} INFO - 
================================================================================
DAG File Processing Stats

File Path                             PID    Runtime      # DAGs    # Errors  Last Runtime    Last Run               Last # of DB Queries
------------------------------------  -----  ---------  --------  ----------  --------------  -------------------  ----------------------
/opt/airflow/dags/etl_airflow_dag.py                           1           0  1.30s           2025-12-16T15:15:16                      10
================================================================================
[2025-12-16T15:16:02.816+0000] {manager.py:997} INFO - 
================================================================================
DAG File Processing Stats

File Path                             PID    Runtime      # DAGs    # Errors  Last Runtime    Last Run               Last # of DB Queries
------------------------------------  -----  ---------  --------  ----------  --------------  -------------------  ----------------------
/opt/airflow/dags/etl_airflow_dag.py                           1           0  1.58s           2025-12-16T15:15:48                      10
================================================================================
[2025-12-16T15:16:33.211+0000] {manager.py:997} INFO - 
================================================================================
DAG File Processing Stats

File Path                             PID    Runtime      # DAGs    # Errors  Last Runtime    Last Run               Last # of DB Queries
------------------------------------  -----  ---------  --------  ----------  --------------  -------------------  ----------------------
/opt/airflow/dags/etl_airflow_dag.py                           1           0  1.60s           2025-12-16T15:16:20                      10
================================================================================
[2025-12-16T15:17:03.714+0000] {manager.py:997} INFO - 
================================================================================
DAG File Processing Stats

File Path                             PID    Runtime      # DAGs    # Errors  Last Runtime    Last Run               Last # of DB Queries
------------------------------------  -----  ---------  --------  ----------  --------------  -------------------  ----------------------
/opt/airflow/dags/etl_airflow_dag.py                           1           0  1.34s           2025-12-16T15:16:51                      10
================================================================================
[2025-12-16T15:17:34.324+0000] {manager.py:997} INFO - 
================================================================================
DAG File Processing Stats

File Path                             PID    Runtime      # DAGs    # Errors  Last Runtime    Last Run               Last # of DB Queries
------------------------------------  -----  ---------  --------  ----------  --------------  -------------------  ----------------------
/opt/airflow/dags/etl_airflow_dag.py                           1           0  1.49s           2025-12-16T15:17:23                      10
================================================================================
[2025-12-16T15:18:05.051+0000] {manager.py:997} INFO - 
================================================================================
DAG File Processing Stats

File Path                             PID    Runtime      # DAGs    # Errors  Last Runtime    Last Run               Last # of DB Queries
------------------------------------  -----  ---------  --------  ----------  --------------  -------------------  ----------------------
/opt/airflow/dags/etl_airflow_dag.py                           1           0  1.38s           2025-12-16T15:17:54                      10
================================================================================
[2025-12-16T15:18:35.435+0000] {manager.py:997} INFO - 
================================================================================
DAG File Processing Stats

File Path                             PID    Runtime      # DAGs    # Errors  Last Runtime    Last Run               Last # of DB Queries
------------------------------------  -----  ---------  --------  ----------  --------------  -------------------  ----------------------
/opt/airflow/dags/etl_airflow_dag.py                           1           0  1.80s           2025-12-16T15:18:27                      10
================================================================================
[2025-12-16T15:18:43.538+0000] {manager.py:821} INFO - Searching for files in /opt/airflow/dags
[2025-12-16T15:18:43.574+0000] {manager.py:824} INFO - There are 1 files in /opt/airflow/dags
[2025-12-16T15:19:06.098+0000] {manager.py:997} INFO - 
================================================================================
DAG File Processing Stats

File Path                             PID    Runtime      # DAGs    # Errors  Last Runtime    Last Run               Last # of DB Queries
------------------------------------  -----  ---------  --------  ----------  --------------  -------------------  ----------------------
/opt/airflow/dags/etl_airflow_dag.py                           1           0  1.41s           2025-12-16T15:18:59                      10
================================================================================
[2025-12-16T15:19:36.754+0000] {manager.py:997} INFO - 
================================================================================
DAG File Processing Stats

File Path                             PID    Runtime      # DAGs    # Errors  Last Runtime    Last Run               Last # of DB Queries
------------------------------------  -----  ---------  --------  ----------  --------------  -------------------  ----------------------
/opt/airflow/dags/etl_airflow_dag.py                           1           0  1.46s           2025-12-16T15:19:30                      10
================================================================================
[2025-12-16T15:20:06.813+0000] {manager.py:997} INFO - 
================================================================================
DAG File Processing Stats

File Path                             PID    Runtime      # DAGs    # Errors  Last Runtime    Last Run               Last # of DB Queries
------------------------------------  -----  ---------  --------  ----------  --------------  -------------------  ----------------------
/opt/airflow/dags/etl_airflow_dag.py                           1           0  1.67s           2025-12-16T15:20:02                      10
================================================================================
[2025-12-16T15:20:37.223+0000] {manager.py:997} INFO - 
================================================================================
DAG File Processing Stats

File Path                             PID    Runtime      # DAGs    # Errors  Last Runtime    Last Run               Last # of DB Queries
------------------------------------  -----  ---------  --------  ----------  --------------  -------------------  ----------------------
/opt/airflow/dags/etl_airflow_dag.py                           1           0  1.56s           2025-12-16T15:20:34                      10
================================================================================
[2025-12-16T15:21:07.934+0000] {manager.py:997} INFO - 
================================================================================
DAG File Processing Stats

File Path                             PID    Runtime      # DAGs    # Errors  Last Runtime    Last Run               Last # of DB Queries
------------------------------------  -----  ---------  --------  ----------  --------------  -------------------  ----------------------
/opt/airflow/dags/etl_airflow_dag.py                           1           0  1.39s           2025-12-16T15:21:06                      10
================================================================================
[2025-12-16T15:21:38.557+0000] {manager.py:997} INFO - 
================================================================================
DAG File Processing Stats

File Path                             PID    Runtime      # DAGs    # Errors  Last Runtime    Last Run               Last # of DB Queries
------------------------------------  -----  ---------  --------  ----------  --------------  -------------------  ----------------------
/opt/airflow/dags/etl_airflow_dag.py                           1           0  1.55s           2025-12-16T15:21:37                      10
================================================================================
[2025-12-16T15:22:09.012+0000] {manager.py:997} INFO - 
================================================================================
DAG File Processing Stats

File Path                               PID  Runtime      # DAGs    # Errors  Last Runtime    Last Run               Last # of DB Queries
------------------------------------  -----  ---------  --------  ----------  --------------  -------------------  ----------------------
/opt/airflow/dags/etl_airflow_dag.py    632  1.03s             1           0  1.55s           2025-12-16T15:21:37                      10
================================================================================
[2025-12-16T15:22:39.757+0000] {manager.py:997} INFO - 
================================================================================
DAG File Processing Stats

File Path                               PID  Runtime      # DAGs    # Errors  Last Runtime    Last Run               Last # of DB Queries
------------------------------------  -----  ---------  --------  ----------  --------------  -------------------  ----------------------
/opt/airflow/dags/etl_airflow_dag.py    638  0.01s             1           0  1.36s           2025-12-16T15:22:09                      10
================================================================================
[2025-12-16T15:23:10.285+0000] {manager.py:997} INFO - 
================================================================================
DAG File Processing Stats

File Path                             PID    Runtime      # DAGs    # Errors  Last Runtime    Last Run               Last # of DB Queries
------------------------------------  -----  ---------  --------  ----------  --------------  -------------------  ----------------------
/opt/airflow/dags/etl_airflow_dag.py                           1           0  1.30s           2025-12-16T15:22:41                      10
================================================================================
[2025-12-16T15:23:40.863+0000] {manager.py:997} INFO - 
================================================================================
DAG File Processing Stats

File Path                             PID    Runtime      # DAGs    # Errors  Last Runtime    Last Run               Last # of DB Queries
------------------------------------  -----  ---------  --------  ----------  --------------  -------------------  ----------------------
/opt/airflow/dags/etl_airflow_dag.py                           1           0  1.40s           2025-12-16T15:23:12                      10
================================================================================
[2025-12-16T15:23:43.928+0000] {manager.py:821} INFO - Searching for files in /opt/airflow/dags
[2025-12-16T15:23:43.974+0000] {manager.py:824} INFO - There are 1 files in /opt/airflow/dags
[2025-12-16T15:24:11.473+0000] {manager.py:997} INFO - 
================================================================================
DAG File Processing Stats

File Path                             PID    Runtime      # DAGs    # Errors  Last Runtime    Last Run               Last # of DB Queries
------------------------------------  -----  ---------  --------  ----------  --------------  -------------------  ----------------------
/opt/airflow/dags/etl_airflow_dag.py                           1           0  1.54s           2025-12-16T15:23:44                      10
================================================================================
[2025-12-16T15:24:41.842+0000] {manager.py:997} INFO - 
================================================================================
DAG File Processing Stats

File Path                             PID    Runtime      # DAGs    # Errors  Last Runtime    Last Run               Last # of DB Queries
------------------------------------  -----  ---------  --------  ----------  --------------  -------------------  ----------------------
/opt/airflow/dags/etl_airflow_dag.py                           1           0  1.31s           2025-12-16T15:24:15                      10
================================================================================
[2025-12-16T15:25:12.524+0000] {manager.py:997} INFO - 
================================================================================
DAG File Processing Stats

File Path                             PID    Runtime      # DAGs    # Errors  Last Runtime    Last Run               Last # of DB Queries
------------------------------------  -----  ---------  --------  ----------  --------------  -------------------  ----------------------
/opt/airflow/dags/etl_airflow_dag.py                           1           0  1.35s           2025-12-16T15:24:47                      10
================================================================================
[2025-12-16T15:25:43.069+0000] {manager.py:997} INFO - 
================================================================================
DAG File Processing Stats

File Path                             PID    Runtime      # DAGs    # Errors  Last Runtime    Last Run               Last # of DB Queries
------------------------------------  -----  ---------  --------  ----------  --------------  -------------------  ----------------------
/opt/airflow/dags/etl_airflow_dag.py                           1           0  1.43s           2025-12-16T15:25:19                      10
================================================================================
[2025-12-16T15:26:13.804+0000] {manager.py:997} INFO - 
================================================================================
DAG File Processing Stats

File Path                             PID    Runtime      # DAGs    # Errors  Last Runtime    Last Run               Last # of DB Queries
------------------------------------  -----  ---------  --------  ----------  --------------  -------------------  ----------------------
/opt/airflow/dags/etl_airflow_dag.py                           1           0  1.37s           2025-12-16T15:25:50                      10
================================================================================
[2025-12-16T15:26:44.279+0000] {manager.py:997} INFO - 
================================================================================
DAG File Processing Stats

File Path                             PID    Runtime      # DAGs    # Errors  Last Runtime    Last Run               Last # of DB Queries
------------------------------------  -----  ---------  --------  ----------  --------------  -------------------  ----------------------
/opt/airflow/dags/etl_airflow_dag.py                           1           0  1.39s           2025-12-16T15:26:22                      10
================================================================================
[2025-12-16T15:27:15.037+0000] {manager.py:997} INFO - 
================================================================================
DAG File Processing Stats

File Path                             PID    Runtime      # DAGs    # Errors  Last Runtime    Last Run               Last # of DB Queries
------------------------------------  -----  ---------  --------  ----------  --------------  -------------------  ----------------------
/opt/airflow/dags/etl_airflow_dag.py                           1           0  1.53s           2025-12-16T15:26:53                      10
================================================================================
[2025-12-16T15:27:45.795+0000] {manager.py:997} INFO - 
================================================================================
DAG File Processing Stats

File Path                             PID    Runtime      # DAGs    # Errors  Last Runtime    Last Run               Last # of DB Queries
------------------------------------  -----  ---------  --------  ----------  --------------  -------------------  ----------------------
/opt/airflow/dags/etl_airflow_dag.py                           1           0  1.37s           2025-12-16T15:27:25                      10
================================================================================
[2025-12-16T15:28:16.338+0000] {manager.py:997} INFO - 
================================================================================
DAG File Processing Stats

File Path                             PID    Runtime      # DAGs    # Errors  Last Runtime    Last Run               Last # of DB Queries
------------------------------------  -----  ---------  --------  ----------  --------------  -------------------  ----------------------
/opt/airflow/dags/etl_airflow_dag.py                           1           0  1.41s           2025-12-16T15:27:57                      10
================================================================================
[2025-12-16T15:28:43.958+0000] {manager.py:821} INFO - Searching for files in /opt/airflow/dags
[2025-12-16T15:28:44.004+0000] {manager.py:824} INFO - There are 1 files in /opt/airflow/dags
[2025-12-16T15:28:46.759+0000] {manager.py:997} INFO - 
================================================================================
DAG File Processing Stats

File Path                             PID    Runtime      # DAGs    # Errors  Last Runtime    Last Run               Last # of DB Queries
------------------------------------  -----  ---------  --------  ----------  --------------  -------------------  ----------------------
/opt/airflow/dags/etl_airflow_dag.py                           1           0  1.28s           2025-12-16T15:28:28                      10
================================================================================
[2025-12-16T15:29:16.776+0000] {manager.py:997} INFO - 
================================================================================
DAG File Processing Stats

File Path                             PID    Runtime      # DAGs    # Errors  Last Runtime    Last Run               Last # of DB Queries
------------------------------------  -----  ---------  --------  ----------  --------------  -------------------  ----------------------
/opt/airflow/dags/etl_airflow_dag.py                           1           0  1.59s           2025-12-16T15:29:00                      10
================================================================================
[2025-12-16T15:29:47.185+0000] {manager.py:997} INFO - 
================================================================================
DAG File Processing Stats

File Path                             PID    Runtime      # DAGs    # Errors  Last Runtime    Last Run               Last # of DB Queries
------------------------------------  -----  ---------  --------  ----------  --------------  -------------------  ----------------------
/opt/airflow/dags/etl_airflow_dag.py                           1           0  1.40s           2025-12-16T15:29:32                      10
================================================================================
[2025-12-16T15:30:17.841+0000] {manager.py:997} INFO - 
================================================================================
DAG File Processing Stats

File Path                             PID    Runtime      # DAGs    # Errors  Last Runtime    Last Run               Last # of DB Queries
------------------------------------  -----  ---------  --------  ----------  --------------  -------------------  ----------------------
/opt/airflow/dags/etl_airflow_dag.py                           1           0  1.37s           2025-12-16T15:30:03                      10
================================================================================
[2025-12-16T15:30:48.393+0000] {manager.py:997} INFO - 
================================================================================
DAG File Processing Stats

File Path                             PID    Runtime      # DAGs    # Errors  Last Runtime    Last Run               Last # of DB Queries
------------------------------------  -----  ---------  --------  ----------  --------------  -------------------  ----------------------
/opt/airflow/dags/etl_airflow_dag.py                           1           0  1.42s           2025-12-16T15:30:35                      10
================================================================================
[2025-12-16T15:31:18.441+0000] {manager.py:997} INFO - 
================================================================================
DAG File Processing Stats

File Path                             PID    Runtime      # DAGs    # Errors  Last Runtime    Last Run               Last # of DB Queries
------------------------------------  -----  ---------  --------  ----------  --------------  -------------------  ----------------------
/opt/airflow/dags/etl_airflow_dag.py                           1           0  1.56s           2025-12-16T15:31:07                      10
================================================================================
[2025-12-16T15:31:48.824+0000] {manager.py:997} INFO - 
================================================================================
DAG File Processing Stats

File Path                             PID    Runtime      # DAGs    # Errors  Last Runtime    Last Run               Last # of DB Queries
------------------------------------  -----  ---------  --------  ----------  --------------  -------------------  ----------------------
/opt/airflow/dags/etl_airflow_dag.py                           1           0  1.52s           2025-12-16T15:31:38                      10
================================================================================
[2025-12-16T15:32:19.476+0000] {manager.py:997} INFO - 
================================================================================
DAG File Processing Stats

File Path                             PID    Runtime      # DAGs    # Errors  Last Runtime    Last Run               Last # of DB Queries
------------------------------------  -----  ---------  --------  ----------  --------------  -------------------  ----------------------
/opt/airflow/dags/etl_airflow_dag.py                           1           0  1.47s           2025-12-16T15:32:10                      10
================================================================================
[2025-12-16T15:32:49.682+0000] {manager.py:997} INFO - 
================================================================================
DAG File Processing Stats

File Path                             PID    Runtime      # DAGs    # Errors  Last Runtime    Last Run               Last # of DB Queries
------------------------------------  -----  ---------  --------  ----------  --------------  -------------------  ----------------------
/opt/airflow/dags/etl_airflow_dag.py                           1           0  1.75s           2025-12-16T15:32:42                      10
================================================================================
[2025-12-16T15:33:20.121+0000] {manager.py:997} INFO - 
================================================================================
DAG File Processing Stats

File Path                             PID    Runtime      # DAGs    # Errors  Last Runtime    Last Run               Last # of DB Queries
------------------------------------  -----  ---------  --------  ----------  --------------  -------------------  ----------------------
/opt/airflow/dags/etl_airflow_dag.py                           1           0  1.73s           2025-12-16T15:33:14                      10
================================================================================
[2025-12-16T15:33:44.465+0000] {manager.py:821} INFO - Searching for files in /opt/airflow/dags
[2025-12-16T15:33:44.514+0000] {manager.py:824} INFO - There are 1 files in /opt/airflow/dags
[2025-12-16T15:33:50.176+0000] {manager.py:997} INFO - 
================================================================================
DAG File Processing Stats

File Path                             PID    Runtime      # DAGs    # Errors  Last Runtime    Last Run               Last # of DB Queries
------------------------------------  -----  ---------  --------  ----------  --------------  -------------------  ----------------------
/opt/airflow/dags/etl_airflow_dag.py                           1           0  1.53s           2025-12-16T15:33:46                      10
================================================================================
[2025-12-16T15:34:20.607+0000] {manager.py:997} INFO - 
================================================================================
DAG File Processing Stats

File Path                             PID    Runtime      # DAGs    # Errors  Last Runtime    Last Run               Last # of DB Queries
------------------------------------  -----  ---------  --------  ----------  --------------  -------------------  ----------------------
/opt/airflow/dags/etl_airflow_dag.py                           1           0  1.41s           2025-12-16T15:34:17                      10
================================================================================
[2025-12-16T15:34:50.664+0000] {manager.py:997} INFO - 
================================================================================
DAG File Processing Stats

File Path                             PID    Runtime      # DAGs    # Errors  Last Runtime    Last Run               Last # of DB Queries
------------------------------------  -----  ---------  --------  ----------  --------------  -------------------  ----------------------
/opt/airflow/dags/etl_airflow_dag.py                           1           0  1.60s           2025-12-16T15:34:49                      10
================================================================================
[2025-12-16T15:35:21.111+0000] {manager.py:997} INFO - 
================================================================================
DAG File Processing Stats

File Path                               PID  Runtime      # DAGs    # Errors  Last Runtime    Last Run               Last # of DB Queries
------------------------------------  -----  ---------  --------  ----------  --------------  -------------------  ----------------------
/opt/airflow/dags/etl_airflow_dag.py    782  1.07s             1           0  1.60s           2025-12-16T15:34:49                      10
================================================================================
[2025-12-16T15:35:51.994+0000] {manager.py:997} INFO - 
================================================================================
DAG File Processing Stats

File Path                               PID  Runtime      # DAGs    # Errors  Last Runtime    Last Run               Last # of DB Queries
------------------------------------  -----  ---------  --------  ----------  --------------  -------------------  ----------------------
/opt/airflow/dags/etl_airflow_dag.py    788  0.01s             1           0  1.58s           2025-12-16T15:35:21                      10
================================================================================
[2025-12-16T15:36:22.303+0000] {manager.py:997} INFO - 
================================================================================
DAG File Processing Stats

File Path                             PID    Runtime      # DAGs    # Errors  Last Runtime    Last Run               Last # of DB Queries
------------------------------------  -----  ---------  --------  ----------  --------------  -------------------  ----------------------
/opt/airflow/dags/etl_airflow_dag.py                           1           0  1.77s           2025-12-16T15:36:05                      10
================================================================================
[2025-12-16T15:36:52.662+0000] {manager.py:997} INFO - 
================================================================================
DAG File Processing Stats

File Path                             PID    Runtime      # DAGs    # Errors  Last Runtime    Last Run               Last # of DB Queries
------------------------------------  -----  ---------  --------  ----------  --------------  -------------------  ----------------------
/opt/airflow/dags/etl_airflow_dag.py                           1           0  1.88s           2025-12-16T15:36:36                      10
================================================================================
[2025-12-16T15:37:22.917+0000] {manager.py:997} INFO - 
================================================================================
DAG File Processing Stats

File Path                             PID    Runtime      # DAGs    # Errors  Last Runtime    Last Run               Last # of DB Queries
------------------------------------  -----  ---------  --------  ----------  --------------  -------------------  ----------------------
/opt/airflow/dags/etl_airflow_dag.py                           1           0  1.32s           2025-12-16T15:37:08                      10
================================================================================
[2025-12-16T15:37:53.387+0000] {manager.py:997} INFO - 
================================================================================
DAG File Processing Stats

File Path                             PID    Runtime      # DAGs    # Errors  Last Runtime    Last Run               Last # of DB Queries
------------------------------------  -----  ---------  --------  ----------  --------------  -------------------  ----------------------
/opt/airflow/dags/etl_airflow_dag.py                           1           0  1.41s           2025-12-16T15:37:40                      10
================================================================================
[2025-12-16T15:38:23.507+0000] {manager.py:997} INFO - 
================================================================================
DAG File Processing Stats

File Path                             PID    Runtime      # DAGs    # Errors  Last Runtime    Last Run               Last # of DB Queries
------------------------------------  -----  ---------  --------  ----------  --------------  -------------------  ----------------------
/opt/airflow/dags/etl_airflow_dag.py                           1           0  1.70s           2025-12-16T15:38:12                      10
================================================================================
[2025-12-16T15:38:45.174+0000] {manager.py:821} INFO - Searching for files in /opt/airflow/dags
[2025-12-16T15:38:45.227+0000] {manager.py:824} INFO - There are 1 files in /opt/airflow/dags
[2025-12-16T15:38:54.401+0000] {manager.py:997} INFO - 
================================================================================
DAG File Processing Stats

File Path                             PID    Runtime      # DAGs    # Errors  Last Runtime    Last Run               Last # of DB Queries
------------------------------------  -----  ---------  --------  ----------  --------------  -------------------  ----------------------
/opt/airflow/dags/etl_airflow_dag.py                           1           0  1.38s           2025-12-16T15:38:44                      10
================================================================================
[2025-12-16T15:39:24.579+0000] {manager.py:997} INFO - 
================================================================================
DAG File Processing Stats

File Path                             PID    Runtime      # DAGs    # Errors  Last Runtime    Last Run               Last # of DB Queries
------------------------------------  -----  ---------  --------  ----------  --------------  -------------------  ----------------------
/opt/airflow/dags/etl_airflow_dag.py                           1           0  1.73s           2025-12-16T15:39:16                      10
================================================================================
[2025-12-16T15:39:55.281+0000] {manager.py:997} INFO - 
================================================================================
DAG File Processing Stats

File Path                             PID    Runtime      # DAGs    # Errors  Last Runtime    Last Run               Last # of DB Queries
------------------------------------  -----  ---------  --------  ----------  --------------  -------------------  ----------------------
/opt/airflow/dags/etl_airflow_dag.py                           1           0  1.34s           2025-12-16T15:39:48                      10
================================================================================
[2025-12-16T15:40:25.822+0000] {manager.py:997} INFO - 
================================================================================
DAG File Processing Stats

File Path                             PID    Runtime      # DAGs    # Errors  Last Runtime    Last Run               Last # of DB Queries
------------------------------------  -----  ---------  --------  ----------  --------------  -------------------  ----------------------
/opt/airflow/dags/etl_airflow_dag.py                           1           0  1.36s           2025-12-16T15:40:20                      10
================================================================================
[2025-12-16T15:40:55.891+0000] {manager.py:997} INFO - 
================================================================================
DAG File Processing Stats

File Path                             PID    Runtime      # DAGs    # Errors  Last Runtime    Last Run               Last # of DB Queries
------------------------------------  -----  ---------  --------  ----------  --------------  -------------------  ----------------------
/opt/airflow/dags/etl_airflow_dag.py                           0           0  1.60s           2025-12-16T15:40:53                       3
================================================================================
[2025-12-16T15:41:26.003+0000] {manager.py:997} INFO - 
================================================================================
DAG File Processing Stats

File Path                             PID    Runtime      # DAGs    # Errors  Last Runtime    Last Run               Last # of DB Queries
------------------------------------  -----  ---------  --------  ----------  --------------  -------------------  ----------------------
/opt/airflow/dags/etl_airflow_dag.py                           1           0  2.23s           2025-12-16T15:41:01                      32
================================================================================
[2025-12-16T15:41:56.161+0000] {manager.py:997} INFO - 
================================================================================
DAG File Processing Stats

File Path                             PID    Runtime      # DAGs    # Errors  Last Runtime    Last Run               Last # of DB Queries
------------------------------------  -----  ---------  --------  ----------  --------------  -------------------  ----------------------
/opt/airflow/dags/etl_airflow_dag.py                           1           0  1.74s           2025-12-16T15:41:33                      10
================================================================================
[2025-12-16T15:42:26.546+0000] {manager.py:997} INFO - 
================================================================================
DAG File Processing Stats

File Path                             PID    Runtime      # DAGs    # Errors  Last Runtime    Last Run               Last # of DB Queries
------------------------------------  -----  ---------  --------  ----------  --------------  -------------------  ----------------------
/opt/airflow/dags/etl_airflow_dag.py                           1           0  1.90s           2025-12-16T15:42:05                      10
================================================================================
[2025-12-16T15:42:56.743+0000] {manager.py:997} INFO - 
================================================================================
DAG File Processing Stats

File Path                             PID    Runtime      # DAGs    # Errors  Last Runtime    Last Run               Last # of DB Queries
------------------------------------  -----  ---------  --------  ----------  --------------  -------------------  ----------------------
/opt/airflow/dags/etl_airflow_dag.py                           1           0  1.18s           2025-12-16T15:42:37                      10
================================================================================
[2025-12-16T15:43:27.264+0000] {manager.py:997} INFO - 
================================================================================
DAG File Processing Stats

File Path                             PID    Runtime      # DAGs    # Errors  Last Runtime    Last Run               Last # of DB Queries
------------------------------------  -----  ---------  --------  ----------  --------------  -------------------  ----------------------
/opt/airflow/dags/etl_airflow_dag.py                           1           0  1.67s           2025-12-16T15:43:09                      10
================================================================================
[2025-12-16T15:43:45.946+0000] {manager.py:821} INFO - Searching for files in /opt/airflow/dags
[2025-12-16T15:43:46.032+0000] {manager.py:824} INFO - There are 1 files in /opt/airflow/dags
[2025-12-16T15:43:57.276+0000] {manager.py:997} INFO - 
================================================================================
DAG File Processing Stats

File Path                             PID    Runtime      # DAGs    # Errors  Last Runtime    Last Run               Last # of DB Queries
------------------------------------  -----  ---------  --------  ----------  --------------  -------------------  ----------------------
/opt/airflow/dags/etl_airflow_dag.py                           1           0  1.55s           2025-12-16T15:43:41                      10
================================================================================
[2025-12-16T15:44:27.771+0000] {manager.py:997} INFO - 
================================================================================
DAG File Processing Stats

File Path                             PID    Runtime      # DAGs    # Errors  Last Runtime    Last Run               Last # of DB Queries
------------------------------------  -----  ---------  --------  ----------  --------------  -------------------  ----------------------
/opt/airflow/dags/etl_airflow_dag.py                           1           0  1.41s           2025-12-16T15:44:12                      10
================================================================================
[2025-12-16T15:44:58.513+0000] {manager.py:997} INFO - 
================================================================================
DAG File Processing Stats

File Path                             PID    Runtime      # DAGs    # Errors  Last Runtime    Last Run               Last # of DB Queries
------------------------------------  -----  ---------  --------  ----------  --------------  -------------------  ----------------------
/opt/airflow/dags/etl_airflow_dag.py                           1           0  1.45s           2025-12-16T15:44:44                      10
================================================================================
[2025-12-16T15:45:28.681+0000] {manager.py:997} INFO - 
================================================================================
DAG File Processing Stats

File Path                             PID    Runtime      # DAGs    # Errors  Last Runtime    Last Run               Last # of DB Queries
------------------------------------  -----  ---------  --------  ----------  --------------  -------------------  ----------------------
/opt/airflow/dags/etl_airflow_dag.py                           1           0  1.76s           2025-12-16T15:45:16                      10
================================================================================
[2025-12-16T15:45:59.112+0000] {manager.py:997} INFO - 
================================================================================
DAG File Processing Stats

File Path                             PID    Runtime      # DAGs    # Errors  Last Runtime    Last Run               Last # of DB Queries
------------------------------------  -----  ---------  --------  ----------  --------------  -------------------  ----------------------
/opt/airflow/dags/etl_airflow_dag.py                           1           0  1.28s           2025-12-16T15:45:48                      10
================================================================================
[2025-12-16T15:46:29.949+0000] {manager.py:997} INFO - 
================================================================================
DAG File Processing Stats

File Path                             PID    Runtime      # DAGs    # Errors  Last Runtime    Last Run               Last # of DB Queries
------------------------------------  -----  ---------  --------  ----------  --------------  -------------------  ----------------------
/opt/airflow/dags/etl_airflow_dag.py                           1           0  1.57s           2025-12-16T15:46:19                      10
================================================================================
[2025-12-16T15:47:00.539+0000] {manager.py:997} INFO - 
================================================================================
DAG File Processing Stats

File Path                             PID    Runtime      # DAGs    # Errors  Last Runtime    Last Run               Last # of DB Queries
------------------------------------  -----  ---------  --------  ----------  --------------  -------------------  ----------------------
/opt/airflow/dags/etl_airflow_dag.py                           1           0  1.43s           2025-12-16T15:46:51                      10
================================================================================
[2025-12-16T15:47:31.260+0000] {manager.py:997} INFO - 
================================================================================
DAG File Processing Stats

File Path                             PID    Runtime      # DAGs    # Errors  Last Runtime    Last Run               Last # of DB Queries
------------------------------------  -----  ---------  --------  ----------  --------------  -------------------  ----------------------
/opt/airflow/dags/etl_airflow_dag.py                           1           0  1.50s           2025-12-16T15:47:23                      10
================================================================================
[2025-12-16T15:48:01.841+0000] {manager.py:997} INFO - 
================================================================================
DAG File Processing Stats

File Path                             PID    Runtime      # DAGs    # Errors  Last Runtime    Last Run               Last # of DB Queries
------------------------------------  -----  ---------  --------  ----------  --------------  -------------------  ----------------------
/opt/airflow/dags/etl_airflow_dag.py                           1           0  1.47s           2025-12-16T15:47:55                      10
================================================================================
[2025-12-16T15:48:32.612+0000] {manager.py:997} INFO - 
================================================================================
DAG File Processing Stats

File Path                             PID    Runtime      # DAGs    # Errors  Last Runtime    Last Run               Last # of DB Queries
------------------------------------  -----  ---------  --------  ----------  --------------  -------------------  ----------------------
/opt/airflow/dags/etl_airflow_dag.py                           1           0  1.54s           2025-12-16T15:48:26                      10
================================================================================
[2025-12-16T15:48:45.984+0000] {manager.py:821} INFO - Searching for files in /opt/airflow/dags
[2025-12-16T15:48:46.021+0000] {manager.py:824} INFO - There are 1 files in /opt/airflow/dags
[2025-12-16T15:49:02.941+0000] {manager.py:997} INFO - 
================================================================================
DAG File Processing Stats

File Path                             PID    Runtime      # DAGs    # Errors  Last Runtime    Last Run               Last # of DB Queries
------------------------------------  -----  ---------  --------  ----------  --------------  -------------------  ----------------------
/opt/airflow/dags/etl_airflow_dag.py                           1           0  1.88s           2025-12-16T15:48:58                      10
================================================================================
[2025-12-16T15:49:33.696+0000] {manager.py:997} INFO - 
================================================================================
DAG File Processing Stats

File Path                             PID    Runtime      # DAGs    # Errors  Last Runtime    Last Run               Last # of DB Queries
------------------------------------  -----  ---------  --------  ----------  --------------  -------------------  ----------------------
/opt/airflow/dags/etl_airflow_dag.py                           1           0  1.45s           2025-12-16T15:49:30                      10
================================================================================
[2025-12-16T15:50:04.280+0000] {manager.py:997} INFO - 
================================================================================
DAG File Processing Stats

File Path                             PID    Runtime      # DAGs    # Errors  Last Runtime    Last Run               Last # of DB Queries
------------------------------------  -----  ---------  --------  ----------  --------------  -------------------  ----------------------
/opt/airflow/dags/etl_airflow_dag.py                           1           0  1.53s           2025-12-16T15:50:02                      10
================================================================================
[2025-12-16T15:50:34.928+0000] {manager.py:997} INFO - 
================================================================================
DAG File Processing Stats

File Path                             PID    Runtime      # DAGs    # Errors  Last Runtime    Last Run               Last # of DB Queries
------------------------------------  -----  ---------  --------  ----------  --------------  -------------------  ----------------------
/opt/airflow/dags/etl_airflow_dag.py                           1           0  1.78s           2025-12-16T15:50:34                      10
================================================================================
[2025-12-16T15:51:05.377+0000] {manager.py:997} INFO - 
================================================================================
DAG File Processing Stats

File Path                               PID  Runtime      # DAGs    # Errors  Last Runtime    Last Run               Last # of DB Queries
------------------------------------  -----  ---------  --------  ----------  --------------  -------------------  ----------------------
/opt/airflow/dags/etl_airflow_dag.py   1046  0.02s             1           0  1.78s           2025-12-16T15:50:34                      10
================================================================================
[2025-12-16T15:51:36.015+0000] {manager.py:997} INFO - 
================================================================================
DAG File Processing Stats

File Path                             PID    Runtime      # DAGs    # Errors  Last Runtime    Last Run               Last # of DB Queries
------------------------------------  -----  ---------  --------  ----------  --------------  -------------------  ----------------------
/opt/airflow/dags/etl_airflow_dag.py                           1           0  1.48s           2025-12-16T15:51:06                      10
================================================================================
[2025-12-16T15:52:06.629+0000] {manager.py:997} INFO - 
================================================================================
DAG File Processing Stats

File Path                             PID    Runtime      # DAGs    # Errors  Last Runtime    Last Run               Last # of DB Queries
------------------------------------  -----  ---------  --------  ----------  --------------  -------------------  ----------------------
/opt/airflow/dags/etl_airflow_dag.py                           1           0  1.55s           2025-12-16T15:51:38                      10
================================================================================
[2025-12-16T15:52:37.434+0000] {manager.py:997} INFO - 
================================================================================
DAG File Processing Stats

File Path                             PID    Runtime      # DAGs    # Errors  Last Runtime    Last Run               Last # of DB Queries
------------------------------------  -----  ---------  --------  ----------  --------------  -------------------  ----------------------
/opt/airflow/dags/etl_airflow_dag.py                           1           0  1.57s           2025-12-16T15:52:10                      10
================================================================================
[2025-12-16T15:53:07.665+0000] {manager.py:997} INFO - 
================================================================================
DAG File Processing Stats

File Path                             PID    Runtime      # DAGs    # Errors  Last Runtime    Last Run               Last # of DB Queries
------------------------------------  -----  ---------  --------  ----------  --------------  -------------------  ----------------------
/opt/airflow/dags/etl_airflow_dag.py                           1           0  1.81s           2025-12-16T15:52:42                      10
================================================================================
[2025-12-16T15:53:38.462+0000] {manager.py:997} INFO - 
================================================================================
DAG File Processing Stats

File Path                             PID    Runtime      # DAGs    # Errors  Last Runtime    Last Run               Last # of DB Queries
------------------------------------  -----  ---------  --------  ----------  --------------  -------------------  ----------------------
/opt/airflow/dags/etl_airflow_dag.py                           1           0  1.46s           2025-12-16T15:53:14                      10
================================================================================
[2025-12-16T15:53:46.109+0000] {manager.py:821} INFO - Searching for files in /opt/airflow/dags
[2025-12-16T15:53:46.147+0000] {manager.py:824} INFO - There are 1 files in /opt/airflow/dags
[2025-12-16T15:54:09.110+0000] {manager.py:997} INFO - 
================================================================================
DAG File Processing Stats

File Path                             PID    Runtime      # DAGs    # Errors  Last Runtime    Last Run               Last # of DB Queries
------------------------------------  -----  ---------  --------  ----------  --------------  -------------------  ----------------------
/opt/airflow/dags/etl_airflow_dag.py                           1           0  1.51s           2025-12-16T15:53:46                      10
================================================================================
[2025-12-16T15:54:39.105+0000] {manager.py:997} INFO - 
================================================================================
DAG File Processing Stats

File Path                             PID    Runtime      # DAGs    # Errors  Last Runtime    Last Run               Last # of DB Queries
------------------------------------  -----  ---------  --------  ----------  --------------  -------------------  ----------------------
/opt/airflow/dags/etl_airflow_dag.py                           1           0  1.61s           2025-12-16T15:54:17                      10
================================================================================
[2025-12-16T15:55:09.550+0000] {manager.py:997} INFO - 
================================================================================
DAG File Processing Stats

File Path                             PID    Runtime      # DAGs    # Errors  Last Runtime    Last Run               Last # of DB Queries
------------------------------------  -----  ---------  --------  ----------  --------------  -------------------  ----------------------
/opt/airflow/dags/etl_airflow_dag.py                           1           0  1.27s           2025-12-16T15:54:49                      10
================================================================================
[2025-12-16T15:55:39.594+0000] {manager.py:997} INFO - 
================================================================================
DAG File Processing Stats

File Path                             PID    Runtime      # DAGs    # Errors  Last Runtime    Last Run               Last # of DB Queries
------------------------------------  -----  ---------  --------  ----------  --------------  -------------------  ----------------------
/opt/airflow/dags/etl_airflow_dag.py                           1           0  1.63s           2025-12-16T15:55:21                      10
================================================================================
[2025-12-16T15:56:09.998+0000] {manager.py:997} INFO - 
================================================================================
DAG File Processing Stats

File Path                             PID    Runtime      # DAGs    # Errors  Last Runtime    Last Run               Last # of DB Queries
------------------------------------  -----  ---------  --------  ----------  --------------  -------------------  ----------------------
/opt/airflow/dags/etl_airflow_dag.py                           1           0  1.40s           2025-12-16T15:55:53                      10
================================================================================
[2025-12-16T15:56:40.078+0000] {manager.py:997} INFO - 
================================================================================
DAG File Processing Stats

File Path                             PID    Runtime      # DAGs    # Errors  Last Runtime    Last Run               Last # of DB Queries
------------------------------------  -----  ---------  --------  ----------  --------------  -------------------  ----------------------
/opt/airflow/dags/etl_airflow_dag.py                           1           0  1.28s           2025-12-16T15:56:24                      10
================================================================================
[2025-12-16T15:57:10.594+0000] {manager.py:997} INFO - 
================================================================================
DAG File Processing Stats

File Path                             PID    Runtime      # DAGs    # Errors  Last Runtime    Last Run               Last # of DB Queries
------------------------------------  -----  ---------  --------  ----------  --------------  -------------------  ----------------------
/opt/airflow/dags/etl_airflow_dag.py                           1           0  1.30s           2025-12-16T15:56:56                      10
================================================================================
[2025-12-16T15:57:41.093+0000] {manager.py:997} INFO - 
================================================================================
DAG File Processing Stats

File Path                             PID    Runtime      # DAGs    # Errors  Last Runtime    Last Run               Last # of DB Queries
------------------------------------  -----  ---------  --------  ----------  --------------  -------------------  ----------------------
/opt/airflow/dags/etl_airflow_dag.py                           1           0  1.46s           2025-12-16T15:57:28                      10
================================================================================
[2025-12-16T15:58:11.859+0000] {manager.py:997} INFO - 
================================================================================
DAG File Processing Stats

File Path                             PID    Runtime      # DAGs    # Errors  Last Runtime    Last Run               Last # of DB Queries
------------------------------------  -----  ---------  --------  ----------  --------------  -------------------  ----------------------
/opt/airflow/dags/etl_airflow_dag.py                           1           0  1.47s           2025-12-16T15:57:59                      10
================================================================================
[2025-12-16T15:58:42.367+0000] {manager.py:997} INFO - 
================================================================================
DAG File Processing Stats

File Path                             PID    Runtime      # DAGs    # Errors  Last Runtime    Last Run               Last # of DB Queries
------------------------------------  -----  ---------  --------  ----------  --------------  -------------------  ----------------------
/opt/airflow/dags/etl_airflow_dag.py                           1           0  1.22s           2025-12-16T15:58:31                      10
================================================================================
[2025-12-16T15:58:46.431+0000] {manager.py:821} INFO - Searching for files in /opt/airflow/dags
[2025-12-16T15:58:46.471+0000] {manager.py:824} INFO - There are 1 files in /opt/airflow/dags
[2025-12-16T15:59:12.898+0000] {manager.py:997} INFO - 
================================================================================
DAG File Processing Stats

File Path                             PID    Runtime      # DAGs    # Errors  Last Runtime    Last Run               Last # of DB Queries
------------------------------------  -----  ---------  --------  ----------  --------------  -------------------  ----------------------
/opt/airflow/dags/etl_airflow_dag.py                           1           0  1.34s           2025-12-16T15:59:03                      10
================================================================================
[2025-12-16T15:59:43.564+0000] {manager.py:997} INFO - 
================================================================================
DAG File Processing Stats

File Path                             PID    Runtime      # DAGs    # Errors  Last Runtime    Last Run               Last # of DB Queries
------------------------------------  -----  ---------  --------  ----------  --------------  -------------------  ----------------------
/opt/airflow/dags/etl_airflow_dag.py                           1           0  1.52s           2025-12-16T15:59:34                      10
================================================================================
[2025-12-16T16:00:14.182+0000] {manager.py:997} INFO - 
================================================================================
DAG File Processing Stats

File Path                             PID    Runtime      # DAGs    # Errors  Last Runtime    Last Run               Last # of DB Queries
------------------------------------  -----  ---------  --------  ----------  --------------  -------------------  ----------------------
/opt/airflow/dags/etl_airflow_dag.py                           1           0  1.42s           2025-12-16T16:00:06                      10
================================================================================
[2025-12-16T16:00:44.766+0000] {manager.py:997} INFO - 
================================================================================
DAG File Processing Stats

File Path                             PID    Runtime      # DAGs    # Errors  Last Runtime    Last Run               Last # of DB Queries
------------------------------------  -----  ---------  --------  ----------  --------------  -------------------  ----------------------
/opt/airflow/dags/etl_airflow_dag.py                           1           0  1.58s           2025-12-16T16:00:38                      10
================================================================================
[2025-12-16T16:01:15.620+0000] {manager.py:997} INFO - 
================================================================================
DAG File Processing Stats

File Path                             PID    Runtime      # DAGs    # Errors  Last Runtime    Last Run               Last # of DB Queries
------------------------------------  -----  ---------  --------  ----------  --------------  -------------------  ----------------------
/opt/airflow/dags/etl_airflow_dag.py                           1           0  1.52s           2025-12-16T16:01:09                      10
================================================================================
[2025-12-16T16:01:46.205+0000] {manager.py:997} INFO - 
================================================================================
DAG File Processing Stats

File Path                             PID    Runtime      # DAGs    # Errors  Last Runtime    Last Run               Last # of DB Queries
------------------------------------  -----  ---------  --------  ----------  --------------  -------------------  ----------------------
/opt/airflow/dags/etl_airflow_dag.py                           1           0  1.43s           2025-12-16T16:01:41                      10
================================================================================
[2025-12-16T16:02:16.907+0000] {manager.py:997} INFO - 
================================================================================
DAG File Processing Stats

File Path                             PID    Runtime      # DAGs    # Errors  Last Runtime    Last Run               Last # of DB Queries
------------------------------------  -----  ---------  --------  ----------  --------------  -------------------  ----------------------
/opt/airflow/dags/etl_airflow_dag.py                           1           0  1.53s           2025-12-16T16:02:13                      10
================================================================================
[2025-12-16T16:02:47.591+0000] {manager.py:997} INFO - 
================================================================================
DAG File Processing Stats

File Path                             PID    Runtime      # DAGs    # Errors  Last Runtime    Last Run               Last # of DB Queries
------------------------------------  -----  ---------  --------  ----------  --------------  -------------------  ----------------------
/opt/airflow/dags/etl_airflow_dag.py                           1           0  1.44s           2025-12-16T16:02:44                      10
================================================================================
[2025-12-16T16:03:18.136+0000] {manager.py:997} INFO - 
================================================================================
DAG File Processing Stats

File Path                             PID    Runtime      # DAGs    # Errors  Last Runtime    Last Run               Last # of DB Queries
------------------------------------  -----  ---------  --------  ----------  --------------  -------------------  ----------------------
/opt/airflow/dags/etl_airflow_dag.py                           1           0  1.39s           2025-12-16T16:03:16                      10
================================================================================
[2025-12-16T16:03:47.009+0000] {manager.py:821} INFO - Searching for files in /opt/airflow/dags
[2025-12-16T16:03:47.057+0000] {manager.py:824} INFO - There are 1 files in /opt/airflow/dags
[2025-12-16T16:03:48.146+0000] {manager.py:997} INFO - 
================================================================================
DAG File Processing Stats

File Path                               PID  Runtime      # DAGs    # Errors  Last Runtime    Last Run               Last # of DB Queries
------------------------------------  -----  ---------  --------  ----------  --------------  -------------------  ----------------------
/opt/airflow/dags/etl_airflow_dag.py   1212  1.03s             1           0  1.39s           2025-12-16T16:03:16                      10
================================================================================
[2025-12-16T16:04:18.677+0000] {manager.py:997} INFO - 
================================================================================
DAG File Processing Stats

File Path                               PID  Runtime      # DAGs    # Errors  Last Runtime    Last Run               Last # of DB Queries
------------------------------------  -----  ---------  --------  ----------  --------------  -------------------  ----------------------
/opt/airflow/dags/etl_airflow_dag.py   1218  0.02s             1           0  1.28s           2025-12-16T16:03:48                      10
================================================================================
[2025-12-16T16:04:49.118+0000] {manager.py:997} INFO - 
================================================================================
DAG File Processing Stats

File Path                             PID    Runtime      # DAGs    # Errors  Last Runtime    Last Run               Last # of DB Queries
------------------------------------  -----  ---------  --------  ----------  --------------  -------------------  ----------------------
/opt/airflow/dags/etl_airflow_dag.py                           1           0  1.07s           2025-12-16T16:04:19                      10
================================================================================
[2025-12-16T16:05:19.524+0000] {manager.py:997} INFO - 
================================================================================
DAG File Processing Stats

File Path                             PID    Runtime      # DAGs    # Errors  Last Runtime    Last Run               Last # of DB Queries
------------------------------------  -----  ---------  --------  ----------  --------------  -------------------  ----------------------
/opt/airflow/dags/etl_airflow_dag.py                           1           0  0.99s           2025-12-16T16:04:51                      10
================================================================================
[2025-12-16T16:05:49.976+0000] {manager.py:997} INFO - 
================================================================================
DAG File Processing Stats

File Path                             PID    Runtime      # DAGs    # Errors  Last Runtime    Last Run               Last # of DB Queries
------------------------------------  -----  ---------  --------  ----------  --------------  -------------------  ----------------------
/opt/airflow/dags/etl_airflow_dag.py                           1           0  1.06s           2025-12-16T16:05:22                      10
================================================================================
[2025-12-16T16:06:20.482+0000] {manager.py:997} INFO - 
================================================================================
DAG File Processing Stats

File Path                             PID    Runtime      # DAGs    # Errors  Last Runtime    Last Run               Last # of DB Queries
------------------------------------  -----  ---------  --------  ----------  --------------  -------------------  ----------------------
/opt/airflow/dags/etl_airflow_dag.py                           1           0  1.15s           2025-12-16T16:05:54                      10
================================================================================
[2025-12-16T16:06:50.942+0000] {manager.py:997} INFO - 
================================================================================
DAG File Processing Stats

File Path                             PID    Runtime      # DAGs    # Errors  Last Runtime    Last Run               Last # of DB Queries
------------------------------------  -----  ---------  --------  ----------  --------------  -------------------  ----------------------
/opt/airflow/dags/etl_airflow_dag.py                           1           0  0.98s           2025-12-16T16:06:25                      10
================================================================================
[2025-12-16T16:07:21.517+0000] {manager.py:997} INFO - 
================================================================================
DAG File Processing Stats

File Path                             PID    Runtime      # DAGs    # Errors  Last Runtime    Last Run               Last # of DB Queries
------------------------------------  -----  ---------  --------  ----------  --------------  -------------------  ----------------------
/opt/airflow/dags/etl_airflow_dag.py                           1           0  1.16s           2025-12-16T16:06:57                      10
================================================================================
[2025-12-16T16:07:51.969+0000] {manager.py:997} INFO - 
================================================================================
DAG File Processing Stats

File Path                             PID    Runtime      # DAGs    # Errors  Last Runtime    Last Run               Last # of DB Queries
------------------------------------  -----  ---------  --------  ----------  --------------  -------------------  ----------------------
/opt/airflow/dags/etl_airflow_dag.py                           1           0  1.24s           2025-12-16T16:07:28                      10
================================================================================
[2025-12-16T16:08:22.427+0000] {manager.py:997} INFO - 
================================================================================
DAG File Processing Stats

File Path                             PID    Runtime      # DAGs    # Errors  Last Runtime    Last Run               Last # of DB Queries
------------------------------------  -----  ---------  --------  ----------  --------------  -------------------  ----------------------
/opt/airflow/dags/etl_airflow_dag.py                           1           0  1.08s           2025-12-16T16:08:00                      10
================================================================================
[2025-12-16T16:08:47.837+0000] {manager.py:821} INFO - Searching for files in /opt/airflow/dags
[2025-12-16T16:08:47.881+0000] {manager.py:824} INFO - There are 1 files in /opt/airflow/dags
[2025-12-16T16:08:52.985+0000] {manager.py:997} INFO - 
================================================================================
DAG File Processing Stats

File Path                             PID    Runtime      # DAGs    # Errors  Last Runtime    Last Run               Last # of DB Queries
------------------------------------  -----  ---------  --------  ----------  --------------  -------------------  ----------------------
/opt/airflow/dags/etl_airflow_dag.py                           1           0  1.10s           2025-12-16T16:08:31                      10
================================================================================
[2025-12-16T16:09:23.476+0000] {manager.py:997} INFO - 
================================================================================
DAG File Processing Stats

File Path                             PID    Runtime      # DAGs    # Errors  Last Runtime    Last Run               Last # of DB Queries
------------------------------------  -----  ---------  --------  ----------  --------------  -------------------  ----------------------
/opt/airflow/dags/etl_airflow_dag.py                           1           0  1.06s           2025-12-16T16:09:03                      10
================================================================================
[2025-12-16T16:09:53.895+0000] {manager.py:997} INFO - 
================================================================================
DAG File Processing Stats

File Path                             PID    Runtime      # DAGs    # Errors  Last Runtime    Last Run               Last # of DB Queries
------------------------------------  -----  ---------  --------  ----------  --------------  -------------------  ----------------------
/opt/airflow/dags/etl_airflow_dag.py                           1           0  0.98s           2025-12-16T16:09:34                      10
================================================================================
[2025-12-16T16:10:24.396+0000] {manager.py:997} INFO - 
================================================================================
DAG File Processing Stats

File Path                             PID    Runtime      # DAGs    # Errors  Last Runtime    Last Run               Last # of DB Queries
------------------------------------  -----  ---------  --------  ----------  --------------  -------------------  ----------------------
/opt/airflow/dags/etl_airflow_dag.py                           1           0  1.14s           2025-12-16T16:10:06                      10
================================================================================
[2025-12-16T16:10:54.897+0000] {manager.py:997} INFO - 
================================================================================
DAG File Processing Stats

File Path                             PID    Runtime      # DAGs    # Errors  Last Runtime    Last Run               Last # of DB Queries
------------------------------------  -----  ---------  --------  ----------  --------------  -------------------  ----------------------
/opt/airflow/dags/etl_airflow_dag.py                           1           0  1.22s           2025-12-16T16:10:37                      10
================================================================================
[2025-12-16T16:11:25.224+0000] {manager.py:997} INFO - 
================================================================================
DAG File Processing Stats

File Path                             PID    Runtime      # DAGs    # Errors  Last Runtime    Last Run               Last # of DB Queries
------------------------------------  -----  ---------  --------  ----------  --------------  -------------------  ----------------------
/opt/airflow/dags/etl_airflow_dag.py                           1           0  0.93s           2025-12-16T16:11:09                      10
================================================================================
[2025-12-16T16:11:55.686+0000] {manager.py:997} INFO - 
================================================================================
DAG File Processing Stats

File Path                             PID    Runtime      # DAGs    # Errors  Last Runtime    Last Run               Last # of DB Queries
------------------------------------  -----  ---------  --------  ----------  --------------  -------------------  ----------------------
/opt/airflow/dags/etl_airflow_dag.py                           1           0  1.15s           2025-12-16T16:11:40                      10
================================================================================
[2025-12-16T16:12:26.099+0000] {manager.py:997} INFO - 
================================================================================
DAG File Processing Stats

File Path                             PID    Runtime      # DAGs    # Errors  Last Runtime    Last Run               Last # of DB Queries
------------------------------------  -----  ---------  --------  ----------  --------------  -------------------  ----------------------
/opt/airflow/dags/etl_airflow_dag.py                           1           0  0.98s           2025-12-16T16:12:11                      10
================================================================================
[2025-12-16T16:12:56.505+0000] {manager.py:997} INFO - 
================================================================================
DAG File Processing Stats

File Path                             PID    Runtime      # DAGs    # Errors  Last Runtime    Last Run               Last # of DB Queries
------------------------------------  -----  ---------  --------  ----------  --------------  -------------------  ----------------------
/opt/airflow/dags/etl_airflow_dag.py                           1           0  1.03s           2025-12-16T16:12:43                      10
================================================================================
[2025-12-16T16:13:26.945+0000] {manager.py:997} INFO - 
================================================================================
DAG File Processing Stats

File Path                             PID    Runtime      # DAGs    # Errors  Last Runtime    Last Run               Last # of DB Queries
------------------------------------  -----  ---------  --------  ----------  --------------  -------------------  ----------------------
/opt/airflow/dags/etl_airflow_dag.py                           1           0  1.04s           2025-12-16T16:13:14                      10
================================================================================
[2025-12-16T16:13:48.300+0000] {manager.py:821} INFO - Searching for files in /opt/airflow/dags
[2025-12-16T16:13:48.343+0000] {manager.py:824} INFO - There are 1 files in /opt/airflow/dags
[2025-12-16T16:13:57.491+0000] {manager.py:997} INFO - 
================================================================================
DAG File Processing Stats

File Path                             PID    Runtime      # DAGs    # Errors  Last Runtime    Last Run               Last # of DB Queries
------------------------------------  -----  ---------  --------  ----------  --------------  -------------------  ----------------------
/opt/airflow/dags/etl_airflow_dag.py                           1           0  1.10s           2025-12-16T16:13:46                      10
================================================================================
[2025-12-16T16:14:27.921+0000] {manager.py:997} INFO - 
================================================================================
DAG File Processing Stats

File Path                             PID    Runtime      # DAGs    # Errors  Last Runtime    Last Run               Last # of DB Queries
------------------------------------  -----  ---------  --------  ----------  --------------  -------------------  ----------------------
/opt/airflow/dags/etl_airflow_dag.py                           1           0  1.03s           2025-12-16T16:14:17                      10
================================================================================
[2025-12-16T16:14:58.378+0000] {manager.py:997} INFO - 
================================================================================
DAG File Processing Stats

File Path                             PID    Runtime      # DAGs    # Errors  Last Runtime    Last Run               Last # of DB Queries
------------------------------------  -----  ---------  --------  ----------  --------------  -------------------  ----------------------
/opt/airflow/dags/etl_airflow_dag.py                           1           0  1.06s           2025-12-16T16:14:49                      10
================================================================================
[2025-12-16T16:15:28.856+0000] {manager.py:997} INFO - 
================================================================================
DAG File Processing Stats

File Path                             PID    Runtime      # DAGs    # Errors  Last Runtime    Last Run               Last # of DB Queries
------------------------------------  -----  ---------  --------  ----------  --------------  -------------------  ----------------------
/opt/airflow/dags/etl_airflow_dag.py                           1           0  1.11s           2025-12-16T16:15:20                      10
================================================================================
[2025-12-16T16:15:59.326+0000] {manager.py:997} INFO - 
================================================================================
DAG File Processing Stats

File Path                             PID    Runtime      # DAGs    # Errors  Last Runtime    Last Run               Last # of DB Queries
------------------------------------  -----  ---------  --------  ----------  --------------  -------------------  ----------------------
/opt/airflow/dags/etl_airflow_dag.py                           1           0  1.06s           2025-12-16T16:15:52                      10
================================================================================
[2025-12-16T16:16:29.778+0000] {manager.py:997} INFO - 
================================================================================
DAG File Processing Stats

File Path                             PID    Runtime      # DAGs    # Errors  Last Runtime    Last Run               Last # of DB Queries
------------------------------------  -----  ---------  --------  ----------  --------------  -------------------  ----------------------
/opt/airflow/dags/etl_airflow_dag.py                           1           0  1.10s           2025-12-16T16:16:23                      10
================================================================================
[2025-12-16T16:17:00.192+0000] {manager.py:997} INFO - 
================================================================================
DAG File Processing Stats

File Path                             PID    Runtime      # DAGs    # Errors  Last Runtime    Last Run               Last # of DB Queries
------------------------------------  -----  ---------  --------  ----------  --------------  -------------------  ----------------------
/opt/airflow/dags/etl_airflow_dag.py                           1           0  1.00s           2025-12-16T16:16:55                      10
================================================================================
[2025-12-16T16:17:30.663+0000] {manager.py:997} INFO - 
================================================================================
DAG File Processing Stats

File Path                             PID    Runtime      # DAGs    # Errors  Last Runtime    Last Run               Last # of DB Queries
------------------------------------  -----  ---------  --------  ----------  --------------  -------------------  ----------------------
/opt/airflow/dags/etl_airflow_dag.py                           1           0  1.15s           2025-12-16T16:17:26                      10
================================================================================
[2025-12-16T16:18:01.111+0000] {manager.py:997} INFO - 
================================================================================
DAG File Processing Stats

File Path                             PID    Runtime      # DAGs    # Errors  Last Runtime    Last Run               Last # of DB Queries
------------------------------------  -----  ---------  --------  ----------  --------------  -------------------  ----------------------
/opt/airflow/dags/etl_airflow_dag.py                           1           0  1.08s           2025-12-16T16:17:58                      10
================================================================================
[2025-12-16T16:18:31.580+0000] {manager.py:997} INFO - 
================================================================================
DAG File Processing Stats

File Path                             PID    Runtime      # DAGs    # Errors  Last Runtime    Last Run               Last # of DB Queries
------------------------------------  -----  ---------  --------  ----------  --------------  -------------------  ----------------------
/opt/airflow/dags/etl_airflow_dag.py                           1           0  1.21s           2025-12-16T16:18:29                      10
================================================================================
[2025-12-16T16:18:48.801+0000] {manager.py:821} INFO - Searching for files in /opt/airflow/dags
[2025-12-16T16:18:48.849+0000] {manager.py:824} INFO - There are 1 files in /opt/airflow/dags
[2025-12-16T16:19:02.172+0000] {manager.py:997} INFO - 
================================================================================
DAG File Processing Stats

File Path                             PID    Runtime      # DAGs    # Errors  Last Runtime    Last Run               Last # of DB Queries
------------------------------------  -----  ---------  --------  ----------  --------------  -------------------  ----------------------
/opt/airflow/dags/etl_airflow_dag.py                           1           0  1.18s           2025-12-16T16:19:01                      10
================================================================================
[2025-12-16T16:19:32.650+0000] {manager.py:997} INFO - 
================================================================================
DAG File Processing Stats

File Path                             PID    Runtime      # DAGs    # Errors  Last Runtime    Last Run               Last # of DB Queries
------------------------------------  -----  ---------  --------  ----------  --------------  -------------------  ----------------------
/opt/airflow/dags/etl_airflow_dag.py                           1           0  0.97s           2025-12-16T16:19:32                      10
================================================================================
[2025-12-16T16:20:03.159+0000] {manager.py:997} INFO - 
================================================================================
DAG File Processing Stats

File Path                               PID  Runtime      # DAGs    # Errors  Last Runtime    Last Run               Last # of DB Queries
------------------------------------  -----  ---------  --------  ----------  --------------  -------------------  ----------------------
/opt/airflow/dags/etl_airflow_dag.py   1398  0.02s             1           0  0.97s           2025-12-16T16:19:32                      10
================================================================================
[2025-12-16T16:20:33.609+0000] {manager.py:997} INFO - 
================================================================================
DAG File Processing Stats

File Path                             PID    Runtime      # DAGs    # Errors  Last Runtime    Last Run               Last # of DB Queries
------------------------------------  -----  ---------  --------  ----------  --------------  -------------------  ----------------------
/opt/airflow/dags/etl_airflow_dag.py                           1           0  1.02s           2025-12-16T16:20:04                      10
================================================================================
[2025-12-16T16:21:04.091+0000] {manager.py:997} INFO - 
================================================================================
DAG File Processing Stats

File Path                             PID    Runtime      # DAGs    # Errors  Last Runtime    Last Run               Last # of DB Queries
------------------------------------  -----  ---------  --------  ----------  --------------  -------------------  ----------------------
/opt/airflow/dags/etl_airflow_dag.py                           1           0  1.14s           2025-12-16T16:20:35                      10
================================================================================
[2025-12-16T16:21:34.520+0000] {manager.py:997} INFO - 
================================================================================
DAG File Processing Stats

File Path                             PID    Runtime      # DAGs    # Errors  Last Runtime    Last Run               Last # of DB Queries
------------------------------------  -----  ---------  --------  ----------  --------------  -------------------  ----------------------
/opt/airflow/dags/etl_airflow_dag.py                           1           0  0.99s           2025-12-16T16:21:07                      10
================================================================================
[2025-12-16T16:22:04.969+0000] {manager.py:997} INFO - 
================================================================================
DAG File Processing Stats

File Path                             PID    Runtime      # DAGs    # Errors  Last Runtime    Last Run               Last # of DB Queries
------------------------------------  -----  ---------  --------  ----------  --------------  -------------------  ----------------------
/opt/airflow/dags/etl_airflow_dag.py                           1           0  1.10s           2025-12-16T16:21:38                      10
================================================================================
[2025-12-16T16:22:35.552+0000] {manager.py:997} INFO - 
================================================================================
DAG File Processing Stats

File Path                             PID    Runtime      # DAGs    # Errors  Last Runtime    Last Run               Last # of DB Queries
------------------------------------  -----  ---------  --------  ----------  --------------  -------------------  ----------------------
/opt/airflow/dags/etl_airflow_dag.py                           1           0  1.09s           2025-12-16T16:22:10                      10
================================================================================
[2025-12-16T16:23:05.990+0000] {manager.py:997} INFO - 
================================================================================
DAG File Processing Stats

File Path                             PID    Runtime      # DAGs    # Errors  Last Runtime    Last Run               Last # of DB Queries
------------------------------------  -----  ---------  --------  ----------  --------------  -------------------  ----------------------
/opt/airflow/dags/etl_airflow_dag.py                           1           0  1.03s           2025-12-16T16:22:41                      10
================================================================================
[2025-12-16T16:23:36.502+0000] {manager.py:997} INFO - 
================================================================================
DAG File Processing Stats

File Path                             PID    Runtime      # DAGs    # Errors  Last Runtime    Last Run               Last # of DB Queries
------------------------------------  -----  ---------  --------  ----------  --------------  -------------------  ----------------------
/opt/airflow/dags/etl_airflow_dag.py                           1           0  1.11s           2025-12-16T16:23:13                      10
================================================================================
[2025-12-16T16:23:49.709+0000] {manager.py:821} INFO - Searching for files in /opt/airflow/dags
[2025-12-16T16:23:49.761+0000] {manager.py:824} INFO - There are 1 files in /opt/airflow/dags
[2025-12-16T16:24:07.033+0000] {manager.py:997} INFO - 
================================================================================
DAG File Processing Stats

File Path                             PID    Runtime      # DAGs    # Errors  Last Runtime    Last Run               Last # of DB Queries
------------------------------------  -----  ---------  --------  ----------  --------------  -------------------  ----------------------
/opt/airflow/dags/etl_airflow_dag.py                           1           0  1.06s           2025-12-16T16:23:44                      10
================================================================================
[2025-12-16T16:24:37.133+0000] {manager.py:997} INFO - 
================================================================================
DAG File Processing Stats

File Path                             PID    Runtime      # DAGs    # Errors  Last Runtime    Last Run               Last # of DB Queries
------------------------------------  -----  ---------  --------  ----------  --------------  -------------------  ----------------------
/opt/airflow/dags/etl_airflow_dag.py                           1           0  1.64s           2025-12-16T16:24:16                      10
================================================================================
[2025-12-16T16:25:07.362+0000] {manager.py:997} INFO - 
================================================================================
DAG File Processing Stats

File Path                             PID    Runtime      # DAGs    # Errors  Last Runtime    Last Run               Last # of DB Queries
------------------------------------  -----  ---------  --------  ----------  --------------  -------------------  ----------------------
/opt/airflow/dags/etl_airflow_dag.py                           1           0  1.21s           2025-12-16T16:24:48                      10
================================================================================
[2025-12-16T16:25:37.890+0000] {manager.py:997} INFO - 
================================================================================
DAG File Processing Stats

File Path                             PID    Runtime      # DAGs    # Errors  Last Runtime    Last Run               Last # of DB Queries
------------------------------------  -----  ---------  --------  ----------  --------------  -------------------  ----------------------
/opt/airflow/dags/etl_airflow_dag.py                           1           0  1.03s           2025-12-16T16:25:19                      10
================================================================================
[2025-12-16T16:26:08.300+0000] {manager.py:997} INFO - 
================================================================================
DAG File Processing Stats

File Path                             PID    Runtime      # DAGs    # Errors  Last Runtime    Last Run               Last # of DB Queries
------------------------------------  -----  ---------  --------  ----------  --------------  -------------------  ----------------------
/opt/airflow/dags/etl_airflow_dag.py                           1           0  1.00s           2025-12-16T16:25:51                      10
================================================================================
[2025-12-16T16:26:38.776+0000] {manager.py:997} INFO - 
================================================================================
DAG File Processing Stats

File Path                             PID    Runtime      # DAGs    # Errors  Last Runtime    Last Run               Last # of DB Queries
------------------------------------  -----  ---------  --------  ----------  --------------  -------------------  ----------------------
/opt/airflow/dags/etl_airflow_dag.py                           1           0  1.26s           2025-12-16T16:26:22                      10
================================================================================
[2025-12-16T16:27:09.291+0000] {manager.py:997} INFO - 
================================================================================
DAG File Processing Stats

File Path                             PID    Runtime      # DAGs    # Errors  Last Runtime    Last Run               Last # of DB Queries
------------------------------------  -----  ---------  --------  ----------  --------------  -------------------  ----------------------
/opt/airflow/dags/etl_airflow_dag.py                           1           0  1.03s           2025-12-16T16:26:54                      10
================================================================================
[2025-12-16T16:27:39.657+0000] {manager.py:997} INFO - 
================================================================================
DAG File Processing Stats

File Path                             PID    Runtime      # DAGs    # Errors  Last Runtime    Last Run               Last # of DB Queries
------------------------------------  -----  ---------  --------  ----------  --------------  -------------------  ----------------------
/opt/airflow/dags/etl_airflow_dag.py                           1           0  0.97s           2025-12-16T16:27:25                      10
================================================================================
[2025-12-16T16:28:09.746+0000] {manager.py:997} INFO - 
================================================================================
DAG File Processing Stats

File Path                             PID    Runtime      # DAGs    # Errors  Last Runtime    Last Run               Last # of DB Queries
------------------------------------  -----  ---------  --------  ----------  --------------  -------------------  ----------------------
/opt/airflow/dags/etl_airflow_dag.py                           1           0  0.76s           2025-12-16T16:27:56                      10
================================================================================
[2025-12-16T16:28:39.813+0000] {manager.py:997} INFO - 
================================================================================
DAG File Processing Stats

File Path                             PID    Runtime      # DAGs    # Errors  Last Runtime    Last Run               Last # of DB Queries
------------------------------------  -----  ---------  --------  ----------  --------------  -------------------  ----------------------
/opt/airflow/dags/etl_airflow_dag.py                           1           0  0.74s           2025-12-16T16:28:27                      10
================================================================================
[2025-12-16T16:28:49.909+0000] {manager.py:821} INFO - Searching for files in /opt/airflow/dags
[2025-12-16T16:28:49.950+0000] {manager.py:824} INFO - There are 1 files in /opt/airflow/dags
[2025-12-16T16:29:09.980+0000] {manager.py:997} INFO - 
================================================================================
DAG File Processing Stats

File Path                             PID    Runtime      # DAGs    # Errors  Last Runtime    Last Run               Last # of DB Queries
------------------------------------  -----  ---------  --------  ----------  --------------  -------------------  ----------------------
/opt/airflow/dags/etl_airflow_dag.py                           1           0  0.77s           2025-12-16T16:28:58                      10
================================================================================
[2025-12-16T16:29:39.994+0000] {manager.py:997} INFO - 
================================================================================
DAG File Processing Stats

File Path                             PID    Runtime      # DAGs    # Errors  Last Runtime    Last Run               Last # of DB Queries
------------------------------------  -----  ---------  --------  ----------  --------------  -------------------  ----------------------
/opt/airflow/dags/etl_airflow_dag.py                           1           0  1.13s           2025-12-16T16:29:30                      10
================================================================================
[2025-12-16T16:30:10.375+0000] {manager.py:997} INFO - 
================================================================================
DAG File Processing Stats

File Path                             PID    Runtime      # DAGs    # Errors  Last Runtime    Last Run               Last # of DB Queries
------------------------------------  -----  ---------  --------  ----------  --------------  -------------------  ----------------------
/opt/airflow/dags/etl_airflow_dag.py                           1           0  0.67s           2025-12-16T16:30:00                      10
================================================================================
[2025-12-16T16:30:40.688+0000] {manager.py:997} INFO - 
================================================================================
DAG File Processing Stats

File Path                             PID    Runtime      # DAGs    # Errors  Last Runtime    Last Run               Last # of DB Queries
------------------------------------  -----  ---------  --------  ----------  --------------  -------------------  ----------------------
/opt/airflow/dags/etl_airflow_dag.py                           1           0  0.74s           2025-12-16T16:30:31                      10
================================================================================
[2025-12-16T16:31:10.988+0000] {manager.py:997} INFO - 
================================================================================
DAG File Processing Stats

File Path                             PID    Runtime      # DAGs    # Errors  Last Runtime    Last Run               Last # of DB Queries
------------------------------------  -----  ---------  --------  ----------  --------------  -------------------  ----------------------
/opt/airflow/dags/etl_airflow_dag.py                           1           0  0.71s           2025-12-16T16:31:02                      10
================================================================================
[2025-12-16T16:31:41.313+0000] {manager.py:997} INFO - 
================================================================================
DAG File Processing Stats

File Path                             PID    Runtime      # DAGs    # Errors  Last Runtime    Last Run               Last # of DB Queries
------------------------------------  -----  ---------  --------  ----------  --------------  -------------------  ----------------------
/opt/airflow/dags/etl_airflow_dag.py                           1           0  0.63s           2025-12-16T16:31:33                      10
================================================================================
[2025-12-16T16:32:11.595+0000] {manager.py:997} INFO - 
================================================================================
DAG File Processing Stats

File Path                             PID    Runtime      # DAGs    # Errors  Last Runtime    Last Run               Last # of DB Queries
------------------------------------  -----  ---------  --------  ----------  --------------  -------------------  ----------------------
/opt/airflow/dags/etl_airflow_dag.py                           1           0  0.60s           2025-12-16T16:32:04                      10
================================================================================
[2025-12-16T16:32:42.260+0000] {manager.py:997} INFO - 
================================================================================
DAG File Processing Stats

File Path                             PID    Runtime      # DAGs    # Errors  Last Runtime    Last Run               Last # of DB Queries
------------------------------------  -----  ---------  --------  ----------  --------------  -------------------  ----------------------
/opt/airflow/dags/etl_airflow_dag.py                           1           0  2.99s           2025-12-16T16:32:38                      10
================================================================================
[2025-12-16T16:33:12.380+0000] {manager.py:997} INFO - 
================================================================================
DAG File Processing Stats

File Path                             PID    Runtime      # DAGs    # Errors  Last Runtime    Last Run               Last # of DB Queries
------------------------------------  -----  ---------  --------  ----------  --------------  -------------------  ----------------------
/opt/airflow/dags/etl_airflow_dag.py                           1           0  0.84s           2025-12-16T16:33:09                      10
================================================================================
[2025-12-16T16:33:42.669+0000] {manager.py:997} INFO - 
================================================================================
DAG File Processing Stats

File Path                             PID    Runtime      # DAGs    # Errors  Last Runtime    Last Run               Last # of DB Queries
------------------------------------  -----  ---------  --------  ----------  --------------  -------------------  ----------------------
/opt/airflow/dags/etl_airflow_dag.py                           1           0  1.00s           2025-12-16T16:33:40                      10
================================================================================
[2025-12-16T16:33:50.248+0000] {manager.py:821} INFO - Searching for files in /opt/airflow/dags
[2025-12-16T16:33:50.281+0000] {manager.py:824} INFO - There are 1 files in /opt/airflow/dags
[2025-12-16T16:34:13.522+0000] {manager.py:997} INFO - 
================================================================================
DAG File Processing Stats

File Path                             PID    Runtime      # DAGs    # Errors  Last Runtime    Last Run               Last # of DB Queries
------------------------------------  -----  ---------  --------  ----------  --------------  -------------------  ----------------------
/opt/airflow/dags/etl_airflow_dag.py                           1           0  0.59s           2025-12-16T16:34:11                      10
================================================================================
[2025-12-16T16:34:43.743+0000] {manager.py:997} INFO - 
================================================================================
DAG File Processing Stats

File Path                             PID    Runtime      # DAGs    # Errors  Last Runtime    Last Run               Last # of DB Queries
------------------------------------  -----  ---------  --------  ----------  --------------  -------------------  ----------------------
/opt/airflow/dags/etl_airflow_dag.py                           1           0  0.88s           2025-12-16T16:34:42                      10
================================================================================
[2025-12-16T16:35:13.778+0000] {manager.py:997} INFO - 
================================================================================
DAG File Processing Stats

File Path                               PID  Runtime      # DAGs    # Errors  Last Runtime    Last Run               Last # of DB Queries
------------------------------------  -----  ---------  --------  ----------  --------------  -------------------  ----------------------
/opt/airflow/dags/etl_airflow_dag.py   1594  0.10s             1           0  0.88s           2025-12-16T16:34:42                      10
================================================================================
[2025-12-16T16:35:44.168+0000] {manager.py:997} INFO - 
================================================================================
DAG File Processing Stats

File Path                             PID    Runtime      # DAGs    # Errors  Last Runtime    Last Run               Last # of DB Queries
------------------------------------  -----  ---------  --------  ----------  --------------  -------------------  ----------------------
/opt/airflow/dags/etl_airflow_dag.py                           1           0  3.20s           2025-12-16T16:35:16                      10
================================================================================
[2025-12-16T16:36:14.491+0000] {manager.py:997} INFO - 
================================================================================
DAG File Processing Stats

File Path                             PID    Runtime      # DAGs    # Errors  Last Runtime    Last Run               Last # of DB Queries
------------------------------------  -----  ---------  --------  ----------  --------------  -------------------  ----------------------
/opt/airflow/dags/etl_airflow_dag.py                           1           0  0.99s           2025-12-16T16:35:48                      10
================================================================================
[2025-12-16T16:36:44.596+0000] {manager.py:997} INFO - 
================================================================================
DAG File Processing Stats

File Path                             PID    Runtime      # DAGs    # Errors  Last Runtime    Last Run               Last # of DB Queries
------------------------------------  -----  ---------  --------  ----------  --------------  -------------------  ----------------------
/opt/airflow/dags/etl_airflow_dag.py                           1           0  0.77s           2025-12-16T16:36:19                      10
================================================================================
[2025-12-16T16:37:14.716+0000] {manager.py:997} INFO - 
================================================================================
DAG File Processing Stats

File Path                             PID    Runtime      # DAGs    # Errors  Last Runtime    Last Run               Last # of DB Queries
------------------------------------  -----  ---------  --------  ----------  --------------  -------------------  ----------------------
/opt/airflow/dags/etl_airflow_dag.py                           1           0  0.76s           2025-12-16T16:36:50                      10
================================================================================
[2025-12-16T16:37:45.030+0000] {manager.py:997} INFO - 
================================================================================
DAG File Processing Stats

File Path                             PID    Runtime      # DAGs    # Errors  Last Runtime    Last Run               Last # of DB Queries
------------------------------------  -----  ---------  --------  ----------  --------------  -------------------  ----------------------
/opt/airflow/dags/etl_airflow_dag.py                           1           0  0.92s           2025-12-16T16:37:21                      10
================================================================================
[2025-12-16T16:38:15.030+0000] {manager.py:997} INFO - 
================================================================================
DAG File Processing Stats

File Path                             PID    Runtime      # DAGs    # Errors  Last Runtime    Last Run               Last # of DB Queries
------------------------------------  -----  ---------  --------  ----------  --------------  -------------------  ----------------------
/opt/airflow/dags/etl_airflow_dag.py                           1           0  1.10s           2025-12-16T16:37:52                      10
================================================================================
[2025-12-16T16:38:45.062+0000] {manager.py:997} INFO - 
================================================================================
DAG File Processing Stats

File Path                             PID    Runtime      # DAGs    # Errors  Last Runtime    Last Run               Last # of DB Queries
------------------------------------  -----  ---------  --------  ----------  --------------  -------------------  ----------------------
/opt/airflow/dags/etl_airflow_dag.py                           1           0  0.77s           2025-12-16T16:38:23                      10
================================================================================
[2025-12-16T16:38:50.397+0000] {manager.py:821} INFO - Searching for files in /opt/airflow/dags
[2025-12-16T16:38:50.444+0000] {manager.py:824} INFO - There are 1 files in /opt/airflow/dags
[2025-12-16T16:39:15.288+0000] {manager.py:997} INFO - 
================================================================================
DAG File Processing Stats

File Path                             PID    Runtime      # DAGs    # Errors  Last Runtime    Last Run               Last # of DB Queries
------------------------------------  -----  ---------  --------  ----------  --------------  -------------------  ----------------------
/opt/airflow/dags/etl_airflow_dag.py                           1           0  0.86s           2025-12-16T16:38:55                      10
================================================================================
[2025-12-16T16:39:45.462+0000] {manager.py:997} INFO - 
================================================================================
DAG File Processing Stats

File Path                             PID    Runtime      # DAGs    # Errors  Last Runtime    Last Run               Last # of DB Queries
------------------------------------  -----  ---------  --------  ----------  --------------  -------------------  ----------------------
/opt/airflow/dags/etl_airflow_dag.py                           1           0  0.83s           2025-12-16T16:39:26                      10
================================================================================
[2025-12-16T16:40:15.566+0000] {manager.py:997} INFO - 
================================================================================
DAG File Processing Stats

File Path                             PID    Runtime      # DAGs    # Errors  Last Runtime    Last Run               Last # of DB Queries
------------------------------------  -----  ---------  --------  ----------  --------------  -------------------  ----------------------
/opt/airflow/dags/etl_airflow_dag.py                           1           0  0.80s           2025-12-16T16:39:57                      10
================================================================================
[2025-12-16T16:40:45.570+0000] {manager.py:997} INFO - 
================================================================================
DAG File Processing Stats

File Path                             PID    Runtime      # DAGs    # Errors  Last Runtime    Last Run               Last # of DB Queries
------------------------------------  -----  ---------  --------  ----------  --------------  -------------------  ----------------------
/opt/airflow/dags/etl_airflow_dag.py                           1           0  0.82s           2025-12-16T16:40:28                      10
================================================================================
[2025-12-16T16:41:15.714+0000] {manager.py:997} INFO - 
================================================================================
DAG File Processing Stats

File Path                             PID    Runtime      # DAGs    # Errors  Last Runtime    Last Run               Last # of DB Queries
------------------------------------  -----  ---------  --------  ----------  --------------  -------------------  ----------------------
/opt/airflow/dags/etl_airflow_dag.py                           1           0  0.81s           2025-12-16T16:40:59                      10
================================================================================
[2025-12-16T16:41:45.850+0000] {manager.py:997} INFO - 
================================================================================
DAG File Processing Stats

File Path                             PID    Runtime      # DAGs    # Errors  Last Runtime    Last Run               Last # of DB Queries
------------------------------------  -----  ---------  --------  ----------  --------------  -------------------  ----------------------
/opt/airflow/dags/etl_airflow_dag.py                           1           0  0.82s           2025-12-16T16:41:30                      10
================================================================================
[2025-12-16T16:42:15.971+0000] {manager.py:997} INFO - 
================================================================================
DAG File Processing Stats

File Path                             PID    Runtime      # DAGs    # Errors  Last Runtime    Last Run               Last # of DB Queries
------------------------------------  -----  ---------  --------  ----------  --------------  -------------------  ----------------------
/opt/airflow/dags/etl_airflow_dag.py                           1           0  0.81s           2025-12-16T16:42:01                      10
================================================================================
[2025-12-16T16:42:46.309+0000] {manager.py:997} INFO - 
================================================================================
DAG File Processing Stats

File Path                             PID    Runtime      # DAGs    # Errors  Last Runtime    Last Run               Last # of DB Queries
------------------------------------  -----  ---------  --------  ----------  --------------  -------------------  ----------------------
/opt/airflow/dags/etl_airflow_dag.py                           1           0  0.76s           2025-12-16T16:42:32                      10
================================================================================
[2025-12-16T16:43:16.631+0000] {manager.py:997} INFO - 
================================================================================
DAG File Processing Stats

File Path                             PID    Runtime      # DAGs    # Errors  Last Runtime    Last Run               Last # of DB Queries
------------------------------------  -----  ---------  --------  ----------  --------------  -------------------  ----------------------
/opt/airflow/dags/etl_airflow_dag.py                           1           0  0.77s           2025-12-16T16:43:03                      10
================================================================================
[2025-12-16T16:43:46.950+0000] {manager.py:997} INFO - 
================================================================================
DAG File Processing Stats

File Path                             PID    Runtime      # DAGs    # Errors  Last Runtime    Last Run               Last # of DB Queries
------------------------------------  -----  ---------  --------  ----------  --------------  -------------------  ----------------------
/opt/airflow/dags/etl_airflow_dag.py                           1           0  0.72s           2025-12-16T16:43:34                      10
================================================================================
[2025-12-16T16:43:50.985+0000] {manager.py:821} INFO - Searching for files in /opt/airflow/dags
[2025-12-16T16:43:51.053+0000] {manager.py:824} INFO - There are 1 files in /opt/airflow/dags
[2025-12-16T16:44:17.215+0000] {manager.py:997} INFO - 
================================================================================
DAG File Processing Stats

File Path                             PID    Runtime      # DAGs    # Errors  Last Runtime    Last Run               Last # of DB Queries
------------------------------------  -----  ---------  --------  ----------  --------------  -------------------  ----------------------
/opt/airflow/dags/etl_airflow_dag.py                           1           0  0.82s           2025-12-16T16:44:06                      10
================================================================================
[2025-12-16T16:44:47.369+0000] {manager.py:997} INFO - 
================================================================================
DAG File Processing Stats

File Path                             PID    Runtime      # DAGs    # Errors  Last Runtime    Last Run               Last # of DB Queries
------------------------------------  -----  ---------  --------  ----------  --------------  -------------------  ----------------------
/opt/airflow/dags/etl_airflow_dag.py                           1           0  0.83s           2025-12-16T16:44:37                      10
================================================================================
[2025-12-16T16:45:17.492+0000] {manager.py:997} INFO - 
================================================================================
DAG File Processing Stats

File Path                             PID    Runtime      # DAGs    # Errors  Last Runtime    Last Run               Last # of DB Queries
------------------------------------  -----  ---------  --------  ----------  --------------  -------------------  ----------------------
/opt/airflow/dags/etl_airflow_dag.py                           1           0  0.80s           2025-12-16T16:45:08                      10
================================================================================
[2025-12-16T16:45:47.816+0000] {manager.py:997} INFO - 
================================================================================
DAG File Processing Stats

File Path                             PID    Runtime      # DAGs    # Errors  Last Runtime    Last Run               Last # of DB Queries
------------------------------------  -----  ---------  --------  ----------  --------------  -------------------  ----------------------
/opt/airflow/dags/etl_airflow_dag.py                           1           0  0.60s           2025-12-16T16:45:39                      10
================================================================================
[2025-12-16T16:46:18.178+0000] {manager.py:997} INFO - 
================================================================================
DAG File Processing Stats

File Path                             PID    Runtime      # DAGs    # Errors  Last Runtime    Last Run               Last # of DB Queries
------------------------------------  -----  ---------  --------  ----------  --------------  -------------------  ----------------------
/opt/airflow/dags/etl_airflow_dag.py                           1           0  0.75s           2025-12-16T16:46:10                      10
================================================================================
[2025-12-16T16:46:48.771+0000] {manager.py:997} INFO - 
================================================================================
DAG File Processing Stats

File Path                             PID    Runtime      # DAGs    # Errors  Last Runtime    Last Run               Last # of DB Queries
------------------------------------  -----  ---------  --------  ----------  --------------  -------------------  ----------------------
/opt/airflow/dags/etl_airflow_dag.py                           1           0  0.63s           2025-12-16T16:46:41                      10
================================================================================
[2025-12-16T16:47:19.132+0000] {manager.py:997} INFO - 
================================================================================
DAG File Processing Stats

File Path                             PID    Runtime      # DAGs    # Errors  Last Runtime    Last Run               Last # of DB Queries
------------------------------------  -----  ---------  --------  ----------  --------------  -------------------  ----------------------
/opt/airflow/dags/etl_airflow_dag.py                           1           0  0.75s           2025-12-16T16:47:12                      10
================================================================================
[2025-12-16T16:47:49.466+0000] {manager.py:997} INFO - 
================================================================================
DAG File Processing Stats

File Path                             PID    Runtime      # DAGs    # Errors  Last Runtime    Last Run               Last # of DB Queries
------------------------------------  -----  ---------  --------  ----------  --------------  -------------------  ----------------------
/opt/airflow/dags/etl_airflow_dag.py                           1           0  0.60s           2025-12-16T16:47:42                      10
================================================================================
[2025-12-16T16:48:19.784+0000] {manager.py:997} INFO - 
================================================================================
DAG File Processing Stats

File Path                             PID    Runtime      # DAGs    # Errors  Last Runtime    Last Run               Last # of DB Queries
------------------------------------  -----  ---------  --------  ----------  --------------  -------------------  ----------------------
/opt/airflow/dags/etl_airflow_dag.py                           1           0  0.75s           2025-12-16T16:48:14                      10
================================================================================
[2025-12-16T16:48:49.988+0000] {manager.py:997} INFO - 
================================================================================
DAG File Processing Stats

File Path                             PID    Runtime      # DAGs    # Errors  Last Runtime    Last Run               Last # of DB Queries
------------------------------------  -----  ---------  --------  ----------  --------------  -------------------  ----------------------
/opt/airflow/dags/etl_airflow_dag.py                           1           0  0.59s           2025-12-16T16:48:44                      10
================================================================================
[2025-12-16T16:48:50.994+0000] {manager.py:821} INFO - Searching for files in /opt/airflow/dags
[2025-12-16T16:48:51.026+0000] {manager.py:824} INFO - There are 1 files in /opt/airflow/dags
[2025-12-16T16:49:20.128+0000] {manager.py:997} INFO - 
================================================================================
DAG File Processing Stats

File Path                             PID    Runtime      # DAGs    # Errors  Last Runtime    Last Run               Last # of DB Queries
------------------------------------  -----  ---------  --------  ----------  --------------  -------------------  ----------------------
/opt/airflow/dags/etl_airflow_dag.py                           1           0  0.76s           2025-12-16T16:49:16                      10
================================================================================
[2025-12-16T16:49:50.963+0000] {manager.py:997} INFO - 
================================================================================
DAG File Processing Stats

File Path                             PID    Runtime      # DAGs    # Errors  Last Runtime    Last Run               Last # of DB Queries
------------------------------------  -----  ---------  --------  ----------  --------------  -------------------  ----------------------
/opt/airflow/dags/etl_airflow_dag.py                           1           0  0.55s           2025-12-16T16:49:46                      10
================================================================================
[2025-12-16T16:50:21.043+0000] {manager.py:997} INFO - 
================================================================================
DAG File Processing Stats

File Path                             PID    Runtime      # DAGs    # Errors  Last Runtime    Last Run               Last # of DB Queries
------------------------------------  -----  ---------  --------  ----------  --------------  -------------------  ----------------------
/opt/airflow/dags/etl_airflow_dag.py                           1           0  0.75s           2025-12-16T16:50:17                      10
================================================================================
[2025-12-16T16:50:51.093+0000] {manager.py:997} INFO - 
================================================================================
DAG File Processing Stats

File Path                             PID    Runtime      # DAGs    # Errors  Last Runtime    Last Run               Last # of DB Queries
------------------------------------  -----  ---------  --------  ----------  --------------  -------------------  ----------------------
/opt/airflow/dags/etl_airflow_dag.py                           1           0  0.74s           2025-12-16T16:50:49                      10
================================================================================
[2025-12-16T16:51:21.190+0000] {manager.py:997} INFO - 
================================================================================
DAG File Processing Stats

File Path                             PID    Runtime      # DAGs    # Errors  Last Runtime    Last Run               Last # of DB Queries
------------------------------------  -----  ---------  --------  ----------  --------------  -------------------  ----------------------
/opt/airflow/dags/etl_airflow_dag.py                           1           0  0.74s           2025-12-16T16:51:20                      10
================================================================================
[2025-12-16T16:51:51.482+0000] {manager.py:997} INFO - 
================================================================================
DAG File Processing Stats

File Path                             PID    Runtime      # DAGs    # Errors  Last Runtime    Last Run               Last # of DB Queries
------------------------------------  -----  ---------  --------  ----------  --------------  -------------------  ----------------------
/opt/airflow/dags/etl_airflow_dag.py                           1           0  0.72s           2025-12-16T16:51:51                      10
================================================================================
[2025-12-16T16:52:21.490+0000] {manager.py:997} INFO - 
================================================================================
DAG File Processing Stats

File Path                               PID  Runtime      # DAGs    # Errors  Last Runtime    Last Run               Last # of DB Queries
------------------------------------  -----  ---------  --------  ----------  --------------  -------------------  ----------------------
/opt/airflow/dags/etl_airflow_dag.py   1792  0.01s             1           0  0.72s           2025-12-16T16:51:51                      10
================================================================================
[2025-12-16T16:52:51.515+0000] {manager.py:997} INFO - 
================================================================================
DAG File Processing Stats

File Path                             PID    Runtime      # DAGs    # Errors  Last Runtime    Last Run               Last # of DB Queries
------------------------------------  -----  ---------  --------  ----------  --------------  -------------------  ----------------------
/opt/airflow/dags/etl_airflow_dag.py                           1           0  0.73s           2025-12-16T16:52:22                      10
================================================================================
[2025-12-16T16:53:21.554+0000] {manager.py:997} INFO - 
================================================================================
DAG File Processing Stats

File Path                             PID    Runtime      # DAGs    # Errors  Last Runtime    Last Run               Last # of DB Queries
------------------------------------  -----  ---------  --------  ----------  --------------  -------------------  ----------------------
/opt/airflow/dags/etl_airflow_dag.py                           1           0  0.76s           2025-12-16T16:52:53                      10
================================================================================
[2025-12-16T16:53:51.433+0000] {manager.py:821} INFO - Searching for files in /opt/airflow/dags
[2025-12-16T16:53:51.464+0000] {manager.py:824} INFO - There are 1 files in /opt/airflow/dags
[2025-12-16T16:53:51.877+0000] {manager.py:997} INFO - 
================================================================================
DAG File Processing Stats

File Path                             PID    Runtime      # DAGs    # Errors  Last Runtime    Last Run               Last # of DB Queries
------------------------------------  -----  ---------  --------  ----------  --------------  -------------------  ----------------------
/opt/airflow/dags/etl_airflow_dag.py                           1           0  0.78s           2025-12-16T16:53:24                      10
================================================================================
[2025-12-16T16:54:22.218+0000] {manager.py:997} INFO - 
================================================================================
DAG File Processing Stats

File Path                             PID    Runtime      # DAGs    # Errors  Last Runtime    Last Run               Last # of DB Queries
------------------------------------  -----  ---------  --------  ----------  --------------  -------------------  ----------------------
/opt/airflow/dags/etl_airflow_dag.py                           1           0  0.72s           2025-12-16T16:53:55                      10
================================================================================
[2025-12-16T16:54:52.729+0000] {manager.py:997} INFO - 
================================================================================
DAG File Processing Stats

File Path                             PID    Runtime      # DAGs    # Errors  Last Runtime    Last Run               Last # of DB Queries
------------------------------------  -----  ---------  --------  ----------  --------------  -------------------  ----------------------
/opt/airflow/dags/etl_airflow_dag.py                           1           0  0.90s           2025-12-16T16:54:26                      10
================================================================================
[2025-12-16T16:55:22.891+0000] {manager.py:997} INFO - 
================================================================================
DAG File Processing Stats

File Path                             PID    Runtime      # DAGs    # Errors  Last Runtime    Last Run               Last # of DB Queries
------------------------------------  -----  ---------  --------  ----------  --------------  -------------------  ----------------------
/opt/airflow/dags/etl_airflow_dag.py                           1           0  0.72s           2025-12-16T16:54:57                      10
================================================================================
[2025-12-16T16:55:53.302+0000] {manager.py:997} INFO - 
================================================================================
DAG File Processing Stats

File Path                             PID    Runtime      # DAGs    # Errors  Last Runtime    Last Run               Last # of DB Queries
------------------------------------  -----  ---------  --------  ----------  --------------  -------------------  ----------------------
/opt/airflow/dags/etl_airflow_dag.py                           1           0  1.27s           2025-12-16T16:55:29                      10
================================================================================
[2025-12-16T16:56:23.458+0000] {manager.py:997} INFO - 
================================================================================
DAG File Processing Stats

File Path                             PID    Runtime      # DAGs    # Errors  Last Runtime    Last Run               Last # of DB Queries
------------------------------------  -----  ---------  --------  ----------  --------------  -------------------  ----------------------
/opt/airflow/dags/etl_airflow_dag.py                           1           0  0.79s           2025-12-16T16:56:00                      10
================================================================================
[2025-12-16T16:59:09.504+0000] {manager.py:821} INFO - Searching for files in /opt/airflow/dags
[2025-12-16T16:59:09.641+0000] {manager.py:824} INFO - There are 1 files in /opt/airflow/dags
[2025-12-16T16:59:18.909+0000] {manager.py:997} INFO - 
================================================================================
DAG File Processing Stats

File Path                             PID    Runtime      # DAGs    # Errors  Last Runtime    Last Run               Last # of DB Queries
------------------------------------  -----  ---------  --------  ----------  --------------  -------------------  ----------------------
/opt/airflow/dags/etl_airflow_dag.py                           1           0  37.47s          2025-12-16T16:59:10                      10
================================================================================
[2025-12-16T16:59:49.362+0000] {manager.py:997} INFO - 
================================================================================
DAG File Processing Stats

File Path                             PID    Runtime      # DAGs    # Errors  Last Runtime    Last Run               Last # of DB Queries
------------------------------------  -----  ---------  --------  ----------  --------------  -------------------  ----------------------
/opt/airflow/dags/etl_airflow_dag.py                           1           0  1.13s           2025-12-16T16:59:42                      10
================================================================================
[2025-12-16T17:00:19.735+0000] {manager.py:997} INFO - 
================================================================================
DAG File Processing Stats

File Path                             PID    Runtime      # DAGs    # Errors  Last Runtime    Last Run               Last # of DB Queries
------------------------------------  -----  ---------  --------  ----------  --------------  -------------------  ----------------------
/opt/airflow/dags/etl_airflow_dag.py                           1           0  0.95s           2025-12-16T17:00:13                      10
================================================================================
[2025-12-16T17:00:50.273+0000] {manager.py:997} INFO - 
================================================================================
DAG File Processing Stats

File Path                             PID    Runtime      # DAGs    # Errors  Last Runtime    Last Run               Last # of DB Queries
------------------------------------  -----  ---------  --------  ----------  --------------  -------------------  ----------------------
/opt/airflow/dags/etl_airflow_dag.py                           1           0  1.13s           2025-12-16T17:00:45                      10
================================================================================
[2025-12-16T17:01:20.871+0000] {manager.py:997} INFO - 
================================================================================
DAG File Processing Stats

File Path                             PID    Runtime      # DAGs    # Errors  Last Runtime    Last Run               Last # of DB Queries
------------------------------------  -----  ---------  --------  ----------  --------------  -------------------  ----------------------
/opt/airflow/dags/etl_airflow_dag.py                           1           0  1.09s           2025-12-16T17:01:16                      10
================================================================================
[2025-12-16T17:01:51.325+0000] {manager.py:997} INFO - 
================================================================================
DAG File Processing Stats

File Path                             PID    Runtime      # DAGs    # Errors  Last Runtime    Last Run               Last # of DB Queries
------------------------------------  -----  ---------  --------  ----------  --------------  -------------------  ----------------------
/opt/airflow/dags/etl_airflow_dag.py                           1           0  1.04s           2025-12-16T17:01:48                      10
================================================================================
[2025-12-16T17:02:21.706+0000] {manager.py:997} INFO - 
================================================================================
DAG File Processing Stats

File Path                             PID    Runtime      # DAGs    # Errors  Last Runtime    Last Run               Last # of DB Queries
------------------------------------  -----  ---------  --------  ----------  --------------  -------------------  ----------------------
/opt/airflow/dags/etl_airflow_dag.py                           1           0  0.95s           2025-12-16T17:02:19                      10
================================================================================
[2025-12-16T17:02:52.188+0000] {manager.py:997} INFO - 
================================================================================
DAG File Processing Stats

File Path                             PID    Runtime      # DAGs    # Errors  Last Runtime    Last Run               Last # of DB Queries
------------------------------------  -----  ---------  --------  ----------  --------------  -------------------  ----------------------
/opt/airflow/dags/etl_airflow_dag.py                           1           0  1.27s           2025-12-16T17:02:51                      10
================================================================================
[2025-12-16T17:03:22.669+0000] {manager.py:997} INFO - 
================================================================================
DAG File Processing Stats

File Path                               PID  Runtime      # DAGs    # Errors  Last Runtime    Last Run               Last # of DB Queries
------------------------------------  -----  ---------  --------  ----------  --------------  -------------------  ----------------------
/opt/airflow/dags/etl_airflow_dag.py   1894  1.03s             1           0  1.27s           2025-12-16T17:02:51                      10
================================================================================
[2025-12-16T17:03:53.205+0000] {manager.py:997} INFO - 
================================================================================
DAG File Processing Stats

File Path                               PID  Runtime      # DAGs    # Errors  Last Runtime    Last Run               Last # of DB Queries
------------------------------------  -----  ---------  --------  ----------  --------------  -------------------  ----------------------
/opt/airflow/dags/etl_airflow_dag.py   1900  0.02s             1           0  1.14s           2025-12-16T17:03:22                      10
================================================================================
[2025-12-16T17:04:10.452+0000] {manager.py:821} INFO - Searching for files in /opt/airflow/dags
[2025-12-16T17:04:10.492+0000] {manager.py:824} INFO - There are 1 files in /opt/airflow/dags
[2025-12-16T17:04:23.704+0000] {manager.py:997} INFO - 
================================================================================
DAG File Processing Stats

File Path                             PID    Runtime      # DAGs    # Errors  Last Runtime    Last Run               Last # of DB Queries
------------------------------------  -----  ---------  --------  ----------  --------------  -------------------  ----------------------
/opt/airflow/dags/etl_airflow_dag.py                           1           0  1.05s           2025-12-16T17:03:54                      10
================================================================================
[2025-12-16T17:04:54.279+0000] {manager.py:997} INFO - 
================================================================================
DAG File Processing Stats

File Path                             PID    Runtime      # DAGs    # Errors  Last Runtime    Last Run               Last # of DB Queries
------------------------------------  -----  ---------  --------  ----------  --------------  -------------------  ----------------------
/opt/airflow/dags/etl_airflow_dag.py                           1           0  1.15s           2025-12-16T17:04:25                      10
================================================================================
[2025-12-16T17:05:24.764+0000] {manager.py:997} INFO - 
================================================================================
DAG File Processing Stats

File Path                             PID    Runtime      # DAGs    # Errors  Last Runtime    Last Run               Last # of DB Queries
------------------------------------  -----  ---------  --------  ----------  --------------  -------------------  ----------------------
/opt/airflow/dags/etl_airflow_dag.py                           1           0  1.07s           2025-12-16T17:04:57                      10
================================================================================
[2025-12-16T17:05:55.291+0000] {manager.py:997} INFO - 
================================================================================
DAG File Processing Stats

File Path                             PID    Runtime      # DAGs    # Errors  Last Runtime    Last Run               Last # of DB Queries
------------------------------------  -----  ---------  --------  ----------  --------------  -------------------  ----------------------
/opt/airflow/dags/etl_airflow_dag.py                           1           0  1.26s           2025-12-16T17:05:29                      10
================================================================================
[2025-12-16T17:06:25.778+0000] {manager.py:997} INFO - 
================================================================================
DAG File Processing Stats

File Path                             PID    Runtime      # DAGs    # Errors  Last Runtime    Last Run               Last # of DB Queries
------------------------------------  -----  ---------  --------  ----------  --------------  -------------------  ----------------------
/opt/airflow/dags/etl_airflow_dag.py                           1           0  1.16s           2025-12-16T17:06:00                      10
================================================================================
[2025-12-16T17:06:56.338+0000] {manager.py:997} INFO - 
================================================================================
DAG File Processing Stats

File Path                             PID    Runtime      # DAGs    # Errors  Last Runtime    Last Run               Last # of DB Queries
------------------------------------  -----  ---------  --------  ----------  --------------  -------------------  ----------------------
/opt/airflow/dags/etl_airflow_dag.py                           1           0  1.16s           2025-12-16T17:06:32                      10
================================================================================
[2025-12-16T17:07:26.977+0000] {manager.py:997} INFO - 
================================================================================
DAG File Processing Stats

File Path                             PID    Runtime      # DAGs    # Errors  Last Runtime    Last Run               Last # of DB Queries
------------------------------------  -----  ---------  --------  ----------  --------------  -------------------  ----------------------
/opt/airflow/dags/etl_airflow_dag.py                           1           0  1.11s           2025-12-16T17:07:03                      10
================================================================================
[2025-12-16T17:07:57.458+0000] {manager.py:997} INFO - 
================================================================================
DAG File Processing Stats

File Path                             PID    Runtime      # DAGs    # Errors  Last Runtime    Last Run               Last # of DB Queries
------------------------------------  -----  ---------  --------  ----------  --------------  -------------------  ----------------------
/opt/airflow/dags/etl_airflow_dag.py                           1           0  1.02s           2025-12-16T17:07:35                      10
================================================================================
[2025-12-16T17:08:27.883+0000] {manager.py:997} INFO - 
================================================================================
DAG File Processing Stats

File Path                             PID    Runtime      # DAGs    # Errors  Last Runtime    Last Run               Last # of DB Queries
------------------------------------  -----  ---------  --------  ----------  --------------  -------------------  ----------------------
/opt/airflow/dags/etl_airflow_dag.py                           1           0  1.07s           2025-12-16T17:08:06                      10
================================================================================
[2025-12-16T17:08:58.302+0000] {manager.py:997} INFO - 
================================================================================
DAG File Processing Stats

File Path                             PID    Runtime      # DAGs    # Errors  Last Runtime    Last Run               Last # of DB Queries
------------------------------------  -----  ---------  --------  ----------  --------------  -------------------  ----------------------
/opt/airflow/dags/etl_airflow_dag.py                           1           0  1.10s           2025-12-16T17:08:38                      10
================================================================================
[2025-12-16T17:09:10.504+0000] {manager.py:821} INFO - Searching for files in /opt/airflow/dags
[2025-12-16T17:09:10.555+0000] {manager.py:824} INFO - There are 1 files in /opt/airflow/dags
[2025-12-16T17:09:28.837+0000] {manager.py:997} INFO - 
================================================================================
DAG File Processing Stats

File Path                             PID    Runtime      # DAGs    # Errors  Last Runtime    Last Run               Last # of DB Queries
------------------------------------  -----  ---------  --------  ----------  --------------  -------------------  ----------------------
/opt/airflow/dags/etl_airflow_dag.py                           1           0  1.09s           2025-12-16T17:09:09                      10
================================================================================
[2025-12-16T17:09:59.344+0000] {manager.py:997} INFO - 
================================================================================
DAG File Processing Stats

File Path                             PID    Runtime      # DAGs    # Errors  Last Runtime    Last Run               Last # of DB Queries
------------------------------------  -----  ---------  --------  ----------  --------------  -------------------  ----------------------
/opt/airflow/dags/etl_airflow_dag.py                           1           0  1.15s           2025-12-16T17:09:41                      10
================================================================================
[2025-12-16T17:10:29.705+0000] {manager.py:997} INFO - 
================================================================================
DAG File Processing Stats

File Path                             PID    Runtime      # DAGs    # Errors  Last Runtime    Last Run               Last # of DB Queries
------------------------------------  -----  ---------  --------  ----------  --------------  -------------------  ----------------------
/opt/airflow/dags/etl_airflow_dag.py                           1           0  1.03s           2025-12-16T17:10:12                      10
================================================================================
[2025-12-16T17:11:00.188+0000] {manager.py:997} INFO - 
================================================================================
DAG File Processing Stats

File Path                             PID    Runtime      # DAGs    # Errors  Last Runtime    Last Run               Last # of DB Queries
------------------------------------  -----  ---------  --------  ----------  --------------  -------------------  ----------------------
/opt/airflow/dags/etl_airflow_dag.py                           1           0  1.18s           2025-12-16T17:10:44                      10
================================================================================
[2025-12-16T17:11:30.695+0000] {manager.py:997} INFO - 
================================================================================
DAG File Processing Stats

File Path                             PID    Runtime      # DAGs    # Errors  Last Runtime    Last Run               Last # of DB Queries
------------------------------------  -----  ---------  --------  ----------  --------------  -------------------  ----------------------
/opt/airflow/dags/etl_airflow_dag.py                           1           0  1.04s           2025-12-16T17:11:15                      10
================================================================================
[2025-12-16T17:12:01.174+0000] {manager.py:997} INFO - 
================================================================================
DAG File Processing Stats

File Path                             PID    Runtime      # DAGs    # Errors  Last Runtime    Last Run               Last # of DB Queries
------------------------------------  -----  ---------  --------  ----------  --------------  -------------------  ----------------------
/opt/airflow/dags/etl_airflow_dag.py                           1           0  1.28s           2025-12-16T17:11:47                      10
================================================================================
[2025-12-16T17:12:31.600+0000] {manager.py:997} INFO - 
================================================================================
DAG File Processing Stats

File Path                             PID    Runtime      # DAGs    # Errors  Last Runtime    Last Run               Last # of DB Queries
------------------------------------  -----  ---------  --------  ----------  --------------  -------------------  ----------------------
/opt/airflow/dags/etl_airflow_dag.py                           1           0  1.03s           2025-12-16T17:12:18                      10
================================================================================
[2025-12-16T17:13:02.154+0000] {manager.py:997} INFO - 
================================================================================
DAG File Processing Stats

File Path                             PID    Runtime      # DAGs    # Errors  Last Runtime    Last Run               Last # of DB Queries
------------------------------------  -----  ---------  --------  ----------  --------------  -------------------  ----------------------
/opt/airflow/dags/etl_airflow_dag.py                           1           0  1.38s           2025-12-16T17:12:50                      10
================================================================================
[2025-12-16T17:13:32.627+0000] {manager.py:997} INFO - 
================================================================================
DAG File Processing Stats

File Path                             PID    Runtime      # DAGs    # Errors  Last Runtime    Last Run               Last # of DB Queries
------------------------------------  -----  ---------  --------  ----------  --------------  -------------------  ----------------------
/opt/airflow/dags/etl_airflow_dag.py                           1           0  0.96s           2025-12-16T17:13:21                      10
================================================================================
[2025-12-16T17:14:03.134+0000] {manager.py:997} INFO - 
================================================================================
DAG File Processing Stats

File Path                             PID    Runtime      # DAGs    # Errors  Last Runtime    Last Run               Last # of DB Queries
------------------------------------  -----  ---------  --------  ----------  --------------  -------------------  ----------------------
/opt/airflow/dags/etl_airflow_dag.py                           1           0  1.08s           2025-12-16T17:13:53                      10
================================================================================
[2025-12-16T17:14:11.244+0000] {manager.py:821} INFO - Searching for files in /opt/airflow/dags
[2025-12-16T17:14:11.283+0000] {manager.py:824} INFO - There are 1 files in /opt/airflow/dags
[2025-12-16T17:14:33.686+0000] {manager.py:997} INFO - 
================================================================================
DAG File Processing Stats

File Path                             PID    Runtime      # DAGs    # Errors  Last Runtime    Last Run               Last # of DB Queries
------------------------------------  -----  ---------  --------  ----------  --------------  -------------------  ----------------------
/opt/airflow/dags/etl_airflow_dag.py                           1           0  1.03s           2025-12-16T17:14:24                      10
================================================================================
[2025-12-16T17:15:04.141+0000] {manager.py:997} INFO - 
================================================================================
DAG File Processing Stats

File Path                             PID    Runtime      # DAGs    # Errors  Last Runtime    Last Run               Last # of DB Queries
------------------------------------  -----  ---------  --------  ----------  --------------  -------------------  ----------------------
/opt/airflow/dags/etl_airflow_dag.py                           1           0  1.04s           2025-12-16T17:14:56                      10
================================================================================
[2025-12-16T17:15:34.618+0000] {manager.py:997} INFO - 
================================================================================
DAG File Processing Stats

File Path                             PID    Runtime      # DAGs    # Errors  Last Runtime    Last Run               Last # of DB Queries
------------------------------------  -----  ---------  --------  ----------  --------------  -------------------  ----------------------
/opt/airflow/dags/etl_airflow_dag.py                           1           0  1.08s           2025-12-16T17:15:27                      10
================================================================================
[2025-12-16T17:16:05.105+0000] {manager.py:997} INFO - 
================================================================================
DAG File Processing Stats

File Path                             PID    Runtime      # DAGs    # Errors  Last Runtime    Last Run               Last # of DB Queries
------------------------------------  -----  ---------  --------  ----------  --------------  -------------------  ----------------------
/opt/airflow/dags/etl_airflow_dag.py                           1           0  0.98s           2025-12-16T17:15:58                      10
================================================================================
[2025-12-16T17:16:35.671+0000] {manager.py:997} INFO - 
================================================================================
DAG File Processing Stats

File Path                             PID    Runtime      # DAGs    # Errors  Last Runtime    Last Run               Last # of DB Queries
------------------------------------  -----  ---------  --------  ----------  --------------  -------------------  ----------------------
/opt/airflow/dags/etl_airflow_dag.py                           1           0  1.23s           2025-12-16T17:16:30                      10
================================================================================
[2025-12-16T17:17:06.279+0000] {manager.py:997} INFO - 
================================================================================
DAG File Processing Stats

File Path                             PID    Runtime      # DAGs    # Errors  Last Runtime    Last Run               Last # of DB Queries
------------------------------------  -----  ---------  --------  ----------  --------------  -------------------  ----------------------
/opt/airflow/dags/etl_airflow_dag.py                           1           0  1.21s           2025-12-16T17:17:02                      10
================================================================================
[2025-12-16T17:17:36.803+0000] {manager.py:997} INFO - 
================================================================================
DAG File Processing Stats

File Path                             PID    Runtime      # DAGs    # Errors  Last Runtime    Last Run               Last # of DB Queries
------------------------------------  -----  ---------  --------  ----------  --------------  -------------------  ----------------------
/opt/airflow/dags/etl_airflow_dag.py                           1           0  1.35s           2025-12-16T17:17:34                      10
================================================================================
[2025-12-16T17:18:07.272+0000] {manager.py:997} INFO - 
================================================================================
DAG File Processing Stats

File Path                             PID    Runtime      # DAGs    # Errors  Last Runtime    Last Run               Last # of DB Queries
------------------------------------  -----  ---------  --------  ----------  --------------  -------------------  ----------------------
/opt/airflow/dags/etl_airflow_dag.py                           1           0  0.98s           2025-12-16T17:18:05                      10
================================================================================
[2025-12-16T17:18:37.778+0000] {manager.py:997} INFO - 
================================================================================
DAG File Processing Stats

File Path                             PID    Runtime      # DAGs    # Errors  Last Runtime    Last Run               Last # of DB Queries
------------------------------------  -----  ---------  --------  ----------  --------------  -------------------  ----------------------
/opt/airflow/dags/etl_airflow_dag.py                           1           0  1.11s           2025-12-16T17:18:36                      10
================================================================================
[2025-12-16T17:19:08.294+0000] {manager.py:997} INFO - 
================================================================================
DAG File Processing Stats

File Path                               PID  Runtime      # DAGs    # Errors  Last Runtime    Last Run               Last # of DB Queries
------------------------------------  -----  ---------  --------  ----------  --------------  -------------------  ----------------------
/opt/airflow/dags/etl_airflow_dag.py   2074  1.03s             1           0  1.11s           2025-12-16T17:18:36                      10
================================================================================
[2025-12-16T17:19:11.359+0000] {manager.py:821} INFO - Searching for files in /opt/airflow/dags
[2025-12-16T17:19:11.467+0000] {manager.py:824} INFO - There are 1 files in /opt/airflow/dags
[2025-12-16T17:19:39.019+0000] {manager.py:997} INFO - 
================================================================================
DAG File Processing Stats

File Path                               PID  Runtime      # DAGs    # Errors  Last Runtime    Last Run               Last # of DB Queries
------------------------------------  -----  ---------  --------  ----------  --------------  -------------------  ----------------------
/opt/airflow/dags/etl_airflow_dag.py   2080  0.02s             1           0  1.14s           2025-12-16T17:19:08                      10
================================================================================
[2025-12-16T17:20:09.480+0000] {manager.py:997} INFO - 
================================================================================
DAG File Processing Stats

File Path                             PID    Runtime      # DAGs    # Errors  Last Runtime    Last Run               Last # of DB Queries
------------------------------------  -----  ---------  --------  ----------  --------------  -------------------  ----------------------
/opt/airflow/dags/etl_airflow_dag.py                           1           0  1.08s           2025-12-16T17:19:40                      10
================================================================================
[2025-12-16T17:20:39.997+0000] {manager.py:997} INFO - 
================================================================================
DAG File Processing Stats

File Path                             PID    Runtime      # DAGs    # Errors  Last Runtime    Last Run               Last # of DB Queries
------------------------------------  -----  ---------  --------  ----------  --------------  -------------------  ----------------------
/opt/airflow/dags/etl_airflow_dag.py                           1           0  1.05s           2025-12-16T17:20:11                      10
================================================================================
[2025-12-16T17:21:10.512+0000] {manager.py:997} INFO - 
================================================================================
DAG File Processing Stats

File Path                             PID    Runtime      # DAGs    # Errors  Last Runtime    Last Run               Last # of DB Queries
------------------------------------  -----  ---------  --------  ----------  --------------  -------------------  ----------------------
/opt/airflow/dags/etl_airflow_dag.py                           1           0  1.02s           2025-12-16T17:20:43                      10
================================================================================
[2025-12-16T17:21:41.058+0000] {manager.py:997} INFO - 
================================================================================
DAG File Processing Stats

File Path                             PID    Runtime      # DAGs    # Errors  Last Runtime    Last Run               Last # of DB Queries
------------------------------------  -----  ---------  --------  ----------  --------------  -------------------  ----------------------
/opt/airflow/dags/etl_airflow_dag.py                           1           0  1.06s           2025-12-16T17:21:14                      10
================================================================================
[2025-12-16T17:22:11.537+0000] {manager.py:997} INFO - 
================================================================================
DAG File Processing Stats

File Path                             PID    Runtime      # DAGs    # Errors  Last Runtime    Last Run               Last # of DB Queries
------------------------------------  -----  ---------  --------  ----------  --------------  -------------------  ----------------------
/opt/airflow/dags/etl_airflow_dag.py                           1           0  1.00s           2025-12-16T17:21:46                      10
================================================================================
[2025-12-16T17:22:41.965+0000] {manager.py:997} INFO - 
================================================================================
DAG File Processing Stats

File Path                             PID    Runtime      # DAGs    # Errors  Last Runtime    Last Run               Last # of DB Queries
------------------------------------  -----  ---------  --------  ----------  --------------  -------------------  ----------------------
/opt/airflow/dags/etl_airflow_dag.py                           1           0  1.03s           2025-12-16T17:22:17                      10
================================================================================
[2025-12-16T17:23:12.416+0000] {manager.py:997} INFO - 
================================================================================
DAG File Processing Stats

File Path                             PID    Runtime      # DAGs    # Errors  Last Runtime    Last Run               Last # of DB Queries
------------------------------------  -----  ---------  --------  ----------  --------------  -------------------  ----------------------
/opt/airflow/dags/etl_airflow_dag.py                           1           0  0.99s           2025-12-16T17:22:49                      10
================================================================================
[2025-12-16T17:23:42.966+0000] {manager.py:997} INFO - 
================================================================================
DAG File Processing Stats

File Path                             PID    Runtime      # DAGs    # Errors  Last Runtime    Last Run               Last # of DB Queries
------------------------------------  -----  ---------  --------  ----------  --------------  -------------------  ----------------------
/opt/airflow/dags/etl_airflow_dag.py                           1           0  1.09s           2025-12-16T17:23:20                      10
================================================================================
