[2025-12-14T14:03:14.659+0000] {processor.py:186} INFO - Started process (PID=164) to work on /opt/airflow/dags/etl_airflow_dag.py
[2025-12-14T14:03:14.661+0000] {processor.py:914} INFO - Processing file /opt/airflow/dags/etl_airflow_dag.py for tasks to queue
[2025-12-14T14:03:14.665+0000] {logging_mixin.py:190} INFO - [2025-12-14T14:03:14.664+0000] {dagbag.py:588} INFO - Filling up the DagBag from /opt/airflow/dags/etl_airflow_dag.py
[2025-12-14T14:03:14.781+0000] {processor.py:925} INFO - DAG(s) 'placeholder_etl_dag' retrieved from /opt/airflow/dags/etl_airflow_dag.py
[2025-12-14T14:03:15.338+0000] {logging_mixin.py:190} INFO - [2025-12-14T14:03:15.337+0000] {override.py:1900} INFO - Created Permission View: can read on DAG:placeholder_etl_dag
[2025-12-14T14:03:15.358+0000] {logging_mixin.py:190} INFO - [2025-12-14T14:03:15.357+0000] {override.py:1900} INFO - Created Permission View: can edit on DAG:placeholder_etl_dag
[2025-12-14T14:03:15.380+0000] {logging_mixin.py:190} INFO - [2025-12-14T14:03:15.379+0000] {override.py:1900} INFO - Created Permission View: can delete on DAG:placeholder_etl_dag
[2025-12-14T14:03:15.405+0000] {logging_mixin.py:190} INFO - [2025-12-14T14:03:15.404+0000] {override.py:1900} INFO - Created Permission View: can create on DAG Run:placeholder_etl_dag
[2025-12-14T14:03:15.431+0000] {logging_mixin.py:190} INFO - [2025-12-14T14:03:15.431+0000] {override.py:1900} INFO - Created Permission View: can read on DAG Run:placeholder_etl_dag
[2025-12-14T14:03:15.451+0000] {logging_mixin.py:190} INFO - [2025-12-14T14:03:15.451+0000] {override.py:1900} INFO - Created Permission View: menu access on DAG Run:placeholder_etl_dag
[2025-12-14T14:03:15.470+0000] {logging_mixin.py:190} INFO - [2025-12-14T14:03:15.469+0000] {override.py:1900} INFO - Created Permission View: can delete on DAG Run:placeholder_etl_dag
[2025-12-14T14:03:15.472+0000] {logging_mixin.py:190} INFO - [2025-12-14T14:03:15.471+0000] {dag.py:3239} INFO - Sync 1 DAGs
[2025-12-14T14:03:15.507+0000] {logging_mixin.py:190} INFO - [2025-12-14T14:03:15.506+0000] {dag.py:3262} INFO - Creating ORM DAG for placeholder_etl_dag
[2025-12-14T14:03:15.510+0000] {logging_mixin.py:190} INFO - [2025-12-14T14:03:15.509+0000] {dag.py:4180} INFO - Setting next_dagrun for placeholder_etl_dag to None, run_after=None
[2025-12-14T14:03:15.560+0000] {processor.py:208} INFO - Processing /opt/airflow/dags/etl_airflow_dag.py took 0.916 seconds
[2025-12-14T14:03:46.219+0000] {processor.py:186} INFO - Started process (PID=169) to work on /opt/airflow/dags/etl_airflow_dag.py
[2025-12-14T14:03:46.225+0000] {processor.py:914} INFO - Processing file /opt/airflow/dags/etl_airflow_dag.py for tasks to queue
[2025-12-14T14:03:46.233+0000] {logging_mixin.py:190} INFO - [2025-12-14T14:03:46.232+0000] {dagbag.py:588} INFO - Filling up the DagBag from /opt/airflow/dags/etl_airflow_dag.py
[2025-12-14T14:03:46.315+0000] {processor.py:925} INFO - DAG(s) 'placeholder_etl_dag' retrieved from /opt/airflow/dags/etl_airflow_dag.py
[2025-12-14T14:03:46.391+0000] {logging_mixin.py:190} INFO - [2025-12-14T14:03:46.390+0000] {dag.py:3239} INFO - Sync 1 DAGs
[2025-12-14T14:03:46.449+0000] {logging_mixin.py:190} INFO - [2025-12-14T14:03:46.448+0000] {dag.py:4180} INFO - Setting next_dagrun for placeholder_etl_dag to None, run_after=None
[2025-12-14T14:03:46.525+0000] {processor.py:208} INFO - Processing /opt/airflow/dags/etl_airflow_dag.py took 0.325 seconds
[2025-12-14T14:04:17.238+0000] {processor.py:186} INFO - Started process (PID=174) to work on /opt/airflow/dags/etl_airflow_dag.py
[2025-12-14T14:04:17.241+0000] {processor.py:914} INFO - Processing file /opt/airflow/dags/etl_airflow_dag.py for tasks to queue
[2025-12-14T14:04:17.248+0000] {logging_mixin.py:190} INFO - [2025-12-14T14:04:17.247+0000] {dagbag.py:588} INFO - Filling up the DagBag from /opt/airflow/dags/etl_airflow_dag.py
[2025-12-14T14:04:17.303+0000] {processor.py:925} INFO - DAG(s) 'placeholder_etl_dag' retrieved from /opt/airflow/dags/etl_airflow_dag.py
[2025-12-14T14:04:17.368+0000] {logging_mixin.py:190} INFO - [2025-12-14T14:04:17.367+0000] {dag.py:3239} INFO - Sync 1 DAGs
[2025-12-14T14:04:17.434+0000] {logging_mixin.py:190} INFO - [2025-12-14T14:04:17.433+0000] {dag.py:4180} INFO - Setting next_dagrun for placeholder_etl_dag to None, run_after=None
[2025-12-14T14:04:17.499+0000] {processor.py:208} INFO - Processing /opt/airflow/dags/etl_airflow_dag.py took 0.279 seconds
[2025-12-14T14:04:47.780+0000] {processor.py:186} INFO - Started process (PID=179) to work on /opt/airflow/dags/etl_airflow_dag.py
[2025-12-14T14:04:47.784+0000] {processor.py:914} INFO - Processing file /opt/airflow/dags/etl_airflow_dag.py for tasks to queue
[2025-12-14T14:04:47.794+0000] {logging_mixin.py:190} INFO - [2025-12-14T14:04:47.793+0000] {dagbag.py:588} INFO - Filling up the DagBag from /opt/airflow/dags/etl_airflow_dag.py
[2025-12-14T14:04:47.857+0000] {processor.py:925} INFO - DAG(s) 'placeholder_etl_dag' retrieved from /opt/airflow/dags/etl_airflow_dag.py
[2025-12-14T14:04:47.924+0000] {logging_mixin.py:190} INFO - [2025-12-14T14:04:47.923+0000] {dag.py:3239} INFO - Sync 1 DAGs
[2025-12-14T14:04:47.959+0000] {logging_mixin.py:190} INFO - [2025-12-14T14:04:47.959+0000] {dag.py:4180} INFO - Setting next_dagrun for placeholder_etl_dag to None, run_after=None
[2025-12-14T14:04:48.007+0000] {processor.py:208} INFO - Processing /opt/airflow/dags/etl_airflow_dag.py took 0.251 seconds
[2025-12-14T14:05:18.243+0000] {processor.py:186} INFO - Started process (PID=184) to work on /opt/airflow/dags/etl_airflow_dag.py
[2025-12-14T14:05:18.247+0000] {processor.py:914} INFO - Processing file /opt/airflow/dags/etl_airflow_dag.py for tasks to queue
[2025-12-14T14:05:18.256+0000] {logging_mixin.py:190} INFO - [2025-12-14T14:05:18.255+0000] {dagbag.py:588} INFO - Filling up the DagBag from /opt/airflow/dags/etl_airflow_dag.py
[2025-12-14T14:05:18.315+0000] {processor.py:925} INFO - DAG(s) 'placeholder_etl_dag' retrieved from /opt/airflow/dags/etl_airflow_dag.py
[2025-12-14T14:05:18.384+0000] {logging_mixin.py:190} INFO - [2025-12-14T14:05:18.384+0000] {dag.py:3239} INFO - Sync 1 DAGs
[2025-12-14T14:05:18.441+0000] {logging_mixin.py:190} INFO - [2025-12-14T14:05:18.440+0000] {dag.py:4180} INFO - Setting next_dagrun for placeholder_etl_dag to None, run_after=None
[2025-12-14T14:05:18.498+0000] {processor.py:208} INFO - Processing /opt/airflow/dags/etl_airflow_dag.py took 0.280 seconds
[2025-12-14T14:05:48.963+0000] {processor.py:186} INFO - Started process (PID=189) to work on /opt/airflow/dags/etl_airflow_dag.py
[2025-12-14T14:05:48.966+0000] {processor.py:914} INFO - Processing file /opt/airflow/dags/etl_airflow_dag.py for tasks to queue
[2025-12-14T14:05:48.993+0000] {logging_mixin.py:190} INFO - [2025-12-14T14:05:48.976+0000] {dagbag.py:588} INFO - Filling up the DagBag from /opt/airflow/dags/etl_airflow_dag.py
[2025-12-14T14:05:49.090+0000] {processor.py:925} INFO - DAG(s) 'placeholder_etl_dag' retrieved from /opt/airflow/dags/etl_airflow_dag.py
[2025-12-14T14:05:49.156+0000] {logging_mixin.py:190} INFO - [2025-12-14T14:05:49.155+0000] {dag.py:3239} INFO - Sync 1 DAGs
[2025-12-14T14:05:49.222+0000] {logging_mixin.py:190} INFO - [2025-12-14T14:05:49.221+0000] {dag.py:4180} INFO - Setting next_dagrun for placeholder_etl_dag to None, run_after=None
[2025-12-14T14:05:49.298+0000] {processor.py:208} INFO - Processing /opt/airflow/dags/etl_airflow_dag.py took 0.351 seconds
[2025-12-14T14:06:19.593+0000] {processor.py:186} INFO - Started process (PID=194) to work on /opt/airflow/dags/etl_airflow_dag.py
[2025-12-14T14:06:19.598+0000] {processor.py:914} INFO - Processing file /opt/airflow/dags/etl_airflow_dag.py for tasks to queue
[2025-12-14T14:06:19.611+0000] {logging_mixin.py:190} INFO - [2025-12-14T14:06:19.609+0000] {dagbag.py:588} INFO - Filling up the DagBag from /opt/airflow/dags/etl_airflow_dag.py
[2025-12-14T14:06:19.664+0000] {processor.py:925} INFO - DAG(s) 'placeholder_etl_dag' retrieved from /opt/airflow/dags/etl_airflow_dag.py
[2025-12-14T14:06:19.724+0000] {logging_mixin.py:190} INFO - [2025-12-14T14:06:19.724+0000] {dag.py:3239} INFO - Sync 1 DAGs
[2025-12-14T14:06:19.764+0000] {logging_mixin.py:190} INFO - [2025-12-14T14:06:19.763+0000] {dag.py:4180} INFO - Setting next_dagrun for placeholder_etl_dag to None, run_after=None
[2025-12-14T14:06:19.814+0000] {processor.py:208} INFO - Processing /opt/airflow/dags/etl_airflow_dag.py took 0.250 seconds
[2025-12-14T14:06:50.125+0000] {processor.py:186} INFO - Started process (PID=199) to work on /opt/airflow/dags/etl_airflow_dag.py
[2025-12-14T14:06:50.129+0000] {processor.py:914} INFO - Processing file /opt/airflow/dags/etl_airflow_dag.py for tasks to queue
[2025-12-14T14:06:50.142+0000] {logging_mixin.py:190} INFO - [2025-12-14T14:06:50.140+0000] {dagbag.py:588} INFO - Filling up the DagBag from /opt/airflow/dags/etl_airflow_dag.py
[2025-12-14T14:06:50.201+0000] {processor.py:925} INFO - DAG(s) 'placeholder_etl_dag' retrieved from /opt/airflow/dags/etl_airflow_dag.py
[2025-12-14T14:06:50.270+0000] {logging_mixin.py:190} INFO - [2025-12-14T14:06:50.269+0000] {dag.py:3239} INFO - Sync 1 DAGs
[2025-12-14T14:06:50.316+0000] {logging_mixin.py:190} INFO - [2025-12-14T14:06:50.316+0000] {dag.py:4180} INFO - Setting next_dagrun for placeholder_etl_dag to None, run_after=None
[2025-12-14T14:06:50.383+0000] {processor.py:208} INFO - Processing /opt/airflow/dags/etl_airflow_dag.py took 0.281 seconds
[2025-12-14T14:07:20.928+0000] {processor.py:186} INFO - Started process (PID=204) to work on /opt/airflow/dags/etl_airflow_dag.py
[2025-12-14T14:07:20.932+0000] {processor.py:914} INFO - Processing file /opt/airflow/dags/etl_airflow_dag.py for tasks to queue
[2025-12-14T14:07:20.944+0000] {logging_mixin.py:190} INFO - [2025-12-14T14:07:20.942+0000] {dagbag.py:588} INFO - Filling up the DagBag from /opt/airflow/dags/etl_airflow_dag.py
[2025-12-14T14:07:21.004+0000] {processor.py:925} INFO - DAG(s) 'placeholder_etl_dag' retrieved from /opt/airflow/dags/etl_airflow_dag.py
[2025-12-14T14:07:21.068+0000] {logging_mixin.py:190} INFO - [2025-12-14T14:07:21.067+0000] {dag.py:3239} INFO - Sync 1 DAGs
[2025-12-14T14:07:21.113+0000] {logging_mixin.py:190} INFO - [2025-12-14T14:07:21.113+0000] {dag.py:4180} INFO - Setting next_dagrun for placeholder_etl_dag to None, run_after=None
[2025-12-14T14:07:21.172+0000] {processor.py:208} INFO - Processing /opt/airflow/dags/etl_airflow_dag.py took 0.268 seconds
[2025-12-14T14:07:51.403+0000] {processor.py:186} INFO - Started process (PID=209) to work on /opt/airflow/dags/etl_airflow_dag.py
[2025-12-14T14:07:51.407+0000] {processor.py:914} INFO - Processing file /opt/airflow/dags/etl_airflow_dag.py for tasks to queue
[2025-12-14T14:07:51.417+0000] {logging_mixin.py:190} INFO - [2025-12-14T14:07:51.416+0000] {dagbag.py:588} INFO - Filling up the DagBag from /opt/airflow/dags/etl_airflow_dag.py
[2025-12-14T14:07:51.473+0000] {processor.py:925} INFO - DAG(s) 'placeholder_etl_dag' retrieved from /opt/airflow/dags/etl_airflow_dag.py
[2025-12-14T14:07:51.530+0000] {logging_mixin.py:190} INFO - [2025-12-14T14:07:51.529+0000] {dag.py:3239} INFO - Sync 1 DAGs
[2025-12-14T14:07:51.572+0000] {logging_mixin.py:190} INFO - [2025-12-14T14:07:51.571+0000] {dag.py:4180} INFO - Setting next_dagrun for placeholder_etl_dag to None, run_after=None
[2025-12-14T14:07:51.643+0000] {processor.py:208} INFO - Processing /opt/airflow/dags/etl_airflow_dag.py took 0.259 seconds
[2025-12-14T14:08:22.331+0000] {processor.py:186} INFO - Started process (PID=214) to work on /opt/airflow/dags/etl_airflow_dag.py
[2025-12-14T14:08:22.335+0000] {processor.py:914} INFO - Processing file /opt/airflow/dags/etl_airflow_dag.py for tasks to queue
[2025-12-14T14:08:22.343+0000] {logging_mixin.py:190} INFO - [2025-12-14T14:08:22.342+0000] {dagbag.py:588} INFO - Filling up the DagBag from /opt/airflow/dags/etl_airflow_dag.py
[2025-12-14T14:08:22.409+0000] {processor.py:925} INFO - DAG(s) 'placeholder_etl_dag' retrieved from /opt/airflow/dags/etl_airflow_dag.py
[2025-12-14T14:08:22.470+0000] {logging_mixin.py:190} INFO - [2025-12-14T14:08:22.469+0000] {dag.py:3239} INFO - Sync 1 DAGs
[2025-12-14T14:08:22.513+0000] {logging_mixin.py:190} INFO - [2025-12-14T14:08:22.512+0000] {dag.py:4180} INFO - Setting next_dagrun for placeholder_etl_dag to None, run_after=None
[2025-12-14T14:08:22.571+0000] {processor.py:208} INFO - Processing /opt/airflow/dags/etl_airflow_dag.py took 0.261 seconds
[2025-12-14T14:08:52.843+0000] {processor.py:186} INFO - Started process (PID=219) to work on /opt/airflow/dags/etl_airflow_dag.py
[2025-12-14T14:08:52.847+0000] {processor.py:914} INFO - Processing file /opt/airflow/dags/etl_airflow_dag.py for tasks to queue
[2025-12-14T14:08:52.855+0000] {logging_mixin.py:190} INFO - [2025-12-14T14:08:52.854+0000] {dagbag.py:588} INFO - Filling up the DagBag from /opt/airflow/dags/etl_airflow_dag.py
[2025-12-14T14:08:52.909+0000] {processor.py:925} INFO - DAG(s) 'placeholder_etl_dag' retrieved from /opt/airflow/dags/etl_airflow_dag.py
[2025-12-14T14:08:52.963+0000] {logging_mixin.py:190} INFO - [2025-12-14T14:08:52.962+0000] {dag.py:3239} INFO - Sync 1 DAGs
[2025-12-14T14:08:53.007+0000] {logging_mixin.py:190} INFO - [2025-12-14T14:08:53.006+0000] {dag.py:4180} INFO - Setting next_dagrun for placeholder_etl_dag to None, run_after=None
[2025-12-14T14:08:53.089+0000] {processor.py:208} INFO - Processing /opt/airflow/dags/etl_airflow_dag.py took 0.265 seconds
[2025-12-14T14:09:23.805+0000] {processor.py:186} INFO - Started process (PID=224) to work on /opt/airflow/dags/etl_airflow_dag.py
[2025-12-14T14:09:23.808+0000] {processor.py:914} INFO - Processing file /opt/airflow/dags/etl_airflow_dag.py for tasks to queue
[2025-12-14T14:09:23.820+0000] {logging_mixin.py:190} INFO - [2025-12-14T14:09:23.819+0000] {dagbag.py:588} INFO - Filling up the DagBag from /opt/airflow/dags/etl_airflow_dag.py
[2025-12-14T14:09:23.875+0000] {processor.py:925} INFO - DAG(s) 'placeholder_etl_dag' retrieved from /opt/airflow/dags/etl_airflow_dag.py
[2025-12-14T14:09:23.942+0000] {logging_mixin.py:190} INFO - [2025-12-14T14:09:23.941+0000] {dag.py:3239} INFO - Sync 1 DAGs
[2025-12-14T14:09:23.998+0000] {logging_mixin.py:190} INFO - [2025-12-14T14:09:23.997+0000] {dag.py:4180} INFO - Setting next_dagrun for placeholder_etl_dag to None, run_after=None
[2025-12-14T14:09:24.087+0000] {processor.py:208} INFO - Processing /opt/airflow/dags/etl_airflow_dag.py took 0.304 seconds
[2025-12-14T14:09:54.398+0000] {processor.py:186} INFO - Started process (PID=229) to work on /opt/airflow/dags/etl_airflow_dag.py
[2025-12-14T14:09:54.402+0000] {processor.py:914} INFO - Processing file /opt/airflow/dags/etl_airflow_dag.py for tasks to queue
[2025-12-14T14:09:54.412+0000] {logging_mixin.py:190} INFO - [2025-12-14T14:09:54.411+0000] {dagbag.py:588} INFO - Filling up the DagBag from /opt/airflow/dags/etl_airflow_dag.py
[2025-12-14T14:09:54.471+0000] {processor.py:925} INFO - DAG(s) 'placeholder_etl_dag' retrieved from /opt/airflow/dags/etl_airflow_dag.py
[2025-12-14T14:09:54.537+0000] {logging_mixin.py:190} INFO - [2025-12-14T14:09:54.536+0000] {dag.py:3239} INFO - Sync 1 DAGs
[2025-12-14T14:09:54.586+0000] {logging_mixin.py:190} INFO - [2025-12-14T14:09:54.586+0000] {dag.py:4180} INFO - Setting next_dagrun for placeholder_etl_dag to None, run_after=None
[2025-12-14T14:09:54.640+0000] {processor.py:208} INFO - Processing /opt/airflow/dags/etl_airflow_dag.py took 0.266 seconds
[2025-12-14T14:10:25.281+0000] {processor.py:186} INFO - Started process (PID=234) to work on /opt/airflow/dags/etl_airflow_dag.py
[2025-12-14T14:10:25.285+0000] {processor.py:914} INFO - Processing file /opt/airflow/dags/etl_airflow_dag.py for tasks to queue
[2025-12-14T14:10:25.295+0000] {logging_mixin.py:190} INFO - [2025-12-14T14:10:25.294+0000] {dagbag.py:588} INFO - Filling up the DagBag from /opt/airflow/dags/etl_airflow_dag.py
[2025-12-14T14:10:25.357+0000] {processor.py:925} INFO - DAG(s) 'placeholder_etl_dag' retrieved from /opt/airflow/dags/etl_airflow_dag.py
[2025-12-14T14:10:25.417+0000] {logging_mixin.py:190} INFO - [2025-12-14T14:10:25.416+0000] {dag.py:3239} INFO - Sync 1 DAGs
[2025-12-14T14:10:25.466+0000] {logging_mixin.py:190} INFO - [2025-12-14T14:10:25.465+0000] {dag.py:4180} INFO - Setting next_dagrun for placeholder_etl_dag to None, run_after=None
[2025-12-14T14:10:25.534+0000] {processor.py:208} INFO - Processing /opt/airflow/dags/etl_airflow_dag.py took 0.274 seconds
[2025-12-14T14:10:55.783+0000] {processor.py:186} INFO - Started process (PID=239) to work on /opt/airflow/dags/etl_airflow_dag.py
[2025-12-14T14:10:55.788+0000] {processor.py:914} INFO - Processing file /opt/airflow/dags/etl_airflow_dag.py for tasks to queue
[2025-12-14T14:10:55.801+0000] {logging_mixin.py:190} INFO - [2025-12-14T14:10:55.800+0000] {dagbag.py:588} INFO - Filling up the DagBag from /opt/airflow/dags/etl_airflow_dag.py
[2025-12-14T14:10:55.854+0000] {processor.py:925} INFO - DAG(s) 'placeholder_etl_dag' retrieved from /opt/airflow/dags/etl_airflow_dag.py
[2025-12-14T14:10:55.910+0000] {logging_mixin.py:190} INFO - [2025-12-14T14:10:55.910+0000] {dag.py:3239} INFO - Sync 1 DAGs
[2025-12-14T14:10:55.954+0000] {logging_mixin.py:190} INFO - [2025-12-14T14:10:55.953+0000] {dag.py:4180} INFO - Setting next_dagrun for placeholder_etl_dag to None, run_after=None
[2025-12-14T14:10:56.005+0000] {processor.py:208} INFO - Processing /opt/airflow/dags/etl_airflow_dag.py took 0.242 seconds
[2025-12-14T14:11:26.320+0000] {processor.py:186} INFO - Started process (PID=244) to work on /opt/airflow/dags/etl_airflow_dag.py
[2025-12-14T14:11:26.324+0000] {processor.py:914} INFO - Processing file /opt/airflow/dags/etl_airflow_dag.py for tasks to queue
[2025-12-14T14:11:26.338+0000] {logging_mixin.py:190} INFO - [2025-12-14T14:11:26.336+0000] {dagbag.py:588} INFO - Filling up the DagBag from /opt/airflow/dags/etl_airflow_dag.py
[2025-12-14T14:11:26.399+0000] {processor.py:925} INFO - DAG(s) 'placeholder_etl_dag' retrieved from /opt/airflow/dags/etl_airflow_dag.py
[2025-12-14T14:11:26.464+0000] {logging_mixin.py:190} INFO - [2025-12-14T14:11:26.463+0000] {dag.py:3239} INFO - Sync 1 DAGs
[2025-12-14T14:11:26.516+0000] {logging_mixin.py:190} INFO - [2025-12-14T14:11:26.515+0000] {dag.py:4180} INFO - Setting next_dagrun for placeholder_etl_dag to None, run_after=None
[2025-12-14T14:11:26.582+0000] {processor.py:208} INFO - Processing /opt/airflow/dags/etl_airflow_dag.py took 0.282 seconds
[2025-12-14T14:11:57.244+0000] {processor.py:186} INFO - Started process (PID=249) to work on /opt/airflow/dags/etl_airflow_dag.py
[2025-12-14T14:11:57.250+0000] {processor.py:914} INFO - Processing file /opt/airflow/dags/etl_airflow_dag.py for tasks to queue
[2025-12-14T14:11:57.264+0000] {logging_mixin.py:190} INFO - [2025-12-14T14:11:57.262+0000] {dagbag.py:588} INFO - Filling up the DagBag from /opt/airflow/dags/etl_airflow_dag.py
[2025-12-14T14:11:57.394+0000] {processor.py:925} INFO - DAG(s) 'placeholder_etl_dag' retrieved from /opt/airflow/dags/etl_airflow_dag.py
[2025-12-14T14:11:57.493+0000] {logging_mixin.py:190} INFO - [2025-12-14T14:11:57.493+0000] {dag.py:3239} INFO - Sync 1 DAGs
[2025-12-14T14:11:57.552+0000] {logging_mixin.py:190} INFO - [2025-12-14T14:11:57.551+0000] {dag.py:4180} INFO - Setting next_dagrun for placeholder_etl_dag to None, run_after=None
[2025-12-14T14:11:57.626+0000] {processor.py:208} INFO - Processing /opt/airflow/dags/etl_airflow_dag.py took 0.420 seconds
[2025-12-14T14:12:28.240+0000] {processor.py:186} INFO - Started process (PID=254) to work on /opt/airflow/dags/etl_airflow_dag.py
[2025-12-14T14:12:28.244+0000] {processor.py:914} INFO - Processing file /opt/airflow/dags/etl_airflow_dag.py for tasks to queue
[2025-12-14T14:12:28.252+0000] {logging_mixin.py:190} INFO - [2025-12-14T14:12:28.251+0000] {dagbag.py:588} INFO - Filling up the DagBag from /opt/airflow/dags/etl_airflow_dag.py
[2025-12-14T14:12:28.306+0000] {processor.py:925} INFO - DAG(s) 'placeholder_etl_dag' retrieved from /opt/airflow/dags/etl_airflow_dag.py
[2025-12-14T14:12:28.375+0000] {logging_mixin.py:190} INFO - [2025-12-14T14:12:28.374+0000] {dag.py:3239} INFO - Sync 1 DAGs
[2025-12-14T14:12:28.422+0000] {logging_mixin.py:190} INFO - [2025-12-14T14:12:28.422+0000] {dag.py:4180} INFO - Setting next_dagrun for placeholder_etl_dag to None, run_after=None
[2025-12-14T14:12:28.488+0000] {processor.py:208} INFO - Processing /opt/airflow/dags/etl_airflow_dag.py took 0.268 seconds
[2025-12-14T14:12:58.798+0000] {processor.py:186} INFO - Started process (PID=259) to work on /opt/airflow/dags/etl_airflow_dag.py
[2025-12-14T14:12:58.801+0000] {processor.py:914} INFO - Processing file /opt/airflow/dags/etl_airflow_dag.py for tasks to queue
[2025-12-14T14:12:58.809+0000] {logging_mixin.py:190} INFO - [2025-12-14T14:12:58.808+0000] {dagbag.py:588} INFO - Filling up the DagBag from /opt/airflow/dags/etl_airflow_dag.py
[2025-12-14T14:12:58.863+0000] {processor.py:925} INFO - DAG(s) 'placeholder_etl_dag' retrieved from /opt/airflow/dags/etl_airflow_dag.py
[2025-12-14T14:12:58.921+0000] {logging_mixin.py:190} INFO - [2025-12-14T14:12:58.920+0000] {dag.py:3239} INFO - Sync 1 DAGs
[2025-12-14T14:12:58.964+0000] {logging_mixin.py:190} INFO - [2025-12-14T14:12:58.963+0000] {dag.py:4180} INFO - Setting next_dagrun for placeholder_etl_dag to None, run_after=None
[2025-12-14T14:12:59.025+0000] {processor.py:208} INFO - Processing /opt/airflow/dags/etl_airflow_dag.py took 0.246 seconds
[2025-12-14T14:13:29.763+0000] {processor.py:186} INFO - Started process (PID=264) to work on /opt/airflow/dags/etl_airflow_dag.py
[2025-12-14T14:13:29.767+0000] {processor.py:914} INFO - Processing file /opt/airflow/dags/etl_airflow_dag.py for tasks to queue
[2025-12-14T14:13:29.776+0000] {logging_mixin.py:190} INFO - [2025-12-14T14:13:29.774+0000] {dagbag.py:588} INFO - Filling up the DagBag from /opt/airflow/dags/etl_airflow_dag.py
[2025-12-14T14:13:29.837+0000] {processor.py:925} INFO - DAG(s) 'placeholder_etl_dag' retrieved from /opt/airflow/dags/etl_airflow_dag.py
[2025-12-14T14:13:29.892+0000] {logging_mixin.py:190} INFO - [2025-12-14T14:13:29.891+0000] {dag.py:3239} INFO - Sync 1 DAGs
[2025-12-14T14:13:29.946+0000] {logging_mixin.py:190} INFO - [2025-12-14T14:13:29.945+0000] {dag.py:4180} INFO - Setting next_dagrun for placeholder_etl_dag to None, run_after=None
[2025-12-14T14:13:30.015+0000] {processor.py:208} INFO - Processing /opt/airflow/dags/etl_airflow_dag.py took 0.275 seconds
[2025-12-14T14:14:00.290+0000] {processor.py:186} INFO - Started process (PID=269) to work on /opt/airflow/dags/etl_airflow_dag.py
[2025-12-14T14:14:00.294+0000] {processor.py:914} INFO - Processing file /opt/airflow/dags/etl_airflow_dag.py for tasks to queue
[2025-12-14T14:14:00.304+0000] {logging_mixin.py:190} INFO - [2025-12-14T14:14:00.302+0000] {dagbag.py:588} INFO - Filling up the DagBag from /opt/airflow/dags/etl_airflow_dag.py
[2025-12-14T14:14:00.356+0000] {processor.py:925} INFO - DAG(s) 'placeholder_etl_dag' retrieved from /opt/airflow/dags/etl_airflow_dag.py
[2025-12-14T14:14:00.417+0000] {logging_mixin.py:190} INFO - [2025-12-14T14:14:00.416+0000] {dag.py:3239} INFO - Sync 1 DAGs
[2025-12-14T14:14:00.464+0000] {logging_mixin.py:190} INFO - [2025-12-14T14:14:00.463+0000] {dag.py:4180} INFO - Setting next_dagrun for placeholder_etl_dag to None, run_after=None
[2025-12-14T14:14:00.546+0000] {processor.py:208} INFO - Processing /opt/airflow/dags/etl_airflow_dag.py took 0.277 seconds
[2025-12-14T14:14:31.109+0000] {processor.py:186} INFO - Started process (PID=274) to work on /opt/airflow/dags/etl_airflow_dag.py
[2025-12-14T14:14:31.115+0000] {processor.py:914} INFO - Processing file /opt/airflow/dags/etl_airflow_dag.py for tasks to queue
[2025-12-14T14:14:31.130+0000] {logging_mixin.py:190} INFO - [2025-12-14T14:14:31.128+0000] {dagbag.py:588} INFO - Filling up the DagBag from /opt/airflow/dags/etl_airflow_dag.py
[2025-12-14T14:14:31.215+0000] {processor.py:925} INFO - DAG(s) 'placeholder_etl_dag' retrieved from /opt/airflow/dags/etl_airflow_dag.py
[2025-12-14T14:14:31.325+0000] {logging_mixin.py:190} INFO - [2025-12-14T14:14:31.324+0000] {dag.py:3239} INFO - Sync 1 DAGs
[2025-12-14T14:14:31.380+0000] {logging_mixin.py:190} INFO - [2025-12-14T14:14:31.379+0000] {dag.py:4180} INFO - Setting next_dagrun for placeholder_etl_dag to None, run_after=None
[2025-12-14T14:14:31.454+0000] {processor.py:208} INFO - Processing /opt/airflow/dags/etl_airflow_dag.py took 0.377 seconds
[2025-12-14T14:15:01.655+0000] {processor.py:186} INFO - Started process (PID=279) to work on /opt/airflow/dags/etl_airflow_dag.py
[2025-12-14T14:15:01.658+0000] {processor.py:914} INFO - Processing file /opt/airflow/dags/etl_airflow_dag.py for tasks to queue
[2025-12-14T14:15:01.667+0000] {logging_mixin.py:190} INFO - [2025-12-14T14:15:01.666+0000] {dagbag.py:588} INFO - Filling up the DagBag from /opt/airflow/dags/etl_airflow_dag.py
[2025-12-14T14:15:01.718+0000] {processor.py:925} INFO - DAG(s) 'placeholder_etl_dag' retrieved from /opt/airflow/dags/etl_airflow_dag.py
[2025-12-14T14:15:01.771+0000] {logging_mixin.py:190} INFO - [2025-12-14T14:15:01.770+0000] {dag.py:3239} INFO - Sync 1 DAGs
[2025-12-14T14:15:01.816+0000] {logging_mixin.py:190} INFO - [2025-12-14T14:15:01.815+0000] {dag.py:4180} INFO - Setting next_dagrun for placeholder_etl_dag to None, run_after=None
[2025-12-14T14:15:01.885+0000] {processor.py:208} INFO - Processing /opt/airflow/dags/etl_airflow_dag.py took 0.256 seconds
[2025-12-14T14:15:32.092+0000] {processor.py:186} INFO - Started process (PID=284) to work on /opt/airflow/dags/etl_airflow_dag.py
[2025-12-14T14:15:32.095+0000] {processor.py:914} INFO - Processing file /opt/airflow/dags/etl_airflow_dag.py for tasks to queue
[2025-12-14T14:15:32.103+0000] {logging_mixin.py:190} INFO - [2025-12-14T14:15:32.103+0000] {dagbag.py:588} INFO - Filling up the DagBag from /opt/airflow/dags/etl_airflow_dag.py
[2025-12-14T14:15:32.151+0000] {processor.py:925} INFO - DAG(s) 'placeholder_etl_dag' retrieved from /opt/airflow/dags/etl_airflow_dag.py
[2025-12-14T14:15:32.207+0000] {logging_mixin.py:190} INFO - [2025-12-14T14:15:32.206+0000] {dag.py:3239} INFO - Sync 1 DAGs
[2025-12-14T14:15:32.251+0000] {logging_mixin.py:190} INFO - [2025-12-14T14:15:32.250+0000] {dag.py:4180} INFO - Setting next_dagrun for placeholder_etl_dag to None, run_after=None
[2025-12-14T14:15:32.310+0000] {processor.py:208} INFO - Processing /opt/airflow/dags/etl_airflow_dag.py took 0.236 seconds
[2025-12-14T14:16:02.998+0000] {processor.py:186} INFO - Started process (PID=289) to work on /opt/airflow/dags/etl_airflow_dag.py
[2025-12-14T14:16:03.001+0000] {processor.py:914} INFO - Processing file /opt/airflow/dags/etl_airflow_dag.py for tasks to queue
[2025-12-14T14:16:03.008+0000] {logging_mixin.py:190} INFO - [2025-12-14T14:16:03.007+0000] {dagbag.py:588} INFO - Filling up the DagBag from /opt/airflow/dags/etl_airflow_dag.py
[2025-12-14T14:16:03.069+0000] {processor.py:925} INFO - DAG(s) 'placeholder_etl_dag' retrieved from /opt/airflow/dags/etl_airflow_dag.py
[2025-12-14T14:16:03.128+0000] {logging_mixin.py:190} INFO - [2025-12-14T14:16:03.128+0000] {dag.py:3239} INFO - Sync 1 DAGs
[2025-12-14T14:16:03.176+0000] {logging_mixin.py:190} INFO - [2025-12-14T14:16:03.175+0000] {dag.py:4180} INFO - Setting next_dagrun for placeholder_etl_dag to None, run_after=None
[2025-12-14T14:16:03.243+0000] {processor.py:208} INFO - Processing /opt/airflow/dags/etl_airflow_dag.py took 0.262 seconds
[2025-12-14T14:16:25.820+0000] {processor.py:186} INFO - Started process (PID=294) to work on /opt/airflow/dags/etl_airflow_dag.py
[2025-12-14T14:16:25.824+0000] {processor.py:914} INFO - Processing file /opt/airflow/dags/etl_airflow_dag.py for tasks to queue
[2025-12-14T14:16:25.832+0000] {logging_mixin.py:190} INFO - [2025-12-14T14:16:25.831+0000] {dagbag.py:588} INFO - Filling up the DagBag from /opt/airflow/dags/etl_airflow_dag.py
[2025-12-14T14:16:30.509+0000] {processor.py:925} INFO - DAG(s) 'etl_synthetic_events' retrieved from /opt/airflow/dags/etl_airflow_dag.py
[2025-12-14T14:16:30.792+0000] {logging_mixin.py:190} INFO - [2025-12-14T14:16:30.791+0000] {override.py:1900} INFO - Created Permission View: can read on DAG:etl_synthetic_events
[2025-12-14T14:16:30.829+0000] {logging_mixin.py:190} INFO - [2025-12-14T14:16:30.828+0000] {override.py:1900} INFO - Created Permission View: can edit on DAG:etl_synthetic_events
[2025-12-14T14:16:30.850+0000] {logging_mixin.py:190} INFO - [2025-12-14T14:16:30.849+0000] {override.py:1900} INFO - Created Permission View: can delete on DAG:etl_synthetic_events
[2025-12-14T14:16:30.873+0000] {logging_mixin.py:190} INFO - [2025-12-14T14:16:30.873+0000] {override.py:1900} INFO - Created Permission View: can create on DAG Run:etl_synthetic_events
[2025-12-14T14:16:30.894+0000] {logging_mixin.py:190} INFO - [2025-12-14T14:16:30.893+0000] {override.py:1900} INFO - Created Permission View: can read on DAG Run:etl_synthetic_events
[2025-12-14T14:16:30.915+0000] {logging_mixin.py:190} INFO - [2025-12-14T14:16:30.914+0000] {override.py:1900} INFO - Created Permission View: menu access on DAG Run:etl_synthetic_events
[2025-12-14T14:16:30.938+0000] {logging_mixin.py:190} INFO - [2025-12-14T14:16:30.937+0000] {override.py:1900} INFO - Created Permission View: can delete on DAG Run:etl_synthetic_events
[2025-12-14T14:16:30.941+0000] {logging_mixin.py:190} INFO - [2025-12-14T14:16:30.940+0000] {dag.py:3239} INFO - Sync 1 DAGs
[2025-12-14T14:16:30.969+0000] {logging_mixin.py:190} INFO - [2025-12-14T14:16:30.968+0000] {dag.py:3262} INFO - Creating ORM DAG for etl_synthetic_events
[2025-12-14T14:16:30.971+0000] {logging_mixin.py:190} INFO - [2025-12-14T14:16:30.971+0000] {dag.py:4180} INFO - Setting next_dagrun for etl_synthetic_events to None, run_after=None
[2025-12-14T14:16:31.030+0000] {processor.py:208} INFO - Processing /opt/airflow/dags/etl_airflow_dag.py took 5.229 seconds
[2025-12-14T14:16:35.058+0000] {processor.py:186} INFO - Started process (PID=300) to work on /opt/airflow/dags/etl_airflow_dag.py
[2025-12-14T14:16:35.063+0000] {processor.py:914} INFO - Processing file /opt/airflow/dags/etl_airflow_dag.py for tasks to queue
[2025-12-14T14:16:35.070+0000] {logging_mixin.py:190} INFO - [2025-12-14T14:16:35.069+0000] {dagbag.py:588} INFO - Filling up the DagBag from /opt/airflow/dags/etl_airflow_dag.py
[2025-12-14T14:16:36.443+0000] {processor.py:925} INFO - DAG(s) 'etl_synthetic_events' retrieved from /opt/airflow/dags/etl_airflow_dag.py
[2025-12-14T14:16:36.470+0000] {logging_mixin.py:190} INFO - [2025-12-14T14:16:36.469+0000] {dag.py:3239} INFO - Sync 1 DAGs
[2025-12-14T14:16:36.499+0000] {logging_mixin.py:190} INFO - [2025-12-14T14:16:36.498+0000] {dag.py:4180} INFO - Setting next_dagrun for etl_synthetic_events to None, run_after=None
[2025-12-14T14:16:36.555+0000] {processor.py:208} INFO - Processing /opt/airflow/dags/etl_airflow_dag.py took 1.514 seconds
[2025-12-14T14:17:06.781+0000] {processor.py:186} INFO - Started process (PID=306) to work on /opt/airflow/dags/etl_airflow_dag.py
[2025-12-14T14:17:06.784+0000] {processor.py:914} INFO - Processing file /opt/airflow/dags/etl_airflow_dag.py for tasks to queue
[2025-12-14T14:17:06.791+0000] {logging_mixin.py:190} INFO - [2025-12-14T14:17:06.790+0000] {dagbag.py:588} INFO - Filling up the DagBag from /opt/airflow/dags/etl_airflow_dag.py
[2025-12-14T14:17:08.231+0000] {processor.py:925} INFO - DAG(s) 'etl_synthetic_events' retrieved from /opt/airflow/dags/etl_airflow_dag.py
[2025-12-14T14:17:08.281+0000] {logging_mixin.py:190} INFO - [2025-12-14T14:17:08.280+0000] {dag.py:3239} INFO - Sync 1 DAGs
[2025-12-14T14:17:08.309+0000] {logging_mixin.py:190} INFO - [2025-12-14T14:17:08.309+0000] {dag.py:4180} INFO - Setting next_dagrun for etl_synthetic_events to None, run_after=None
[2025-12-14T14:17:08.359+0000] {processor.py:208} INFO - Processing /opt/airflow/dags/etl_airflow_dag.py took 1.597 seconds
[2025-12-14T14:17:38.726+0000] {processor.py:186} INFO - Started process (PID=312) to work on /opt/airflow/dags/etl_airflow_dag.py
[2025-12-14T14:17:38.730+0000] {processor.py:914} INFO - Processing file /opt/airflow/dags/etl_airflow_dag.py for tasks to queue
[2025-12-14T14:17:38.736+0000] {logging_mixin.py:190} INFO - [2025-12-14T14:17:38.734+0000] {dagbag.py:588} INFO - Filling up the DagBag from /opt/airflow/dags/etl_airflow_dag.py
[2025-12-14T14:17:40.102+0000] {processor.py:925} INFO - DAG(s) 'etl_synthetic_events' retrieved from /opt/airflow/dags/etl_airflow_dag.py
[2025-12-14T14:17:40.154+0000] {logging_mixin.py:190} INFO - [2025-12-14T14:17:40.153+0000] {dag.py:3239} INFO - Sync 1 DAGs
[2025-12-14T14:17:40.183+0000] {logging_mixin.py:190} INFO - [2025-12-14T14:17:40.182+0000] {dag.py:4180} INFO - Setting next_dagrun for etl_synthetic_events to None, run_after=None
[2025-12-14T14:17:40.230+0000] {processor.py:208} INFO - Processing /opt/airflow/dags/etl_airflow_dag.py took 1.525 seconds
[2025-12-14T14:18:10.551+0000] {processor.py:186} INFO - Started process (PID=318) to work on /opt/airflow/dags/etl_airflow_dag.py
[2025-12-14T14:18:10.555+0000] {processor.py:914} INFO - Processing file /opt/airflow/dags/etl_airflow_dag.py for tasks to queue
[2025-12-14T14:18:10.560+0000] {logging_mixin.py:190} INFO - [2025-12-14T14:18:10.559+0000] {dagbag.py:588} INFO - Filling up the DagBag from /opt/airflow/dags/etl_airflow_dag.py
[2025-12-14T14:18:12.112+0000] {processor.py:925} INFO - DAG(s) 'etl_synthetic_events' retrieved from /opt/airflow/dags/etl_airflow_dag.py
[2025-12-14T14:18:12.169+0000] {logging_mixin.py:190} INFO - [2025-12-14T14:18:12.168+0000] {dag.py:3239} INFO - Sync 1 DAGs
[2025-12-14T14:18:12.195+0000] {logging_mixin.py:190} INFO - [2025-12-14T14:18:12.195+0000] {dag.py:4180} INFO - Setting next_dagrun for etl_synthetic_events to None, run_after=None
[2025-12-14T14:18:12.239+0000] {processor.py:208} INFO - Processing /opt/airflow/dags/etl_airflow_dag.py took 1.710 seconds
[2025-12-14T14:18:42.407+0000] {processor.py:186} INFO - Started process (PID=324) to work on /opt/airflow/dags/etl_airflow_dag.py
[2025-12-14T14:18:42.409+0000] {processor.py:914} INFO - Processing file /opt/airflow/dags/etl_airflow_dag.py for tasks to queue
[2025-12-14T14:18:42.412+0000] {logging_mixin.py:190} INFO - [2025-12-14T14:18:42.411+0000] {dagbag.py:588} INFO - Filling up the DagBag from /opt/airflow/dags/etl_airflow_dag.py
[2025-12-14T14:18:43.196+0000] {processor.py:925} INFO - DAG(s) 'etl_synthetic_events' retrieved from /opt/airflow/dags/etl_airflow_dag.py
[2025-12-14T14:18:43.238+0000] {logging_mixin.py:190} INFO - [2025-12-14T14:18:43.238+0000] {dag.py:3239} INFO - Sync 1 DAGs
[2025-12-14T14:18:43.255+0000] {logging_mixin.py:190} INFO - [2025-12-14T14:18:43.254+0000] {dag.py:4180} INFO - Setting next_dagrun for etl_synthetic_events to None, run_after=None
[2025-12-14T14:18:43.289+0000] {processor.py:208} INFO - Processing /opt/airflow/dags/etl_airflow_dag.py took 0.891 seconds
[2025-12-14T14:19:13.802+0000] {processor.py:186} INFO - Started process (PID=330) to work on /opt/airflow/dags/etl_airflow_dag.py
[2025-12-14T14:19:13.805+0000] {processor.py:914} INFO - Processing file /opt/airflow/dags/etl_airflow_dag.py for tasks to queue
[2025-12-14T14:19:13.808+0000] {logging_mixin.py:190} INFO - [2025-12-14T14:19:13.808+0000] {dagbag.py:588} INFO - Filling up the DagBag from /opt/airflow/dags/etl_airflow_dag.py
[2025-12-14T14:19:14.702+0000] {processor.py:925} INFO - DAG(s) 'etl_synthetic_events' retrieved from /opt/airflow/dags/etl_airflow_dag.py
[2025-12-14T14:19:14.739+0000] {logging_mixin.py:190} INFO - [2025-12-14T14:19:14.738+0000] {dag.py:3239} INFO - Sync 1 DAGs
[2025-12-14T14:19:14.757+0000] {logging_mixin.py:190} INFO - [2025-12-14T14:19:14.756+0000] {dag.py:4180} INFO - Setting next_dagrun for etl_synthetic_events to None, run_after=None
[2025-12-14T14:19:14.788+0000] {processor.py:208} INFO - Processing /opt/airflow/dags/etl_airflow_dag.py took 0.998 seconds
[2025-12-14T14:19:45.231+0000] {processor.py:186} INFO - Started process (PID=336) to work on /opt/airflow/dags/etl_airflow_dag.py
[2025-12-14T14:19:45.234+0000] {processor.py:914} INFO - Processing file /opt/airflow/dags/etl_airflow_dag.py for tasks to queue
[2025-12-14T14:19:45.238+0000] {logging_mixin.py:190} INFO - [2025-12-14T14:19:45.237+0000] {dagbag.py:588} INFO - Filling up the DagBag from /opt/airflow/dags/etl_airflow_dag.py
[2025-12-14T14:19:46.165+0000] {processor.py:925} INFO - DAG(s) 'etl_synthetic_events' retrieved from /opt/airflow/dags/etl_airflow_dag.py
[2025-12-14T14:19:46.209+0000] {logging_mixin.py:190} INFO - [2025-12-14T14:19:46.208+0000] {dag.py:3239} INFO - Sync 1 DAGs
[2025-12-14T14:19:46.228+0000] {logging_mixin.py:190} INFO - [2025-12-14T14:19:46.228+0000] {dag.py:4180} INFO - Setting next_dagrun for etl_synthetic_events to None, run_after=None
[2025-12-14T14:19:46.261+0000] {processor.py:208} INFO - Processing /opt/airflow/dags/etl_airflow_dag.py took 1.041 seconds
[2025-12-14T14:20:16.644+0000] {processor.py:186} INFO - Started process (PID=346) to work on /opt/airflow/dags/etl_airflow_dag.py
[2025-12-14T14:20:16.646+0000] {processor.py:914} INFO - Processing file /opt/airflow/dags/etl_airflow_dag.py for tasks to queue
[2025-12-14T14:20:16.649+0000] {logging_mixin.py:190} INFO - [2025-12-14T14:20:16.648+0000] {dagbag.py:588} INFO - Filling up the DagBag from /opt/airflow/dags/etl_airflow_dag.py
[2025-12-14T14:20:17.722+0000] {processor.py:925} INFO - DAG(s) 'etl_synthetic_events' retrieved from /opt/airflow/dags/etl_airflow_dag.py
[2025-12-14T14:20:17.760+0000] {logging_mixin.py:190} INFO - [2025-12-14T14:20:17.759+0000] {dag.py:3239} INFO - Sync 1 DAGs
[2025-12-14T14:20:17.780+0000] {logging_mixin.py:190} INFO - [2025-12-14T14:20:17.780+0000] {dag.py:4180} INFO - Setting next_dagrun for etl_synthetic_events to None, run_after=None
[2025-12-14T14:20:17.810+0000] {processor.py:208} INFO - Processing /opt/airflow/dags/etl_airflow_dag.py took 1.177 seconds
[2025-12-14T14:20:48.105+0000] {processor.py:186} INFO - Started process (PID=352) to work on /opt/airflow/dags/etl_airflow_dag.py
[2025-12-14T14:20:48.109+0000] {processor.py:914} INFO - Processing file /opt/airflow/dags/etl_airflow_dag.py for tasks to queue
[2025-12-14T14:20:48.113+0000] {logging_mixin.py:190} INFO - [2025-12-14T14:20:48.112+0000] {dagbag.py:588} INFO - Filling up the DagBag from /opt/airflow/dags/etl_airflow_dag.py
[2025-12-14T14:20:49.077+0000] {processor.py:925} INFO - DAG(s) 'etl_synthetic_events' retrieved from /opt/airflow/dags/etl_airflow_dag.py
[2025-12-14T14:20:49.118+0000] {logging_mixin.py:190} INFO - [2025-12-14T14:20:49.117+0000] {dag.py:3239} INFO - Sync 1 DAGs
[2025-12-14T14:20:49.136+0000] {logging_mixin.py:190} INFO - [2025-12-14T14:20:49.135+0000] {dag.py:4180} INFO - Setting next_dagrun for etl_synthetic_events to None, run_after=None
[2025-12-14T14:20:49.168+0000] {processor.py:208} INFO - Processing /opt/airflow/dags/etl_airflow_dag.py took 1.075 seconds
[2025-12-14T14:21:19.607+0000] {processor.py:186} INFO - Started process (PID=358) to work on /opt/airflow/dags/etl_airflow_dag.py
[2025-12-14T14:21:19.610+0000] {processor.py:914} INFO - Processing file /opt/airflow/dags/etl_airflow_dag.py for tasks to queue
[2025-12-14T14:21:19.612+0000] {logging_mixin.py:190} INFO - [2025-12-14T14:21:19.612+0000] {dagbag.py:588} INFO - Filling up the DagBag from /opt/airflow/dags/etl_airflow_dag.py
[2025-12-14T14:21:20.423+0000] {processor.py:925} INFO - DAG(s) 'etl_synthetic_events' retrieved from /opt/airflow/dags/etl_airflow_dag.py
[2025-12-14T14:21:20.458+0000] {logging_mixin.py:190} INFO - [2025-12-14T14:21:20.457+0000] {dag.py:3239} INFO - Sync 1 DAGs
[2025-12-14T14:21:20.477+0000] {logging_mixin.py:190} INFO - [2025-12-14T14:21:20.477+0000] {dag.py:4180} INFO - Setting next_dagrun for etl_synthetic_events to None, run_after=None
[2025-12-14T14:21:20.510+0000] {processor.py:208} INFO - Processing /opt/airflow/dags/etl_airflow_dag.py took 0.912 seconds
[2025-12-14T14:21:50.963+0000] {processor.py:186} INFO - Started process (PID=364) to work on /opt/airflow/dags/etl_airflow_dag.py
[2025-12-14T14:21:50.965+0000] {processor.py:914} INFO - Processing file /opt/airflow/dags/etl_airflow_dag.py for tasks to queue
[2025-12-14T14:21:50.968+0000] {logging_mixin.py:190} INFO - [2025-12-14T14:21:50.967+0000] {dagbag.py:588} INFO - Filling up the DagBag from /opt/airflow/dags/etl_airflow_dag.py
[2025-12-14T14:21:51.748+0000] {processor.py:925} INFO - DAG(s) 'etl_synthetic_events' retrieved from /opt/airflow/dags/etl_airflow_dag.py
[2025-12-14T14:21:51.786+0000] {logging_mixin.py:190} INFO - [2025-12-14T14:21:51.786+0000] {dag.py:3239} INFO - Sync 1 DAGs
[2025-12-14T14:21:51.807+0000] {logging_mixin.py:190} INFO - [2025-12-14T14:21:51.806+0000] {dag.py:4180} INFO - Setting next_dagrun for etl_synthetic_events to None, run_after=None
[2025-12-14T14:21:51.838+0000] {processor.py:208} INFO - Processing /opt/airflow/dags/etl_airflow_dag.py took 0.883 seconds
[2025-12-14T14:22:22.311+0000] {processor.py:186} INFO - Started process (PID=370) to work on /opt/airflow/dags/etl_airflow_dag.py
[2025-12-14T14:22:22.313+0000] {processor.py:914} INFO - Processing file /opt/airflow/dags/etl_airflow_dag.py for tasks to queue
[2025-12-14T14:22:22.316+0000] {logging_mixin.py:190} INFO - [2025-12-14T14:22:22.316+0000] {dagbag.py:588} INFO - Filling up the DagBag from /opt/airflow/dags/etl_airflow_dag.py
[2025-12-14T14:22:23.248+0000] {processor.py:925} INFO - DAG(s) 'etl_synthetic_events' retrieved from /opt/airflow/dags/etl_airflow_dag.py
[2025-12-14T14:22:23.282+0000] {logging_mixin.py:190} INFO - [2025-12-14T14:22:23.282+0000] {dag.py:3239} INFO - Sync 1 DAGs
[2025-12-14T14:22:23.301+0000] {logging_mixin.py:190} INFO - [2025-12-14T14:22:23.301+0000] {dag.py:4180} INFO - Setting next_dagrun for etl_synthetic_events to None, run_after=None
[2025-12-14T14:22:23.330+0000] {processor.py:208} INFO - Processing /opt/airflow/dags/etl_airflow_dag.py took 1.030 seconds
[2025-12-14T14:22:53.689+0000] {processor.py:186} INFO - Started process (PID=376) to work on /opt/airflow/dags/etl_airflow_dag.py
[2025-12-14T14:22:53.692+0000] {processor.py:914} INFO - Processing file /opt/airflow/dags/etl_airflow_dag.py for tasks to queue
[2025-12-14T14:22:53.695+0000] {logging_mixin.py:190} INFO - [2025-12-14T14:22:53.694+0000] {dagbag.py:588} INFO - Filling up the DagBag from /opt/airflow/dags/etl_airflow_dag.py
[2025-12-14T14:22:54.553+0000] {processor.py:925} INFO - DAG(s) 'etl_synthetic_events' retrieved from /opt/airflow/dags/etl_airflow_dag.py
[2025-12-14T14:22:54.584+0000] {logging_mixin.py:190} INFO - [2025-12-14T14:22:54.584+0000] {dag.py:3239} INFO - Sync 1 DAGs
[2025-12-14T14:22:54.603+0000] {logging_mixin.py:190} INFO - [2025-12-14T14:22:54.603+0000] {dag.py:4180} INFO - Setting next_dagrun for etl_synthetic_events to None, run_after=None
[2025-12-14T14:22:54.628+0000] {processor.py:208} INFO - Processing /opt/airflow/dags/etl_airflow_dag.py took 0.952 seconds
[2025-12-14T14:23:25.138+0000] {processor.py:186} INFO - Started process (PID=382) to work on /opt/airflow/dags/etl_airflow_dag.py
[2025-12-14T14:23:25.141+0000] {processor.py:914} INFO - Processing file /opt/airflow/dags/etl_airflow_dag.py for tasks to queue
[2025-12-14T14:23:25.145+0000] {logging_mixin.py:190} INFO - [2025-12-14T14:23:25.144+0000] {dagbag.py:588} INFO - Filling up the DagBag from /opt/airflow/dags/etl_airflow_dag.py
[2025-12-14T14:23:26.633+0000] {processor.py:925} INFO - DAG(s) 'etl_synthetic_events' retrieved from /opt/airflow/dags/etl_airflow_dag.py
[2025-12-14T14:23:26.702+0000] {logging_mixin.py:190} INFO - [2025-12-14T14:23:26.701+0000] {dag.py:3239} INFO - Sync 1 DAGs
[2025-12-14T14:23:26.734+0000] {logging_mixin.py:190} INFO - [2025-12-14T14:23:26.733+0000] {dag.py:4180} INFO - Setting next_dagrun for etl_synthetic_events to None, run_after=None
[2025-12-14T14:23:26.788+0000] {processor.py:208} INFO - Processing /opt/airflow/dags/etl_airflow_dag.py took 1.664 seconds
[2025-12-14T14:23:57.286+0000] {processor.py:186} INFO - Started process (PID=388) to work on /opt/airflow/dags/etl_airflow_dag.py
[2025-12-14T14:23:57.289+0000] {processor.py:914} INFO - Processing file /opt/airflow/dags/etl_airflow_dag.py for tasks to queue
[2025-12-14T14:23:57.293+0000] {logging_mixin.py:190} INFO - [2025-12-14T14:23:57.292+0000] {dagbag.py:588} INFO - Filling up the DagBag from /opt/airflow/dags/etl_airflow_dag.py
[2025-12-14T14:23:58.326+0000] {processor.py:925} INFO - DAG(s) 'etl_synthetic_events' retrieved from /opt/airflow/dags/etl_airflow_dag.py
[2025-12-14T14:23:58.358+0000] {logging_mixin.py:190} INFO - [2025-12-14T14:23:58.357+0000] {dag.py:3239} INFO - Sync 1 DAGs
[2025-12-14T14:23:58.376+0000] {logging_mixin.py:190} INFO - [2025-12-14T14:23:58.375+0000] {dag.py:4180} INFO - Setting next_dagrun for etl_synthetic_events to None, run_after=None
[2025-12-14T14:23:58.408+0000] {processor.py:208} INFO - Processing /opt/airflow/dags/etl_airflow_dag.py took 1.137 seconds
[2025-12-14T14:24:28.596+0000] {processor.py:186} INFO - Started process (PID=394) to work on /opt/airflow/dags/etl_airflow_dag.py
[2025-12-14T14:24:28.598+0000] {processor.py:914} INFO - Processing file /opt/airflow/dags/etl_airflow_dag.py for tasks to queue
[2025-12-14T14:24:28.601+0000] {logging_mixin.py:190} INFO - [2025-12-14T14:24:28.600+0000] {dagbag.py:588} INFO - Filling up the DagBag from /opt/airflow/dags/etl_airflow_dag.py
[2025-12-14T14:24:29.465+0000] {processor.py:925} INFO - DAG(s) 'etl_synthetic_events' retrieved from /opt/airflow/dags/etl_airflow_dag.py
[2025-12-14T14:24:29.504+0000] {logging_mixin.py:190} INFO - [2025-12-14T14:24:29.503+0000] {dag.py:3239} INFO - Sync 1 DAGs
[2025-12-14T14:24:29.525+0000] {logging_mixin.py:190} INFO - [2025-12-14T14:24:29.524+0000] {dag.py:4180} INFO - Setting next_dagrun for etl_synthetic_events to None, run_after=None
[2025-12-14T14:24:29.559+0000] {processor.py:208} INFO - Processing /opt/airflow/dags/etl_airflow_dag.py took 0.972 seconds
[2025-12-14T14:24:59.980+0000] {processor.py:186} INFO - Started process (PID=400) to work on /opt/airflow/dags/etl_airflow_dag.py
[2025-12-14T14:24:59.982+0000] {processor.py:914} INFO - Processing file /opt/airflow/dags/etl_airflow_dag.py for tasks to queue
[2025-12-14T14:24:59.985+0000] {logging_mixin.py:190} INFO - [2025-12-14T14:24:59.984+0000] {dagbag.py:588} INFO - Filling up the DagBag from /opt/airflow/dags/etl_airflow_dag.py
[2025-12-14T14:25:00.723+0000] {processor.py:925} INFO - DAG(s) 'etl_synthetic_events' retrieved from /opt/airflow/dags/etl_airflow_dag.py
[2025-12-14T14:25:00.757+0000] {logging_mixin.py:190} INFO - [2025-12-14T14:25:00.757+0000] {dag.py:3239} INFO - Sync 1 DAGs
[2025-12-14T14:25:00.777+0000] {logging_mixin.py:190} INFO - [2025-12-14T14:25:00.776+0000] {dag.py:4180} INFO - Setting next_dagrun for etl_synthetic_events to None, run_after=None
[2025-12-14T14:25:00.810+0000] {processor.py:208} INFO - Processing /opt/airflow/dags/etl_airflow_dag.py took 0.842 seconds
[2025-12-14T14:25:31.241+0000] {processor.py:186} INFO - Started process (PID=406) to work on /opt/airflow/dags/etl_airflow_dag.py
[2025-12-14T14:25:31.243+0000] {processor.py:914} INFO - Processing file /opt/airflow/dags/etl_airflow_dag.py for tasks to queue
[2025-12-14T14:25:31.245+0000] {logging_mixin.py:190} INFO - [2025-12-14T14:25:31.245+0000] {dagbag.py:588} INFO - Filling up the DagBag from /opt/airflow/dags/etl_airflow_dag.py
[2025-12-14T14:25:31.945+0000] {processor.py:925} INFO - DAG(s) 'etl_synthetic_events' retrieved from /opt/airflow/dags/etl_airflow_dag.py
[2025-12-14T14:25:31.978+0000] {logging_mixin.py:190} INFO - [2025-12-14T14:25:31.977+0000] {dag.py:3239} INFO - Sync 1 DAGs
[2025-12-14T14:25:31.997+0000] {logging_mixin.py:190} INFO - [2025-12-14T14:25:31.997+0000] {dag.py:4180} INFO - Setting next_dagrun for etl_synthetic_events to None, run_after=None
[2025-12-14T14:25:32.025+0000] {processor.py:208} INFO - Processing /opt/airflow/dags/etl_airflow_dag.py took 0.793 seconds
[2025-12-14T14:26:02.430+0000] {processor.py:186} INFO - Started process (PID=412) to work on /opt/airflow/dags/etl_airflow_dag.py
[2025-12-14T14:26:02.432+0000] {processor.py:914} INFO - Processing file /opt/airflow/dags/etl_airflow_dag.py for tasks to queue
[2025-12-14T14:26:02.435+0000] {logging_mixin.py:190} INFO - [2025-12-14T14:26:02.434+0000] {dagbag.py:588} INFO - Filling up the DagBag from /opt/airflow/dags/etl_airflow_dag.py
[2025-12-14T14:26:03.214+0000] {processor.py:925} INFO - DAG(s) 'etl_synthetic_events' retrieved from /opt/airflow/dags/etl_airflow_dag.py
[2025-12-14T14:26:03.253+0000] {logging_mixin.py:190} INFO - [2025-12-14T14:26:03.252+0000] {dag.py:3239} INFO - Sync 1 DAGs
[2025-12-14T14:26:03.270+0000] {logging_mixin.py:190} INFO - [2025-12-14T14:26:03.269+0000] {dag.py:4180} INFO - Setting next_dagrun for etl_synthetic_events to None, run_after=None
[2025-12-14T14:26:03.304+0000] {processor.py:208} INFO - Processing /opt/airflow/dags/etl_airflow_dag.py took 0.884 seconds
[2025-12-14T14:26:33.841+0000] {processor.py:186} INFO - Started process (PID=418) to work on /opt/airflow/dags/etl_airflow_dag.py
[2025-12-14T14:26:33.843+0000] {processor.py:914} INFO - Processing file /opt/airflow/dags/etl_airflow_dag.py for tasks to queue
[2025-12-14T14:26:33.846+0000] {logging_mixin.py:190} INFO - [2025-12-14T14:26:33.845+0000] {dagbag.py:588} INFO - Filling up the DagBag from /opt/airflow/dags/etl_airflow_dag.py
[2025-12-14T14:26:34.681+0000] {processor.py:925} INFO - DAG(s) 'etl_synthetic_events' retrieved from /opt/airflow/dags/etl_airflow_dag.py
[2025-12-14T14:26:34.715+0000] {logging_mixin.py:190} INFO - [2025-12-14T14:26:34.714+0000] {dag.py:3239} INFO - Sync 1 DAGs
[2025-12-14T14:26:34.731+0000] {logging_mixin.py:190} INFO - [2025-12-14T14:26:34.730+0000] {dag.py:4180} INFO - Setting next_dagrun for etl_synthetic_events to None, run_after=None
[2025-12-14T14:26:34.761+0000] {processor.py:208} INFO - Processing /opt/airflow/dags/etl_airflow_dag.py took 0.935 seconds
[2025-12-14T14:27:05.337+0000] {processor.py:186} INFO - Started process (PID=424) to work on /opt/airflow/dags/etl_airflow_dag.py
[2025-12-14T14:27:05.347+0000] {processor.py:914} INFO - Processing file /opt/airflow/dags/etl_airflow_dag.py for tasks to queue
[2025-12-14T14:27:05.358+0000] {logging_mixin.py:190} INFO - [2025-12-14T14:27:05.357+0000] {dagbag.py:588} INFO - Filling up the DagBag from /opt/airflow/dags/etl_airflow_dag.py
[2025-12-14T14:27:06.478+0000] {processor.py:925} INFO - DAG(s) 'etl_synthetic_events' retrieved from /opt/airflow/dags/etl_airflow_dag.py
[2025-12-14T14:27:06.512+0000] {logging_mixin.py:190} INFO - [2025-12-14T14:27:06.512+0000] {dag.py:3239} INFO - Sync 1 DAGs
[2025-12-14T14:27:06.529+0000] {logging_mixin.py:190} INFO - [2025-12-14T14:27:06.528+0000] {dag.py:4180} INFO - Setting next_dagrun for etl_synthetic_events to None, run_after=None
[2025-12-14T14:27:06.558+0000] {processor.py:208} INFO - Processing /opt/airflow/dags/etl_airflow_dag.py took 1.255 seconds
[2025-12-14T14:27:36.937+0000] {processor.py:186} INFO - Started process (PID=430) to work on /opt/airflow/dags/etl_airflow_dag.py
[2025-12-14T14:27:36.939+0000] {processor.py:914} INFO - Processing file /opt/airflow/dags/etl_airflow_dag.py for tasks to queue
[2025-12-14T14:27:36.942+0000] {logging_mixin.py:190} INFO - [2025-12-14T14:27:36.942+0000] {dagbag.py:588} INFO - Filling up the DagBag from /opt/airflow/dags/etl_airflow_dag.py
[2025-12-14T14:27:37.766+0000] {processor.py:925} INFO - DAG(s) 'etl_synthetic_events' retrieved from /opt/airflow/dags/etl_airflow_dag.py
[2025-12-14T14:27:37.796+0000] {logging_mixin.py:190} INFO - [2025-12-14T14:27:37.796+0000] {dag.py:3239} INFO - Sync 1 DAGs
[2025-12-14T14:27:37.813+0000] {logging_mixin.py:190} INFO - [2025-12-14T14:27:37.813+0000] {dag.py:4180} INFO - Setting next_dagrun for etl_synthetic_events to None, run_after=None
[2025-12-14T14:27:37.842+0000] {processor.py:208} INFO - Processing /opt/airflow/dags/etl_airflow_dag.py took 0.921 seconds
[2025-12-14T14:28:08.357+0000] {processor.py:186} INFO - Started process (PID=436) to work on /opt/airflow/dags/etl_airflow_dag.py
[2025-12-14T14:28:08.359+0000] {processor.py:914} INFO - Processing file /opt/airflow/dags/etl_airflow_dag.py for tasks to queue
[2025-12-14T14:28:08.363+0000] {logging_mixin.py:190} INFO - [2025-12-14T14:28:08.362+0000] {dagbag.py:588} INFO - Filling up the DagBag from /opt/airflow/dags/etl_airflow_dag.py
[2025-12-14T14:28:09.288+0000] {processor.py:925} INFO - DAG(s) 'etl_synthetic_events' retrieved from /opt/airflow/dags/etl_airflow_dag.py
[2025-12-14T14:28:09.326+0000] {logging_mixin.py:190} INFO - [2025-12-14T14:28:09.326+0000] {dag.py:3239} INFO - Sync 1 DAGs
[2025-12-14T14:28:09.347+0000] {logging_mixin.py:190} INFO - [2025-12-14T14:28:09.347+0000] {dag.py:4180} INFO - Setting next_dagrun for etl_synthetic_events to None, run_after=None
[2025-12-14T14:28:09.376+0000] {processor.py:208} INFO - Processing /opt/airflow/dags/etl_airflow_dag.py took 1.033 seconds
[2025-12-14T14:28:39.763+0000] {processor.py:186} INFO - Started process (PID=442) to work on /opt/airflow/dags/etl_airflow_dag.py
[2025-12-14T14:28:39.765+0000] {processor.py:914} INFO - Processing file /opt/airflow/dags/etl_airflow_dag.py for tasks to queue
[2025-12-14T14:28:39.768+0000] {logging_mixin.py:190} INFO - [2025-12-14T14:28:39.767+0000] {dagbag.py:588} INFO - Filling up the DagBag from /opt/airflow/dags/etl_airflow_dag.py
[2025-12-14T14:28:40.586+0000] {processor.py:925} INFO - DAG(s) 'etl_synthetic_events' retrieved from /opt/airflow/dags/etl_airflow_dag.py
[2025-12-14T14:28:40.626+0000] {logging_mixin.py:190} INFO - [2025-12-14T14:28:40.625+0000] {dag.py:3239} INFO - Sync 1 DAGs
[2025-12-14T14:28:40.645+0000] {logging_mixin.py:190} INFO - [2025-12-14T14:28:40.645+0000] {dag.py:4180} INFO - Setting next_dagrun for etl_synthetic_events to None, run_after=None
[2025-12-14T14:28:40.675+0000] {processor.py:208} INFO - Processing /opt/airflow/dags/etl_airflow_dag.py took 0.924 seconds
[2025-12-14T14:29:11.102+0000] {processor.py:186} INFO - Started process (PID=448) to work on /opt/airflow/dags/etl_airflow_dag.py
[2025-12-14T14:29:11.105+0000] {processor.py:914} INFO - Processing file /opt/airflow/dags/etl_airflow_dag.py for tasks to queue
[2025-12-14T14:29:11.108+0000] {logging_mixin.py:190} INFO - [2025-12-14T14:29:11.107+0000] {dagbag.py:588} INFO - Filling up the DagBag from /opt/airflow/dags/etl_airflow_dag.py
[2025-12-14T14:29:11.926+0000] {processor.py:925} INFO - DAG(s) 'etl_synthetic_events' retrieved from /opt/airflow/dags/etl_airflow_dag.py
[2025-12-14T14:29:11.958+0000] {logging_mixin.py:190} INFO - [2025-12-14T14:29:11.958+0000] {dag.py:3239} INFO - Sync 1 DAGs
[2025-12-14T14:29:11.974+0000] {logging_mixin.py:190} INFO - [2025-12-14T14:29:11.974+0000] {dag.py:4180} INFO - Setting next_dagrun for etl_synthetic_events to None, run_after=None
[2025-12-14T14:29:12.001+0000] {processor.py:208} INFO - Processing /opt/airflow/dags/etl_airflow_dag.py took 0.911 seconds
[2025-12-14T14:29:42.443+0000] {processor.py:186} INFO - Started process (PID=454) to work on /opt/airflow/dags/etl_airflow_dag.py
[2025-12-14T14:29:42.446+0000] {processor.py:914} INFO - Processing file /opt/airflow/dags/etl_airflow_dag.py for tasks to queue
[2025-12-14T14:29:42.448+0000] {logging_mixin.py:190} INFO - [2025-12-14T14:29:42.448+0000] {dagbag.py:588} INFO - Filling up the DagBag from /opt/airflow/dags/etl_airflow_dag.py
[2025-12-14T14:29:43.514+0000] {processor.py:925} INFO - DAG(s) 'etl_synthetic_events' retrieved from /opt/airflow/dags/etl_airflow_dag.py
[2025-12-14T14:29:43.548+0000] {logging_mixin.py:190} INFO - [2025-12-14T14:29:43.547+0000] {dag.py:3239} INFO - Sync 1 DAGs
[2025-12-14T14:29:43.566+0000] {logging_mixin.py:190} INFO - [2025-12-14T14:29:43.565+0000] {dag.py:4180} INFO - Setting next_dagrun for etl_synthetic_events to None, run_after=None
[2025-12-14T14:29:43.594+0000] {processor.py:208} INFO - Processing /opt/airflow/dags/etl_airflow_dag.py took 1.162 seconds
[2025-12-14T14:30:13.788+0000] {processor.py:186} INFO - Started process (PID=460) to work on /opt/airflow/dags/etl_airflow_dag.py
[2025-12-14T14:30:13.790+0000] {processor.py:914} INFO - Processing file /opt/airflow/dags/etl_airflow_dag.py for tasks to queue
[2025-12-14T14:30:13.793+0000] {logging_mixin.py:190} INFO - [2025-12-14T14:30:13.792+0000] {dagbag.py:588} INFO - Filling up the DagBag from /opt/airflow/dags/etl_airflow_dag.py
[2025-12-14T14:30:14.564+0000] {processor.py:925} INFO - DAG(s) 'etl_synthetic_events' retrieved from /opt/airflow/dags/etl_airflow_dag.py
[2025-12-14T14:30:14.593+0000] {logging_mixin.py:190} INFO - [2025-12-14T14:30:14.592+0000] {dag.py:3239} INFO - Sync 1 DAGs
[2025-12-14T14:30:14.610+0000] {logging_mixin.py:190} INFO - [2025-12-14T14:30:14.610+0000] {dag.py:4180} INFO - Setting next_dagrun for etl_synthetic_events to None, run_after=None
[2025-12-14T14:30:14.637+0000] {processor.py:208} INFO - Processing /opt/airflow/dags/etl_airflow_dag.py took 0.860 seconds
[2025-12-14T14:30:45.069+0000] {processor.py:186} INFO - Started process (PID=466) to work on /opt/airflow/dags/etl_airflow_dag.py
[2025-12-14T14:30:45.072+0000] {processor.py:914} INFO - Processing file /opt/airflow/dags/etl_airflow_dag.py for tasks to queue
[2025-12-14T14:30:45.076+0000] {logging_mixin.py:190} INFO - [2025-12-14T14:30:45.075+0000] {dagbag.py:588} INFO - Filling up the DagBag from /opt/airflow/dags/etl_airflow_dag.py
[2025-12-14T14:30:46.015+0000] {processor.py:925} INFO - DAG(s) 'etl_synthetic_events' retrieved from /opt/airflow/dags/etl_airflow_dag.py
[2025-12-14T14:30:46.052+0000] {logging_mixin.py:190} INFO - [2025-12-14T14:30:46.051+0000] {dag.py:3239} INFO - Sync 1 DAGs
[2025-12-14T14:30:46.072+0000] {logging_mixin.py:190} INFO - [2025-12-14T14:30:46.072+0000] {dag.py:4180} INFO - Setting next_dagrun for etl_synthetic_events to None, run_after=None
[2025-12-14T14:30:46.105+0000] {processor.py:208} INFO - Processing /opt/airflow/dags/etl_airflow_dag.py took 1.056 seconds
[2025-12-14T14:31:16.433+0000] {processor.py:186} INFO - Started process (PID=472) to work on /opt/airflow/dags/etl_airflow_dag.py
[2025-12-14T14:31:16.439+0000] {processor.py:914} INFO - Processing file /opt/airflow/dags/etl_airflow_dag.py for tasks to queue
[2025-12-14T14:31:16.443+0000] {logging_mixin.py:190} INFO - [2025-12-14T14:31:16.441+0000] {dagbag.py:588} INFO - Filling up the DagBag from /opt/airflow/dags/etl_airflow_dag.py
[2025-12-14T14:31:17.225+0000] {processor.py:925} INFO - DAG(s) 'etl_synthetic_events' retrieved from /opt/airflow/dags/etl_airflow_dag.py
[2025-12-14T14:31:17.256+0000] {logging_mixin.py:190} INFO - [2025-12-14T14:31:17.255+0000] {dag.py:3239} INFO - Sync 1 DAGs
[2025-12-14T14:31:17.271+0000] {logging_mixin.py:190} INFO - [2025-12-14T14:31:17.271+0000] {dag.py:4180} INFO - Setting next_dagrun for etl_synthetic_events to None, run_after=None
[2025-12-14T14:31:17.295+0000] {processor.py:208} INFO - Processing /opt/airflow/dags/etl_airflow_dag.py took 0.874 seconds
[2025-12-14T14:31:47.708+0000] {processor.py:186} INFO - Started process (PID=478) to work on /opt/airflow/dags/etl_airflow_dag.py
[2025-12-14T14:31:47.710+0000] {processor.py:914} INFO - Processing file /opt/airflow/dags/etl_airflow_dag.py for tasks to queue
[2025-12-14T14:31:47.714+0000] {logging_mixin.py:190} INFO - [2025-12-14T14:31:47.713+0000] {dagbag.py:588} INFO - Filling up the DagBag from /opt/airflow/dags/etl_airflow_dag.py
[2025-12-14T14:31:48.508+0000] {processor.py:925} INFO - DAG(s) 'etl_synthetic_events' retrieved from /opt/airflow/dags/etl_airflow_dag.py
[2025-12-14T14:31:48.538+0000] {logging_mixin.py:190} INFO - [2025-12-14T14:31:48.537+0000] {dag.py:3239} INFO - Sync 1 DAGs
[2025-12-14T14:31:48.554+0000] {logging_mixin.py:190} INFO - [2025-12-14T14:31:48.554+0000] {dag.py:4180} INFO - Setting next_dagrun for etl_synthetic_events to None, run_after=None
[2025-12-14T14:31:48.580+0000] {processor.py:208} INFO - Processing /opt/airflow/dags/etl_airflow_dag.py took 0.884 seconds
[2025-12-14T14:32:18.987+0000] {processor.py:186} INFO - Started process (PID=484) to work on /opt/airflow/dags/etl_airflow_dag.py
[2025-12-14T14:32:18.990+0000] {processor.py:914} INFO - Processing file /opt/airflow/dags/etl_airflow_dag.py for tasks to queue
[2025-12-14T14:32:18.993+0000] {logging_mixin.py:190} INFO - [2025-12-14T14:32:18.992+0000] {dagbag.py:588} INFO - Filling up the DagBag from /opt/airflow/dags/etl_airflow_dag.py
[2025-12-14T14:32:19.829+0000] {processor.py:925} INFO - DAG(s) 'etl_synthetic_events' retrieved from /opt/airflow/dags/etl_airflow_dag.py
[2025-12-14T14:32:19.860+0000] {logging_mixin.py:190} INFO - [2025-12-14T14:32:19.860+0000] {dag.py:3239} INFO - Sync 1 DAGs
[2025-12-14T14:32:19.876+0000] {logging_mixin.py:190} INFO - [2025-12-14T14:32:19.876+0000] {dag.py:4180} INFO - Setting next_dagrun for etl_synthetic_events to None, run_after=None
[2025-12-14T14:32:19.904+0000] {processor.py:208} INFO - Processing /opt/airflow/dags/etl_airflow_dag.py took 0.929 seconds
[2025-12-14T14:32:50.353+0000] {processor.py:186} INFO - Started process (PID=490) to work on /opt/airflow/dags/etl_airflow_dag.py
[2025-12-14T14:32:50.356+0000] {processor.py:914} INFO - Processing file /opt/airflow/dags/etl_airflow_dag.py for tasks to queue
[2025-12-14T14:32:50.359+0000] {logging_mixin.py:190} INFO - [2025-12-14T14:32:50.358+0000] {dagbag.py:588} INFO - Filling up the DagBag from /opt/airflow/dags/etl_airflow_dag.py
[2025-12-14T14:32:51.253+0000] {processor.py:925} INFO - DAG(s) 'etl_synthetic_events' retrieved from /opt/airflow/dags/etl_airflow_dag.py
[2025-12-14T14:32:51.292+0000] {logging_mixin.py:190} INFO - [2025-12-14T14:32:51.291+0000] {dag.py:3239} INFO - Sync 1 DAGs
[2025-12-14T14:32:51.313+0000] {logging_mixin.py:190} INFO - [2025-12-14T14:32:51.313+0000] {dag.py:4180} INFO - Setting next_dagrun for etl_synthetic_events to None, run_after=None
[2025-12-14T14:32:51.349+0000] {processor.py:208} INFO - Processing /opt/airflow/dags/etl_airflow_dag.py took 1.008 seconds
[2025-12-14T14:33:21.777+0000] {processor.py:186} INFO - Started process (PID=496) to work on /opt/airflow/dags/etl_airflow_dag.py
[2025-12-14T14:33:21.780+0000] {processor.py:914} INFO - Processing file /opt/airflow/dags/etl_airflow_dag.py for tasks to queue
[2025-12-14T14:33:21.783+0000] {logging_mixin.py:190} INFO - [2025-12-14T14:33:21.782+0000] {dagbag.py:588} INFO - Filling up the DagBag from /opt/airflow/dags/etl_airflow_dag.py
[2025-12-14T14:33:22.604+0000] {processor.py:925} INFO - DAG(s) 'etl_synthetic_events' retrieved from /opt/airflow/dags/etl_airflow_dag.py
[2025-12-14T14:33:22.640+0000] {logging_mixin.py:190} INFO - [2025-12-14T14:33:22.639+0000] {dag.py:3239} INFO - Sync 1 DAGs
[2025-12-14T14:33:22.658+0000] {logging_mixin.py:190} INFO - [2025-12-14T14:33:22.658+0000] {dag.py:4180} INFO - Setting next_dagrun for etl_synthetic_events to None, run_after=None
[2025-12-14T14:33:22.687+0000] {processor.py:208} INFO - Processing /opt/airflow/dags/etl_airflow_dag.py took 0.921 seconds
[2025-12-14T14:33:53.122+0000] {processor.py:186} INFO - Started process (PID=502) to work on /opt/airflow/dags/etl_airflow_dag.py
[2025-12-14T14:33:53.125+0000] {processor.py:914} INFO - Processing file /opt/airflow/dags/etl_airflow_dag.py for tasks to queue
[2025-12-14T14:33:53.129+0000] {logging_mixin.py:190} INFO - [2025-12-14T14:33:53.128+0000] {dagbag.py:588} INFO - Filling up the DagBag from /opt/airflow/dags/etl_airflow_dag.py
[2025-12-14T14:33:54.154+0000] {processor.py:925} INFO - DAG(s) 'etl_synthetic_events' retrieved from /opt/airflow/dags/etl_airflow_dag.py
[2025-12-14T14:33:54.188+0000] {logging_mixin.py:190} INFO - [2025-12-14T14:33:54.187+0000] {dag.py:3239} INFO - Sync 1 DAGs
[2025-12-14T14:33:54.204+0000] {logging_mixin.py:190} INFO - [2025-12-14T14:33:54.203+0000] {dag.py:4180} INFO - Setting next_dagrun for etl_synthetic_events to None, run_after=None
[2025-12-14T14:33:54.232+0000] {processor.py:208} INFO - Processing /opt/airflow/dags/etl_airflow_dag.py took 1.127 seconds
[2025-12-14T14:34:24.493+0000] {processor.py:186} INFO - Started process (PID=508) to work on /opt/airflow/dags/etl_airflow_dag.py
[2025-12-14T14:34:24.495+0000] {processor.py:914} INFO - Processing file /opt/airflow/dags/etl_airflow_dag.py for tasks to queue
[2025-12-14T14:34:24.498+0000] {logging_mixin.py:190} INFO - [2025-12-14T14:34:24.497+0000] {dagbag.py:588} INFO - Filling up the DagBag from /opt/airflow/dags/etl_airflow_dag.py
[2025-12-14T14:34:25.475+0000] {processor.py:925} INFO - DAG(s) 'etl_synthetic_events' retrieved from /opt/airflow/dags/etl_airflow_dag.py
[2025-12-14T14:34:25.513+0000] {logging_mixin.py:190} INFO - [2025-12-14T14:34:25.513+0000] {dag.py:3239} INFO - Sync 1 DAGs
[2025-12-14T14:34:25.535+0000] {logging_mixin.py:190} INFO - [2025-12-14T14:34:25.534+0000] {dag.py:4180} INFO - Setting next_dagrun for etl_synthetic_events to None, run_after=None
[2025-12-14T14:34:25.570+0000] {processor.py:208} INFO - Processing /opt/airflow/dags/etl_airflow_dag.py took 1.090 seconds
[2025-12-14T14:34:55.835+0000] {processor.py:186} INFO - Started process (PID=514) to work on /opt/airflow/dags/etl_airflow_dag.py
[2025-12-14T14:34:55.837+0000] {processor.py:914} INFO - Processing file /opt/airflow/dags/etl_airflow_dag.py for tasks to queue
[2025-12-14T14:34:55.840+0000] {logging_mixin.py:190} INFO - [2025-12-14T14:34:55.840+0000] {dagbag.py:588} INFO - Filling up the DagBag from /opt/airflow/dags/etl_airflow_dag.py
[2025-12-14T14:34:56.630+0000] {processor.py:925} INFO - DAG(s) 'etl_synthetic_events' retrieved from /opt/airflow/dags/etl_airflow_dag.py
[2025-12-14T14:34:56.660+0000] {logging_mixin.py:190} INFO - [2025-12-14T14:34:56.659+0000] {dag.py:3239} INFO - Sync 1 DAGs
[2025-12-14T14:34:56.675+0000] {logging_mixin.py:190} INFO - [2025-12-14T14:34:56.675+0000] {dag.py:4180} INFO - Setting next_dagrun for etl_synthetic_events to None, run_after=None
[2025-12-14T14:34:56.702+0000] {processor.py:208} INFO - Processing /opt/airflow/dags/etl_airflow_dag.py took 0.878 seconds
[2025-12-14T14:35:27.107+0000] {processor.py:186} INFO - Started process (PID=520) to work on /opt/airflow/dags/etl_airflow_dag.py
[2025-12-14T14:35:27.109+0000] {processor.py:914} INFO - Processing file /opt/airflow/dags/etl_airflow_dag.py for tasks to queue
[2025-12-14T14:35:27.112+0000] {logging_mixin.py:190} INFO - [2025-12-14T14:35:27.111+0000] {dagbag.py:588} INFO - Filling up the DagBag from /opt/airflow/dags/etl_airflow_dag.py
[2025-12-14T14:35:27.989+0000] {processor.py:925} INFO - DAG(s) 'etl_synthetic_events' retrieved from /opt/airflow/dags/etl_airflow_dag.py
[2025-12-14T14:35:28.024+0000] {logging_mixin.py:190} INFO - [2025-12-14T14:35:28.023+0000] {dag.py:3239} INFO - Sync 1 DAGs
[2025-12-14T14:35:28.042+0000] {logging_mixin.py:190} INFO - [2025-12-14T14:35:28.042+0000] {dag.py:4180} INFO - Setting next_dagrun for etl_synthetic_events to None, run_after=None
[2025-12-14T14:35:28.071+0000] {processor.py:208} INFO - Processing /opt/airflow/dags/etl_airflow_dag.py took 0.979 seconds
[2025-12-14T14:35:58.482+0000] {processor.py:186} INFO - Started process (PID=526) to work on /opt/airflow/dags/etl_airflow_dag.py
[2025-12-14T14:35:58.484+0000] {processor.py:914} INFO - Processing file /opt/airflow/dags/etl_airflow_dag.py for tasks to queue
[2025-12-14T14:35:58.487+0000] {logging_mixin.py:190} INFO - [2025-12-14T14:35:58.486+0000] {dagbag.py:588} INFO - Filling up the DagBag from /opt/airflow/dags/etl_airflow_dag.py
[2025-12-14T14:35:59.400+0000] {processor.py:925} INFO - DAG(s) 'etl_synthetic_events' retrieved from /opt/airflow/dags/etl_airflow_dag.py
[2025-12-14T14:35:59.433+0000] {logging_mixin.py:190} INFO - [2025-12-14T14:35:59.433+0000] {dag.py:3239} INFO - Sync 1 DAGs
[2025-12-14T14:35:59.476+0000] {logging_mixin.py:190} INFO - [2025-12-14T14:35:59.475+0000] {dag.py:4180} INFO - Setting next_dagrun for etl_synthetic_events to None, run_after=None
[2025-12-14T14:35:59.508+0000] {processor.py:208} INFO - Processing /opt/airflow/dags/etl_airflow_dag.py took 1.038 seconds
[2025-12-14T14:36:29.899+0000] {processor.py:186} INFO - Started process (PID=532) to work on /opt/airflow/dags/etl_airflow_dag.py
[2025-12-14T14:36:29.901+0000] {processor.py:914} INFO - Processing file /opt/airflow/dags/etl_airflow_dag.py for tasks to queue
[2025-12-14T14:36:29.905+0000] {logging_mixin.py:190} INFO - [2025-12-14T14:36:29.904+0000] {dagbag.py:588} INFO - Filling up the DagBag from /opt/airflow/dags/etl_airflow_dag.py
[2025-12-14T14:36:30.858+0000] {processor.py:925} INFO - DAG(s) 'etl_synthetic_events' retrieved from /opt/airflow/dags/etl_airflow_dag.py
[2025-12-14T14:36:30.893+0000] {logging_mixin.py:190} INFO - [2025-12-14T14:36:30.892+0000] {dag.py:3239} INFO - Sync 1 DAGs
[2025-12-14T14:36:30.912+0000] {logging_mixin.py:190} INFO - [2025-12-14T14:36:30.911+0000] {dag.py:4180} INFO - Setting next_dagrun for etl_synthetic_events to None, run_after=None
[2025-12-14T14:36:30.941+0000] {processor.py:208} INFO - Processing /opt/airflow/dags/etl_airflow_dag.py took 1.063 seconds
[2025-12-14T14:37:01.245+0000] {processor.py:186} INFO - Started process (PID=538) to work on /opt/airflow/dags/etl_airflow_dag.py
[2025-12-14T14:37:01.247+0000] {processor.py:914} INFO - Processing file /opt/airflow/dags/etl_airflow_dag.py for tasks to queue
[2025-12-14T14:37:01.250+0000] {logging_mixin.py:190} INFO - [2025-12-14T14:37:01.249+0000] {dagbag.py:588} INFO - Filling up the DagBag from /opt/airflow/dags/etl_airflow_dag.py
[2025-12-14T14:37:02.147+0000] {processor.py:925} INFO - DAG(s) 'etl_synthetic_events' retrieved from /opt/airflow/dags/etl_airflow_dag.py
[2025-12-14T14:37:02.178+0000] {logging_mixin.py:190} INFO - [2025-12-14T14:37:02.177+0000] {dag.py:3239} INFO - Sync 1 DAGs
[2025-12-14T14:37:02.194+0000] {logging_mixin.py:190} INFO - [2025-12-14T14:37:02.194+0000] {dag.py:4180} INFO - Setting next_dagrun for etl_synthetic_events to None, run_after=None
[2025-12-14T14:37:02.222+0000] {processor.py:208} INFO - Processing /opt/airflow/dags/etl_airflow_dag.py took 0.990 seconds
[2025-12-14T14:37:32.619+0000] {processor.py:186} INFO - Started process (PID=544) to work on /opt/airflow/dags/etl_airflow_dag.py
[2025-12-14T14:37:32.622+0000] {processor.py:914} INFO - Processing file /opt/airflow/dags/etl_airflow_dag.py for tasks to queue
[2025-12-14T14:37:32.625+0000] {logging_mixin.py:190} INFO - [2025-12-14T14:37:32.624+0000] {dagbag.py:588} INFO - Filling up the DagBag from /opt/airflow/dags/etl_airflow_dag.py
[2025-12-14T14:37:33.661+0000] {processor.py:925} INFO - DAG(s) 'etl_synthetic_events' retrieved from /opt/airflow/dags/etl_airflow_dag.py
[2025-12-14T14:37:33.695+0000] {logging_mixin.py:190} INFO - [2025-12-14T14:37:33.694+0000] {dag.py:3239} INFO - Sync 1 DAGs
[2025-12-14T14:37:33.712+0000] {logging_mixin.py:190} INFO - [2025-12-14T14:37:33.711+0000] {dag.py:4180} INFO - Setting next_dagrun for etl_synthetic_events to None, run_after=None
[2025-12-14T14:37:33.738+0000] {processor.py:208} INFO - Processing /opt/airflow/dags/etl_airflow_dag.py took 1.130 seconds
[2025-12-14T14:38:03.976+0000] {processor.py:186} INFO - Started process (PID=550) to work on /opt/airflow/dags/etl_airflow_dag.py
[2025-12-14T14:38:03.978+0000] {processor.py:914} INFO - Processing file /opt/airflow/dags/etl_airflow_dag.py for tasks to queue
[2025-12-14T14:38:03.980+0000] {logging_mixin.py:190} INFO - [2025-12-14T14:38:03.980+0000] {dagbag.py:588} INFO - Filling up the DagBag from /opt/airflow/dags/etl_airflow_dag.py
[2025-12-14T14:38:04.783+0000] {processor.py:925} INFO - DAG(s) 'etl_synthetic_events' retrieved from /opt/airflow/dags/etl_airflow_dag.py
[2025-12-14T14:38:04.817+0000] {logging_mixin.py:190} INFO - [2025-12-14T14:38:04.816+0000] {dag.py:3239} INFO - Sync 1 DAGs
[2025-12-14T14:38:04.831+0000] {logging_mixin.py:190} INFO - [2025-12-14T14:38:04.831+0000] {dag.py:4180} INFO - Setting next_dagrun for etl_synthetic_events to None, run_after=None
[2025-12-14T14:38:04.859+0000] {processor.py:208} INFO - Processing /opt/airflow/dags/etl_airflow_dag.py took 0.893 seconds
[2025-12-14T14:38:35.325+0000] {processor.py:186} INFO - Started process (PID=556) to work on /opt/airflow/dags/etl_airflow_dag.py
[2025-12-14T14:38:35.327+0000] {processor.py:914} INFO - Processing file /opt/airflow/dags/etl_airflow_dag.py for tasks to queue
[2025-12-14T14:38:35.331+0000] {logging_mixin.py:190} INFO - [2025-12-14T14:38:35.330+0000] {dagbag.py:588} INFO - Filling up the DagBag from /opt/airflow/dags/etl_airflow_dag.py
[2025-12-14T14:38:36.179+0000] {processor.py:925} INFO - DAG(s) 'etl_synthetic_events' retrieved from /opt/airflow/dags/etl_airflow_dag.py
[2025-12-14T14:38:36.209+0000] {logging_mixin.py:190} INFO - [2025-12-14T14:38:36.208+0000] {dag.py:3239} INFO - Sync 1 DAGs
[2025-12-14T14:38:36.227+0000] {logging_mixin.py:190} INFO - [2025-12-14T14:38:36.227+0000] {dag.py:4180} INFO - Setting next_dagrun for etl_synthetic_events to None, run_after=None
[2025-12-14T14:38:36.256+0000] {processor.py:208} INFO - Processing /opt/airflow/dags/etl_airflow_dag.py took 0.944 seconds
[2025-12-14T14:39:06.686+0000] {processor.py:186} INFO - Started process (PID=562) to work on /opt/airflow/dags/etl_airflow_dag.py
[2025-12-14T14:39:06.688+0000] {processor.py:914} INFO - Processing file /opt/airflow/dags/etl_airflow_dag.py for tasks to queue
[2025-12-14T14:39:06.691+0000] {logging_mixin.py:190} INFO - [2025-12-14T14:39:06.690+0000] {dagbag.py:588} INFO - Filling up the DagBag from /opt/airflow/dags/etl_airflow_dag.py
[2025-12-14T14:39:07.650+0000] {processor.py:925} INFO - DAG(s) 'etl_synthetic_events' retrieved from /opt/airflow/dags/etl_airflow_dag.py
[2025-12-14T14:39:07.687+0000] {logging_mixin.py:190} INFO - [2025-12-14T14:39:07.686+0000] {dag.py:3239} INFO - Sync 1 DAGs
[2025-12-14T14:39:07.705+0000] {logging_mixin.py:190} INFO - [2025-12-14T14:39:07.705+0000] {dag.py:4180} INFO - Setting next_dagrun for etl_synthetic_events to None, run_after=None
[2025-12-14T14:39:07.735+0000] {processor.py:208} INFO - Processing /opt/airflow/dags/etl_airflow_dag.py took 1.063 seconds
[2025-12-14T14:39:38.094+0000] {processor.py:186} INFO - Started process (PID=568) to work on /opt/airflow/dags/etl_airflow_dag.py
[2025-12-14T14:39:38.096+0000] {processor.py:914} INFO - Processing file /opt/airflow/dags/etl_airflow_dag.py for tasks to queue
[2025-12-14T14:39:38.099+0000] {logging_mixin.py:190} INFO - [2025-12-14T14:39:38.098+0000] {dagbag.py:588} INFO - Filling up the DagBag from /opt/airflow/dags/etl_airflow_dag.py
[2025-12-14T14:39:38.850+0000] {processor.py:925} INFO - DAG(s) 'etl_synthetic_events' retrieved from /opt/airflow/dags/etl_airflow_dag.py
[2025-12-14T14:39:38.879+0000] {logging_mixin.py:190} INFO - [2025-12-14T14:39:38.879+0000] {dag.py:3239} INFO - Sync 1 DAGs
[2025-12-14T14:39:38.895+0000] {logging_mixin.py:190} INFO - [2025-12-14T14:39:38.895+0000] {dag.py:4180} INFO - Setting next_dagrun for etl_synthetic_events to None, run_after=None
[2025-12-14T14:39:38.919+0000] {processor.py:208} INFO - Processing /opt/airflow/dags/etl_airflow_dag.py took 0.838 seconds
[2025-12-14T14:40:09.336+0000] {processor.py:186} INFO - Started process (PID=574) to work on /opt/airflow/dags/etl_airflow_dag.py
[2025-12-14T14:40:09.339+0000] {processor.py:914} INFO - Processing file /opt/airflow/dags/etl_airflow_dag.py for tasks to queue
[2025-12-14T14:40:09.341+0000] {logging_mixin.py:190} INFO - [2025-12-14T14:40:09.341+0000] {dagbag.py:588} INFO - Filling up the DagBag from /opt/airflow/dags/etl_airflow_dag.py
[2025-12-14T14:40:10.437+0000] {processor.py:925} INFO - DAG(s) 'etl_synthetic_events' retrieved from /opt/airflow/dags/etl_airflow_dag.py
[2025-12-14T14:40:10.480+0000] {logging_mixin.py:190} INFO - [2025-12-14T14:40:10.478+0000] {dag.py:3239} INFO - Sync 1 DAGs
[2025-12-14T14:40:10.500+0000] {logging_mixin.py:190} INFO - [2025-12-14T14:40:10.500+0000] {dag.py:4180} INFO - Setting next_dagrun for etl_synthetic_events to None, run_after=None
[2025-12-14T14:40:10.537+0000] {processor.py:208} INFO - Processing /opt/airflow/dags/etl_airflow_dag.py took 1.215 seconds
[2025-12-14T14:40:40.790+0000] {processor.py:186} INFO - Started process (PID=580) to work on /opt/airflow/dags/etl_airflow_dag.py
[2025-12-14T14:40:40.793+0000] {processor.py:914} INFO - Processing file /opt/airflow/dags/etl_airflow_dag.py for tasks to queue
[2025-12-14T14:40:40.796+0000] {logging_mixin.py:190} INFO - [2025-12-14T14:40:40.795+0000] {dagbag.py:588} INFO - Filling up the DagBag from /opt/airflow/dags/etl_airflow_dag.py
[2025-12-14T14:40:41.765+0000] {processor.py:925} INFO - DAG(s) 'etl_synthetic_events' retrieved from /opt/airflow/dags/etl_airflow_dag.py
[2025-12-14T14:40:41.801+0000] {logging_mixin.py:190} INFO - [2025-12-14T14:40:41.800+0000] {dag.py:3239} INFO - Sync 1 DAGs
[2025-12-14T14:40:41.819+0000] {logging_mixin.py:190} INFO - [2025-12-14T14:40:41.818+0000] {dag.py:4180} INFO - Setting next_dagrun for etl_synthetic_events to None, run_after=None
[2025-12-14T14:40:41.849+0000] {processor.py:208} INFO - Processing /opt/airflow/dags/etl_airflow_dag.py took 1.071 seconds
[2025-12-14T14:41:12.182+0000] {processor.py:186} INFO - Started process (PID=586) to work on /opt/airflow/dags/etl_airflow_dag.py
[2025-12-14T14:41:12.186+0000] {processor.py:914} INFO - Processing file /opt/airflow/dags/etl_airflow_dag.py for tasks to queue
[2025-12-14T14:41:12.193+0000] {logging_mixin.py:190} INFO - [2025-12-14T14:41:12.190+0000] {dagbag.py:588} INFO - Filling up the DagBag from /opt/airflow/dags/etl_airflow_dag.py
[2025-12-14T14:41:13.032+0000] {processor.py:925} INFO - DAG(s) 'etl_synthetic_events' retrieved from /opt/airflow/dags/etl_airflow_dag.py
[2025-12-14T14:41:13.062+0000] {logging_mixin.py:190} INFO - [2025-12-14T14:41:13.062+0000] {dag.py:3239} INFO - Sync 1 DAGs
[2025-12-14T14:41:13.080+0000] {logging_mixin.py:190} INFO - [2025-12-14T14:41:13.080+0000] {dag.py:4180} INFO - Setting next_dagrun for etl_synthetic_events to None, run_after=None
[2025-12-14T14:41:13.107+0000] {processor.py:208} INFO - Processing /opt/airflow/dags/etl_airflow_dag.py took 0.954 seconds
[2025-12-14T14:41:43.691+0000] {processor.py:186} INFO - Started process (PID=592) to work on /opt/airflow/dags/etl_airflow_dag.py
[2025-12-14T14:41:43.694+0000] {processor.py:914} INFO - Processing file /opt/airflow/dags/etl_airflow_dag.py for tasks to queue
[2025-12-14T14:41:43.699+0000] {logging_mixin.py:190} INFO - [2025-12-14T14:41:43.697+0000] {dagbag.py:588} INFO - Filling up the DagBag from /opt/airflow/dags/etl_airflow_dag.py
[2025-12-14T14:41:44.880+0000] {processor.py:925} INFO - DAG(s) 'etl_synthetic_events' retrieved from /opt/airflow/dags/etl_airflow_dag.py
[2025-12-14T14:41:44.916+0000] {logging_mixin.py:190} INFO - [2025-12-14T14:41:44.916+0000] {dag.py:3239} INFO - Sync 1 DAGs
[2025-12-14T14:41:44.934+0000] {logging_mixin.py:190} INFO - [2025-12-14T14:41:44.934+0000] {dag.py:4180} INFO - Setting next_dagrun for etl_synthetic_events to None, run_after=None
[2025-12-14T14:41:44.969+0000] {processor.py:208} INFO - Processing /opt/airflow/dags/etl_airflow_dag.py took 1.317 seconds
[2025-12-14T14:42:15.399+0000] {processor.py:186} INFO - Started process (PID=598) to work on /opt/airflow/dags/etl_airflow_dag.py
[2025-12-14T14:42:15.402+0000] {processor.py:914} INFO - Processing file /opt/airflow/dags/etl_airflow_dag.py for tasks to queue
[2025-12-14T14:42:15.404+0000] {logging_mixin.py:190} INFO - [2025-12-14T14:42:15.404+0000] {dagbag.py:588} INFO - Filling up the DagBag from /opt/airflow/dags/etl_airflow_dag.py
[2025-12-14T14:42:16.328+0000] {processor.py:925} INFO - DAG(s) 'etl_synthetic_events' retrieved from /opt/airflow/dags/etl_airflow_dag.py
[2025-12-14T14:42:16.364+0000] {logging_mixin.py:190} INFO - [2025-12-14T14:42:16.364+0000] {dag.py:3239} INFO - Sync 1 DAGs
[2025-12-14T14:42:16.388+0000] {logging_mixin.py:190} INFO - [2025-12-14T14:42:16.388+0000] {dag.py:4180} INFO - Setting next_dagrun for etl_synthetic_events to None, run_after=None
[2025-12-14T14:42:16.423+0000] {processor.py:208} INFO - Processing /opt/airflow/dags/etl_airflow_dag.py took 1.033 seconds
[2025-12-14T14:42:46.802+0000] {processor.py:186} INFO - Started process (PID=604) to work on /opt/airflow/dags/etl_airflow_dag.py
[2025-12-14T14:42:46.805+0000] {processor.py:914} INFO - Processing file /opt/airflow/dags/etl_airflow_dag.py for tasks to queue
[2025-12-14T14:42:46.808+0000] {logging_mixin.py:190} INFO - [2025-12-14T14:42:46.808+0000] {dagbag.py:588} INFO - Filling up the DagBag from /opt/airflow/dags/etl_airflow_dag.py
[2025-12-14T14:42:47.632+0000] {processor.py:925} INFO - DAG(s) 'etl_synthetic_events' retrieved from /opt/airflow/dags/etl_airflow_dag.py
[2025-12-14T14:42:47.664+0000] {logging_mixin.py:190} INFO - [2025-12-14T14:42:47.663+0000] {dag.py:3239} INFO - Sync 1 DAGs
[2025-12-14T14:42:47.680+0000] {logging_mixin.py:190} INFO - [2025-12-14T14:42:47.680+0000] {dag.py:4180} INFO - Setting next_dagrun for etl_synthetic_events to None, run_after=None
[2025-12-14T14:42:47.708+0000] {processor.py:208} INFO - Processing /opt/airflow/dags/etl_airflow_dag.py took 0.919 seconds
[2025-12-14T14:43:18.222+0000] {processor.py:186} INFO - Started process (PID=610) to work on /opt/airflow/dags/etl_airflow_dag.py
[2025-12-14T14:43:18.223+0000] {processor.py:914} INFO - Processing file /opt/airflow/dags/etl_airflow_dag.py for tasks to queue
[2025-12-14T14:43:18.227+0000] {logging_mixin.py:190} INFO - [2025-12-14T14:43:18.226+0000] {dagbag.py:588} INFO - Filling up the DagBag from /opt/airflow/dags/etl_airflow_dag.py
[2025-12-14T14:43:19.219+0000] {processor.py:925} INFO - DAG(s) 'etl_synthetic_events' retrieved from /opt/airflow/dags/etl_airflow_dag.py
[2025-12-14T14:43:19.258+0000] {logging_mixin.py:190} INFO - [2025-12-14T14:43:19.258+0000] {dag.py:3239} INFO - Sync 1 DAGs
[2025-12-14T14:43:19.279+0000] {logging_mixin.py:190} INFO - [2025-12-14T14:43:19.278+0000] {dag.py:4180} INFO - Setting next_dagrun for etl_synthetic_events to None, run_after=None
[2025-12-14T14:43:19.321+0000] {processor.py:208} INFO - Processing /opt/airflow/dags/etl_airflow_dag.py took 1.111 seconds
[2025-12-14T14:43:49.625+0000] {processor.py:186} INFO - Started process (PID=616) to work on /opt/airflow/dags/etl_airflow_dag.py
[2025-12-14T14:43:49.627+0000] {processor.py:914} INFO - Processing file /opt/airflow/dags/etl_airflow_dag.py for tasks to queue
[2025-12-14T14:43:49.630+0000] {logging_mixin.py:190} INFO - [2025-12-14T14:43:49.629+0000] {dagbag.py:588} INFO - Filling up the DagBag from /opt/airflow/dags/etl_airflow_dag.py
[2025-12-14T14:43:50.396+0000] {processor.py:925} INFO - DAG(s) 'etl_synthetic_events' retrieved from /opt/airflow/dags/etl_airflow_dag.py
[2025-12-14T14:43:50.430+0000] {logging_mixin.py:190} INFO - [2025-12-14T14:43:50.429+0000] {dag.py:3239} INFO - Sync 1 DAGs
[2025-12-14T14:43:50.451+0000] {logging_mixin.py:190} INFO - [2025-12-14T14:43:50.451+0000] {dag.py:4180} INFO - Setting next_dagrun for etl_synthetic_events to None, run_after=None
[2025-12-14T14:43:50.482+0000] {processor.py:208} INFO - Processing /opt/airflow/dags/etl_airflow_dag.py took 0.876 seconds
[2025-12-14T14:44:21.002+0000] {processor.py:186} INFO - Started process (PID=622) to work on /opt/airflow/dags/etl_airflow_dag.py
[2025-12-14T14:44:21.005+0000] {processor.py:914} INFO - Processing file /opt/airflow/dags/etl_airflow_dag.py for tasks to queue
[2025-12-14T14:44:21.007+0000] {logging_mixin.py:190} INFO - [2025-12-14T14:44:21.007+0000] {dagbag.py:588} INFO - Filling up the DagBag from /opt/airflow/dags/etl_airflow_dag.py
[2025-12-14T14:44:21.786+0000] {processor.py:925} INFO - DAG(s) 'etl_synthetic_events' retrieved from /opt/airflow/dags/etl_airflow_dag.py
[2025-12-14T14:44:21.820+0000] {logging_mixin.py:190} INFO - [2025-12-14T14:44:21.819+0000] {dag.py:3239} INFO - Sync 1 DAGs
[2025-12-14T14:44:21.836+0000] {logging_mixin.py:190} INFO - [2025-12-14T14:44:21.835+0000] {dag.py:4180} INFO - Setting next_dagrun for etl_synthetic_events to None, run_after=None
[2025-12-14T14:44:21.866+0000] {processor.py:208} INFO - Processing /opt/airflow/dags/etl_airflow_dag.py took 0.875 seconds
[2025-12-14T14:44:52.284+0000] {processor.py:186} INFO - Started process (PID=628) to work on /opt/airflow/dags/etl_airflow_dag.py
[2025-12-14T14:44:52.287+0000] {processor.py:914} INFO - Processing file /opt/airflow/dags/etl_airflow_dag.py for tasks to queue
[2025-12-14T14:44:52.290+0000] {logging_mixin.py:190} INFO - [2025-12-14T14:44:52.289+0000] {dagbag.py:588} INFO - Filling up the DagBag from /opt/airflow/dags/etl_airflow_dag.py
[2025-12-14T14:44:53.146+0000] {processor.py:925} INFO - DAG(s) 'etl_synthetic_events' retrieved from /opt/airflow/dags/etl_airflow_dag.py
[2025-12-14T14:44:53.182+0000] {logging_mixin.py:190} INFO - [2025-12-14T14:44:53.181+0000] {dag.py:3239} INFO - Sync 1 DAGs
[2025-12-14T14:44:53.199+0000] {logging_mixin.py:190} INFO - [2025-12-14T14:44:53.199+0000] {dag.py:4180} INFO - Setting next_dagrun for etl_synthetic_events to None, run_after=None
[2025-12-14T14:44:53.228+0000] {processor.py:208} INFO - Processing /opt/airflow/dags/etl_airflow_dag.py took 0.955 seconds
[2025-12-14T14:45:23.682+0000] {processor.py:186} INFO - Started process (PID=634) to work on /opt/airflow/dags/etl_airflow_dag.py
[2025-12-14T14:45:23.685+0000] {processor.py:914} INFO - Processing file /opt/airflow/dags/etl_airflow_dag.py for tasks to queue
[2025-12-14T14:45:23.689+0000] {logging_mixin.py:190} INFO - [2025-12-14T14:45:23.688+0000] {dagbag.py:588} INFO - Filling up the DagBag from /opt/airflow/dags/etl_airflow_dag.py
[2025-12-14T14:45:24.803+0000] {processor.py:925} INFO - DAG(s) 'etl_synthetic_events' retrieved from /opt/airflow/dags/etl_airflow_dag.py
[2025-12-14T14:45:24.859+0000] {logging_mixin.py:190} INFO - [2025-12-14T14:45:24.857+0000] {dag.py:3239} INFO - Sync 1 DAGs
[2025-12-14T14:45:24.881+0000] {logging_mixin.py:190} INFO - [2025-12-14T14:45:24.880+0000] {dag.py:4180} INFO - Setting next_dagrun for etl_synthetic_events to None, run_after=None
[2025-12-14T14:45:24.911+0000] {processor.py:208} INFO - Processing /opt/airflow/dags/etl_airflow_dag.py took 1.245 seconds
[2025-12-14T14:45:55.038+0000] {processor.py:186} INFO - Started process (PID=640) to work on /opt/airflow/dags/etl_airflow_dag.py
[2025-12-14T14:45:55.040+0000] {processor.py:914} INFO - Processing file /opt/airflow/dags/etl_airflow_dag.py for tasks to queue
[2025-12-14T14:45:55.042+0000] {logging_mixin.py:190} INFO - [2025-12-14T14:45:55.042+0000] {dagbag.py:588} INFO - Filling up the DagBag from /opt/airflow/dags/etl_airflow_dag.py
[2025-12-14T14:45:55.789+0000] {processor.py:925} INFO - DAG(s) 'etl_synthetic_events' retrieved from /opt/airflow/dags/etl_airflow_dag.py
[2025-12-14T14:45:55.845+0000] {logging_mixin.py:190} INFO - [2025-12-14T14:45:55.842+0000] {dag.py:3239} INFO - Sync 1 DAGs
[2025-12-14T14:45:55.875+0000] {logging_mixin.py:190} INFO - [2025-12-14T14:45:55.875+0000] {dag.py:4180} INFO - Setting next_dagrun for etl_synthetic_events to None, run_after=None
[2025-12-14T14:45:55.915+0000] {processor.py:208} INFO - Processing /opt/airflow/dags/etl_airflow_dag.py took 0.886 seconds
[2025-12-14T14:46:26.365+0000] {processor.py:186} INFO - Started process (PID=646) to work on /opt/airflow/dags/etl_airflow_dag.py
[2025-12-14T14:46:26.367+0000] {processor.py:914} INFO - Processing file /opt/airflow/dags/etl_airflow_dag.py for tasks to queue
[2025-12-14T14:46:26.371+0000] {logging_mixin.py:190} INFO - [2025-12-14T14:46:26.370+0000] {dagbag.py:588} INFO - Filling up the DagBag from /opt/airflow/dags/etl_airflow_dag.py
[2025-12-14T14:46:27.441+0000] {processor.py:925} INFO - DAG(s) 'etl_synthetic_events' retrieved from /opt/airflow/dags/etl_airflow_dag.py
[2025-12-14T14:46:27.496+0000] {logging_mixin.py:190} INFO - [2025-12-14T14:46:27.496+0000] {dag.py:3239} INFO - Sync 1 DAGs
[2025-12-14T14:46:27.514+0000] {logging_mixin.py:190} INFO - [2025-12-14T14:46:27.514+0000] {dag.py:4180} INFO - Setting next_dagrun for etl_synthetic_events to None, run_after=None
[2025-12-14T14:46:27.549+0000] {processor.py:208} INFO - Processing /opt/airflow/dags/etl_airflow_dag.py took 1.198 seconds
[2025-12-14T14:46:57.769+0000] {processor.py:186} INFO - Started process (PID=652) to work on /opt/airflow/dags/etl_airflow_dag.py
[2025-12-14T14:46:57.772+0000] {processor.py:914} INFO - Processing file /opt/airflow/dags/etl_airflow_dag.py for tasks to queue
[2025-12-14T14:46:57.775+0000] {logging_mixin.py:190} INFO - [2025-12-14T14:46:57.774+0000] {dagbag.py:588} INFO - Filling up the DagBag from /opt/airflow/dags/etl_airflow_dag.py
[2025-12-14T14:46:58.574+0000] {processor.py:925} INFO - DAG(s) 'etl_synthetic_events' retrieved from /opt/airflow/dags/etl_airflow_dag.py
[2025-12-14T14:46:58.618+0000] {logging_mixin.py:190} INFO - [2025-12-14T14:46:58.617+0000] {dag.py:3239} INFO - Sync 1 DAGs
[2025-12-14T14:46:58.637+0000] {logging_mixin.py:190} INFO - [2025-12-14T14:46:58.636+0000] {dag.py:4180} INFO - Setting next_dagrun for etl_synthetic_events to None, run_after=None
[2025-12-14T14:46:58.668+0000] {processor.py:208} INFO - Processing /opt/airflow/dags/etl_airflow_dag.py took 0.918 seconds
[2025-12-14T14:47:29.154+0000] {processor.py:186} INFO - Started process (PID=658) to work on /opt/airflow/dags/etl_airflow_dag.py
[2025-12-14T14:47:29.157+0000] {processor.py:914} INFO - Processing file /opt/airflow/dags/etl_airflow_dag.py for tasks to queue
[2025-12-14T14:47:29.160+0000] {logging_mixin.py:190} INFO - [2025-12-14T14:47:29.159+0000] {dagbag.py:588} INFO - Filling up the DagBag from /opt/airflow/dags/etl_airflow_dag.py
[2025-12-14T14:47:30.236+0000] {processor.py:925} INFO - DAG(s) 'etl_synthetic_events' retrieved from /opt/airflow/dags/etl_airflow_dag.py
[2025-12-14T14:47:30.275+0000] {logging_mixin.py:190} INFO - [2025-12-14T14:47:30.274+0000] {dag.py:3239} INFO - Sync 1 DAGs
[2025-12-14T14:47:30.297+0000] {logging_mixin.py:190} INFO - [2025-12-14T14:47:30.296+0000] {dag.py:4180} INFO - Setting next_dagrun for etl_synthetic_events to None, run_after=None
[2025-12-14T14:47:30.332+0000] {processor.py:208} INFO - Processing /opt/airflow/dags/etl_airflow_dag.py took 1.192 seconds
[2025-12-14T14:48:00.685+0000] {processor.py:186} INFO - Started process (PID=664) to work on /opt/airflow/dags/etl_airflow_dag.py
[2025-12-14T14:48:00.687+0000] {processor.py:914} INFO - Processing file /opt/airflow/dags/etl_airflow_dag.py for tasks to queue
[2025-12-14T14:48:00.690+0000] {logging_mixin.py:190} INFO - [2025-12-14T14:48:00.689+0000] {dagbag.py:588} INFO - Filling up the DagBag from /opt/airflow/dags/etl_airflow_dag.py
[2025-12-14T14:48:01.484+0000] {processor.py:925} INFO - DAG(s) 'etl_synthetic_events' retrieved from /opt/airflow/dags/etl_airflow_dag.py
[2025-12-14T14:48:01.524+0000] {logging_mixin.py:190} INFO - [2025-12-14T14:48:01.523+0000] {dag.py:3239} INFO - Sync 1 DAGs
[2025-12-14T14:48:01.543+0000] {logging_mixin.py:190} INFO - [2025-12-14T14:48:01.542+0000] {dag.py:4180} INFO - Setting next_dagrun for etl_synthetic_events to None, run_after=None
[2025-12-14T14:48:01.574+0000] {processor.py:208} INFO - Processing /opt/airflow/dags/etl_airflow_dag.py took 0.901 seconds
[2025-12-14T14:48:32.108+0000] {processor.py:186} INFO - Started process (PID=670) to work on /opt/airflow/dags/etl_airflow_dag.py
[2025-12-14T14:48:32.111+0000] {processor.py:914} INFO - Processing file /opt/airflow/dags/etl_airflow_dag.py for tasks to queue
[2025-12-14T14:48:32.115+0000] {logging_mixin.py:190} INFO - [2025-12-14T14:48:32.114+0000] {dagbag.py:588} INFO - Filling up the DagBag from /opt/airflow/dags/etl_airflow_dag.py
[2025-12-14T14:48:33.172+0000] {processor.py:925} INFO - DAG(s) 'etl_synthetic_events' retrieved from /opt/airflow/dags/etl_airflow_dag.py
[2025-12-14T14:48:33.217+0000] {logging_mixin.py:190} INFO - [2025-12-14T14:48:33.216+0000] {dag.py:3239} INFO - Sync 1 DAGs
[2025-12-14T14:48:33.240+0000] {logging_mixin.py:190} INFO - [2025-12-14T14:48:33.240+0000] {dag.py:4180} INFO - Setting next_dagrun for etl_synthetic_events to None, run_after=None
[2025-12-14T14:48:33.282+0000] {processor.py:208} INFO - Processing /opt/airflow/dags/etl_airflow_dag.py took 1.190 seconds
[2025-12-14T14:49:03.530+0000] {processor.py:186} INFO - Started process (PID=676) to work on /opt/airflow/dags/etl_airflow_dag.py
[2025-12-14T14:49:03.534+0000] {processor.py:914} INFO - Processing file /opt/airflow/dags/etl_airflow_dag.py for tasks to queue
[2025-12-14T14:49:03.539+0000] {logging_mixin.py:190} INFO - [2025-12-14T14:49:03.538+0000] {dagbag.py:588} INFO - Filling up the DagBag from /opt/airflow/dags/etl_airflow_dag.py
[2025-12-14T14:49:04.634+0000] {processor.py:925} INFO - DAG(s) 'etl_synthetic_events' retrieved from /opt/airflow/dags/etl_airflow_dag.py
[2025-12-14T14:49:04.663+0000] {logging_mixin.py:190} INFO - [2025-12-14T14:49:04.663+0000] {dag.py:3239} INFO - Sync 1 DAGs
[2025-12-14T14:49:04.683+0000] {logging_mixin.py:190} INFO - [2025-12-14T14:49:04.683+0000] {dag.py:4180} INFO - Setting next_dagrun for etl_synthetic_events to None, run_after=None
[2025-12-14T14:49:04.709+0000] {processor.py:208} INFO - Processing /opt/airflow/dags/etl_airflow_dag.py took 1.204 seconds
[2025-12-14T14:49:35.086+0000] {processor.py:186} INFO - Started process (PID=682) to work on /opt/airflow/dags/etl_airflow_dag.py
[2025-12-14T14:49:35.089+0000] {processor.py:914} INFO - Processing file /opt/airflow/dags/etl_airflow_dag.py for tasks to queue
[2025-12-14T14:49:35.092+0000] {logging_mixin.py:190} INFO - [2025-12-14T14:49:35.091+0000] {dagbag.py:588} INFO - Filling up the DagBag from /opt/airflow/dags/etl_airflow_dag.py
[2025-12-14T14:49:35.902+0000] {processor.py:925} INFO - DAG(s) 'etl_synthetic_events' retrieved from /opt/airflow/dags/etl_airflow_dag.py
[2025-12-14T14:49:35.931+0000] {logging_mixin.py:190} INFO - [2025-12-14T14:49:35.931+0000] {dag.py:3239} INFO - Sync 1 DAGs
[2025-12-14T14:49:35.946+0000] {logging_mixin.py:190} INFO - [2025-12-14T14:49:35.946+0000] {dag.py:4180} INFO - Setting next_dagrun for etl_synthetic_events to None, run_after=None
[2025-12-14T14:49:35.975+0000] {processor.py:208} INFO - Processing /opt/airflow/dags/etl_airflow_dag.py took 0.906 seconds
[2025-12-14T14:50:06.424+0000] {processor.py:186} INFO - Started process (PID=688) to work on /opt/airflow/dags/etl_airflow_dag.py
[2025-12-14T14:50:06.427+0000] {processor.py:914} INFO - Processing file /opt/airflow/dags/etl_airflow_dag.py for tasks to queue
[2025-12-14T14:50:06.430+0000] {logging_mixin.py:190} INFO - [2025-12-14T14:50:06.429+0000] {dagbag.py:588} INFO - Filling up the DagBag from /opt/airflow/dags/etl_airflow_dag.py
[2025-12-14T14:50:07.192+0000] {processor.py:925} INFO - DAG(s) 'etl_synthetic_events' retrieved from /opt/airflow/dags/etl_airflow_dag.py
[2025-12-14T14:50:07.221+0000] {logging_mixin.py:190} INFO - [2025-12-14T14:50:07.221+0000] {dag.py:3239} INFO - Sync 1 DAGs
[2025-12-14T14:50:07.236+0000] {logging_mixin.py:190} INFO - [2025-12-14T14:50:07.235+0000] {dag.py:4180} INFO - Setting next_dagrun for etl_synthetic_events to None, run_after=None
[2025-12-14T14:50:07.264+0000] {processor.py:208} INFO - Processing /opt/airflow/dags/etl_airflow_dag.py took 0.850 seconds
[2025-12-14T14:50:37.679+0000] {processor.py:186} INFO - Started process (PID=694) to work on /opt/airflow/dags/etl_airflow_dag.py
[2025-12-14T14:50:37.682+0000] {processor.py:914} INFO - Processing file /opt/airflow/dags/etl_airflow_dag.py for tasks to queue
[2025-12-14T14:50:37.686+0000] {logging_mixin.py:190} INFO - [2025-12-14T14:50:37.685+0000] {dagbag.py:588} INFO - Filling up the DagBag from /opt/airflow/dags/etl_airflow_dag.py
[2025-12-14T14:50:38.483+0000] {processor.py:925} INFO - DAG(s) 'etl_synthetic_events' retrieved from /opt/airflow/dags/etl_airflow_dag.py
[2025-12-14T14:50:38.513+0000] {logging_mixin.py:190} INFO - [2025-12-14T14:50:38.512+0000] {dag.py:3239} INFO - Sync 1 DAGs
[2025-12-14T14:50:38.529+0000] {logging_mixin.py:190} INFO - [2025-12-14T14:50:38.529+0000] {dag.py:4180} INFO - Setting next_dagrun for etl_synthetic_events to None, run_after=None
[2025-12-14T14:50:38.557+0000] {processor.py:208} INFO - Processing /opt/airflow/dags/etl_airflow_dag.py took 0.892 seconds
[2025-12-14T14:51:08.989+0000] {processor.py:186} INFO - Started process (PID=700) to work on /opt/airflow/dags/etl_airflow_dag.py
[2025-12-14T14:51:08.992+0000] {processor.py:914} INFO - Processing file /opt/airflow/dags/etl_airflow_dag.py for tasks to queue
[2025-12-14T14:51:08.995+0000] {logging_mixin.py:190} INFO - [2025-12-14T14:51:08.995+0000] {dagbag.py:588} INFO - Filling up the DagBag from /opt/airflow/dags/etl_airflow_dag.py
[2025-12-14T14:51:09.997+0000] {processor.py:925} INFO - DAG(s) 'etl_synthetic_events' retrieved from /opt/airflow/dags/etl_airflow_dag.py
[2025-12-14T14:51:10.034+0000] {logging_mixin.py:190} INFO - [2025-12-14T14:51:10.033+0000] {dag.py:3239} INFO - Sync 1 DAGs
[2025-12-14T14:51:10.052+0000] {logging_mixin.py:190} INFO - [2025-12-14T14:51:10.052+0000] {dag.py:4180} INFO - Setting next_dagrun for etl_synthetic_events to None, run_after=None
[2025-12-14T14:51:10.087+0000] {processor.py:208} INFO - Processing /opt/airflow/dags/etl_airflow_dag.py took 1.114 seconds
[2025-12-14T14:51:40.503+0000] {processor.py:186} INFO - Started process (PID=706) to work on /opt/airflow/dags/etl_airflow_dag.py
[2025-12-14T14:51:40.506+0000] {processor.py:914} INFO - Processing file /opt/airflow/dags/etl_airflow_dag.py for tasks to queue
[2025-12-14T14:51:40.509+0000] {logging_mixin.py:190} INFO - [2025-12-14T14:51:40.508+0000] {dagbag.py:588} INFO - Filling up the DagBag from /opt/airflow/dags/etl_airflow_dag.py
[2025-12-14T14:51:41.430+0000] {processor.py:925} INFO - DAG(s) 'etl_synthetic_events' retrieved from /opt/airflow/dags/etl_airflow_dag.py
[2025-12-14T14:51:41.463+0000] {logging_mixin.py:190} INFO - [2025-12-14T14:51:41.462+0000] {dag.py:3239} INFO - Sync 1 DAGs
[2025-12-14T14:51:41.483+0000] {logging_mixin.py:190} INFO - [2025-12-14T14:51:41.483+0000] {dag.py:4180} INFO - Setting next_dagrun for etl_synthetic_events to None, run_after=None
[2025-12-14T14:51:41.515+0000] {processor.py:208} INFO - Processing /opt/airflow/dags/etl_airflow_dag.py took 1.032 seconds
[2025-12-14T14:52:11.967+0000] {processor.py:186} INFO - Started process (PID=712) to work on /opt/airflow/dags/etl_airflow_dag.py
[2025-12-14T14:52:11.971+0000] {processor.py:914} INFO - Processing file /opt/airflow/dags/etl_airflow_dag.py for tasks to queue
[2025-12-14T14:52:11.974+0000] {logging_mixin.py:190} INFO - [2025-12-14T14:52:11.973+0000] {dagbag.py:588} INFO - Filling up the DagBag from /opt/airflow/dags/etl_airflow_dag.py
[2025-12-14T14:52:12.833+0000] {processor.py:925} INFO - DAG(s) 'etl_synthetic_events' retrieved from /opt/airflow/dags/etl_airflow_dag.py
[2025-12-14T14:52:12.864+0000] {logging_mixin.py:190} INFO - [2025-12-14T14:52:12.863+0000] {dag.py:3239} INFO - Sync 1 DAGs
[2025-12-14T14:52:12.884+0000] {logging_mixin.py:190} INFO - [2025-12-14T14:52:12.883+0000] {dag.py:4180} INFO - Setting next_dagrun for etl_synthetic_events to None, run_after=None
[2025-12-14T14:52:12.916+0000] {processor.py:208} INFO - Processing /opt/airflow/dags/etl_airflow_dag.py took 0.960 seconds
[2025-12-14T14:52:43.333+0000] {processor.py:186} INFO - Started process (PID=718) to work on /opt/airflow/dags/etl_airflow_dag.py
[2025-12-14T14:52:43.335+0000] {processor.py:914} INFO - Processing file /opt/airflow/dags/etl_airflow_dag.py for tasks to queue
[2025-12-14T14:52:43.338+0000] {logging_mixin.py:190} INFO - [2025-12-14T14:52:43.337+0000] {dagbag.py:588} INFO - Filling up the DagBag from /opt/airflow/dags/etl_airflow_dag.py
[2025-12-14T14:52:44.373+0000] {processor.py:925} INFO - DAG(s) 'etl_synthetic_events' retrieved from /opt/airflow/dags/etl_airflow_dag.py
[2025-12-14T14:52:44.409+0000] {logging_mixin.py:190} INFO - [2025-12-14T14:52:44.408+0000] {dag.py:3239} INFO - Sync 1 DAGs
[2025-12-14T14:52:44.426+0000] {logging_mixin.py:190} INFO - [2025-12-14T14:52:44.426+0000] {dag.py:4180} INFO - Setting next_dagrun for etl_synthetic_events to None, run_after=None
[2025-12-14T14:52:44.456+0000] {processor.py:208} INFO - Processing /opt/airflow/dags/etl_airflow_dag.py took 1.133 seconds
[2025-12-14T14:53:14.685+0000] {processor.py:186} INFO - Started process (PID=724) to work on /opt/airflow/dags/etl_airflow_dag.py
[2025-12-14T14:53:14.687+0000] {processor.py:914} INFO - Processing file /opt/airflow/dags/etl_airflow_dag.py for tasks to queue
[2025-12-14T14:53:14.690+0000] {logging_mixin.py:190} INFO - [2025-12-14T14:53:14.690+0000] {dagbag.py:588} INFO - Filling up the DagBag from /opt/airflow/dags/etl_airflow_dag.py
[2025-12-14T14:53:15.516+0000] {processor.py:925} INFO - DAG(s) 'etl_synthetic_events' retrieved from /opt/airflow/dags/etl_airflow_dag.py
[2025-12-14T14:53:15.547+0000] {logging_mixin.py:190} INFO - [2025-12-14T14:53:15.547+0000] {dag.py:3239} INFO - Sync 1 DAGs
[2025-12-14T14:53:15.563+0000] {logging_mixin.py:190} INFO - [2025-12-14T14:53:15.563+0000] {dag.py:4180} INFO - Setting next_dagrun for etl_synthetic_events to None, run_after=None
[2025-12-14T14:53:15.592+0000] {processor.py:208} INFO - Processing /opt/airflow/dags/etl_airflow_dag.py took 0.918 seconds
[2025-12-14T14:53:35.058+0000] {processor.py:186} INFO - Started process (PID=730) to work on /opt/airflow/dags/etl_airflow_dag.py
[2025-12-14T14:53:35.060+0000] {processor.py:914} INFO - Processing file /opt/airflow/dags/etl_airflow_dag.py for tasks to queue
[2025-12-14T14:53:35.063+0000] {logging_mixin.py:190} INFO - [2025-12-14T14:53:35.063+0000] {dagbag.py:588} INFO - Filling up the DagBag from /opt/airflow/dags/etl_airflow_dag.py
[2025-12-14T14:53:35.095+0000] {logging_mixin.py:190} INFO - [2025-12-14T14:53:35.092+0000] {dagbag.py:387} ERROR - Failed to import: /opt/airflow/dags/etl_airflow_dag.py
Traceback (most recent call last):
  File "/home/airflow/.local/lib/python3.12/site-packages/airflow/models/dagbag.py", line 383, in parse
    loader.exec_module(new_module)
  File "<frozen importlib._bootstrap_external>", line 991, in exec_module
  File "<frozen importlib._bootstrap_external>", line 1129, in get_code
  File "<frozen importlib._bootstrap_external>", line 1059, in source_to_code
  File "<frozen importlib._bootstrap>", line 488, in _call_with_frames_removed
  File "/opt/airflow/dags/etl_airflow_dag.py", line 89
    INPUT_PATH = "    INPUT_PATH = "/opt/airflow/shared/synthetic_events.csv"
                                                                            ^
SyntaxError: unterminated string literal (detected at line 89)
[2025-12-14T14:53:35.097+0000] {processor.py:927} WARNING - No viable dags retrieved from /opt/airflow/dags/etl_airflow_dag.py
[2025-12-14T14:53:35.142+0000] {processor.py:208} INFO - Processing /opt/airflow/dags/etl_airflow_dag.py took 0.096 seconds
[2025-12-14T14:53:38.148+0000] {processor.py:186} INFO - Started process (PID=735) to work on /opt/airflow/dags/etl_airflow_dag.py
[2025-12-14T14:53:38.150+0000] {processor.py:914} INFO - Processing file /opt/airflow/dags/etl_airflow_dag.py for tasks to queue
[2025-12-14T14:53:38.153+0000] {logging_mixin.py:190} INFO - [2025-12-14T14:53:38.153+0000] {dagbag.py:588} INFO - Filling up the DagBag from /opt/airflow/dags/etl_airflow_dag.py
[2025-12-14T14:53:39.035+0000] {processor.py:925} INFO - DAG(s) 'etl_synthetic_events' retrieved from /opt/airflow/dags/etl_airflow_dag.py
[2025-12-14T14:53:39.232+0000] {logging_mixin.py:190} INFO - [2025-12-14T14:53:39.232+0000] {dag.py:3239} INFO - Sync 1 DAGs
[2025-12-14T14:53:39.249+0000] {logging_mixin.py:190} INFO - [2025-12-14T14:53:39.248+0000] {dag.py:4180} INFO - Setting next_dagrun for etl_synthetic_events to None, run_after=None
[2025-12-14T14:53:39.284+0000] {processor.py:208} INFO - Processing /opt/airflow/dags/etl_airflow_dag.py took 1.150 seconds
[2025-12-14T14:53:48.404+0000] {processor.py:186} INFO - Started process (PID=741) to work on /opt/airflow/dags/etl_airflow_dag.py
[2025-12-14T14:53:48.406+0000] {processor.py:914} INFO - Processing file /opt/airflow/dags/etl_airflow_dag.py for tasks to queue
[2025-12-14T14:53:48.409+0000] {logging_mixin.py:190} INFO - [2025-12-14T14:53:48.408+0000] {dagbag.py:588} INFO - Filling up the DagBag from /opt/airflow/dags/etl_airflow_dag.py
[2025-12-14T14:53:49.375+0000] {processor.py:925} INFO - DAG(s) 'etl_synthetic_events' retrieved from /opt/airflow/dags/etl_airflow_dag.py
[2025-12-14T14:53:49.396+0000] {logging_mixin.py:190} INFO - [2025-12-14T14:53:49.395+0000] {dag.py:3239} INFO - Sync 1 DAGs
[2025-12-14T14:53:49.412+0000] {logging_mixin.py:190} INFO - [2025-12-14T14:53:49.412+0000] {dag.py:4180} INFO - Setting next_dagrun for etl_synthetic_events to None, run_after=None
[2025-12-14T14:53:49.450+0000] {processor.py:208} INFO - Processing /opt/airflow/dags/etl_airflow_dag.py took 1.057 seconds
[2025-12-14T14:54:19.907+0000] {processor.py:186} INFO - Started process (PID=747) to work on /opt/airflow/dags/etl_airflow_dag.py
[2025-12-14T14:54:19.911+0000] {processor.py:914} INFO - Processing file /opt/airflow/dags/etl_airflow_dag.py for tasks to queue
[2025-12-14T14:54:19.914+0000] {logging_mixin.py:190} INFO - [2025-12-14T14:54:19.913+0000] {dagbag.py:588} INFO - Filling up the DagBag from /opt/airflow/dags/etl_airflow_dag.py
[2025-12-14T14:54:20.981+0000] {processor.py:925} INFO - DAG(s) 'etl_synthetic_events' retrieved from /opt/airflow/dags/etl_airflow_dag.py
[2025-12-14T14:54:21.201+0000] {logging_mixin.py:190} INFO - [2025-12-14T14:54:21.200+0000] {dag.py:3239} INFO - Sync 1 DAGs
[2025-12-14T14:54:21.220+0000] {logging_mixin.py:190} INFO - [2025-12-14T14:54:21.219+0000] {dag.py:4180} INFO - Setting next_dagrun for etl_synthetic_events to None, run_after=None
[2025-12-14T14:54:21.257+0000] {processor.py:208} INFO - Processing /opt/airflow/dags/etl_airflow_dag.py took 1.362 seconds
[2025-12-14T14:54:51.668+0000] {processor.py:186} INFO - Started process (PID=753) to work on /opt/airflow/dags/etl_airflow_dag.py
[2025-12-14T14:54:51.670+0000] {processor.py:914} INFO - Processing file /opt/airflow/dags/etl_airflow_dag.py for tasks to queue
[2025-12-14T14:54:51.673+0000] {logging_mixin.py:190} INFO - [2025-12-14T14:54:51.672+0000] {dagbag.py:588} INFO - Filling up the DagBag from /opt/airflow/dags/etl_airflow_dag.py
[2025-12-14T14:54:52.586+0000] {processor.py:925} INFO - DAG(s) 'etl_synthetic_events' retrieved from /opt/airflow/dags/etl_airflow_dag.py
[2025-12-14T14:54:52.628+0000] {logging_mixin.py:190} INFO - [2025-12-14T14:54:52.628+0000] {dag.py:3239} INFO - Sync 1 DAGs
[2025-12-14T14:54:52.656+0000] {logging_mixin.py:190} INFO - [2025-12-14T14:54:52.656+0000] {dag.py:4180} INFO - Setting next_dagrun for etl_synthetic_events to None, run_after=None
[2025-12-14T14:54:52.691+0000] {processor.py:208} INFO - Processing /opt/airflow/dags/etl_airflow_dag.py took 1.036 seconds
[2025-12-14T14:55:23.028+0000] {processor.py:186} INFO - Started process (PID=759) to work on /opt/airflow/dags/etl_airflow_dag.py
[2025-12-14T14:55:23.033+0000] {processor.py:914} INFO - Processing file /opt/airflow/dags/etl_airflow_dag.py for tasks to queue
[2025-12-14T14:55:23.036+0000] {logging_mixin.py:190} INFO - [2025-12-14T14:55:23.035+0000] {dagbag.py:588} INFO - Filling up the DagBag from /opt/airflow/dags/etl_airflow_dag.py
[2025-12-14T14:55:23.981+0000] {processor.py:925} INFO - DAG(s) 'etl_synthetic_events' retrieved from /opt/airflow/dags/etl_airflow_dag.py
[2025-12-14T14:55:24.037+0000] {logging_mixin.py:190} INFO - [2025-12-14T14:55:24.036+0000] {dag.py:3239} INFO - Sync 1 DAGs
[2025-12-14T14:55:24.062+0000] {logging_mixin.py:190} INFO - [2025-12-14T14:55:24.061+0000] {dag.py:4180} INFO - Setting next_dagrun for etl_synthetic_events to None, run_after=None
[2025-12-14T14:55:24.118+0000] {processor.py:208} INFO - Processing /opt/airflow/dags/etl_airflow_dag.py took 1.103 seconds
[2025-12-14T14:55:54.533+0000] {processor.py:186} INFO - Started process (PID=785) to work on /opt/airflow/dags/etl_airflow_dag.py
[2025-12-14T14:55:54.536+0000] {processor.py:914} INFO - Processing file /opt/airflow/dags/etl_airflow_dag.py for tasks to queue
[2025-12-14T14:55:54.539+0000] {logging_mixin.py:190} INFO - [2025-12-14T14:55:54.538+0000] {dagbag.py:588} INFO - Filling up the DagBag from /opt/airflow/dags/etl_airflow_dag.py
[2025-12-14T14:55:55.631+0000] {processor.py:925} INFO - DAG(s) 'etl_synthetic_events' retrieved from /opt/airflow/dags/etl_airflow_dag.py
[2025-12-14T14:55:55.676+0000] {logging_mixin.py:190} INFO - [2025-12-14T14:55:55.675+0000] {dag.py:3239} INFO - Sync 1 DAGs
[2025-12-14T14:55:55.700+0000] {logging_mixin.py:190} INFO - [2025-12-14T14:55:55.699+0000] {dag.py:4180} INFO - Setting next_dagrun for etl_synthetic_events to None, run_after=None
[2025-12-14T14:55:55.743+0000] {processor.py:208} INFO - Processing /opt/airflow/dags/etl_airflow_dag.py took 1.226 seconds
[2025-12-14T14:56:25.941+0000] {processor.py:186} INFO - Started process (PID=811) to work on /opt/airflow/dags/etl_airflow_dag.py
[2025-12-14T14:56:25.944+0000] {processor.py:914} INFO - Processing file /opt/airflow/dags/etl_airflow_dag.py for tasks to queue
[2025-12-14T14:56:25.948+0000] {logging_mixin.py:190} INFO - [2025-12-14T14:56:25.947+0000] {dagbag.py:588} INFO - Filling up the DagBag from /opt/airflow/dags/etl_airflow_dag.py
[2025-12-14T14:56:26.764+0000] {processor.py:925} INFO - DAG(s) 'etl_synthetic_events' retrieved from /opt/airflow/dags/etl_airflow_dag.py
[2025-12-14T14:56:26.796+0000] {logging_mixin.py:190} INFO - [2025-12-14T14:56:26.795+0000] {dag.py:3239} INFO - Sync 1 DAGs
[2025-12-14T14:56:26.816+0000] {logging_mixin.py:190} INFO - [2025-12-14T14:56:26.816+0000] {dag.py:4180} INFO - Setting next_dagrun for etl_synthetic_events to None, run_after=None
[2025-12-14T14:56:26.843+0000] {processor.py:208} INFO - Processing /opt/airflow/dags/etl_airflow_dag.py took 0.917 seconds
[2025-12-14T14:56:57.300+0000] {processor.py:186} INFO - Started process (PID=817) to work on /opt/airflow/dags/etl_airflow_dag.py
[2025-12-14T14:56:57.303+0000] {processor.py:914} INFO - Processing file /opt/airflow/dags/etl_airflow_dag.py for tasks to queue
[2025-12-14T14:56:57.305+0000] {logging_mixin.py:190} INFO - [2025-12-14T14:56:57.305+0000] {dagbag.py:588} INFO - Filling up the DagBag from /opt/airflow/dags/etl_airflow_dag.py
[2025-12-14T14:56:58.184+0000] {processor.py:925} INFO - DAG(s) 'etl_synthetic_events' retrieved from /opt/airflow/dags/etl_airflow_dag.py
[2025-12-14T14:56:58.218+0000] {logging_mixin.py:190} INFO - [2025-12-14T14:56:58.217+0000] {dag.py:3239} INFO - Sync 1 DAGs
[2025-12-14T14:56:58.236+0000] {logging_mixin.py:190} INFO - [2025-12-14T14:56:58.236+0000] {dag.py:4180} INFO - Setting next_dagrun for etl_synthetic_events to None, run_after=None
[2025-12-14T14:56:58.267+0000] {processor.py:208} INFO - Processing /opt/airflow/dags/etl_airflow_dag.py took 0.980 seconds
[2025-12-14T14:57:28.772+0000] {processor.py:186} INFO - Started process (PID=823) to work on /opt/airflow/dags/etl_airflow_dag.py
[2025-12-14T14:57:28.775+0000] {processor.py:914} INFO - Processing file /opt/airflow/dags/etl_airflow_dag.py for tasks to queue
[2025-12-14T14:57:28.779+0000] {logging_mixin.py:190} INFO - [2025-12-14T14:57:28.778+0000] {dagbag.py:588} INFO - Filling up the DagBag from /opt/airflow/dags/etl_airflow_dag.py
[2025-12-14T14:57:29.720+0000] {processor.py:925} INFO - DAG(s) 'etl_synthetic_events' retrieved from /opt/airflow/dags/etl_airflow_dag.py
[2025-12-14T14:57:29.757+0000] {logging_mixin.py:190} INFO - [2025-12-14T14:57:29.756+0000] {dag.py:3239} INFO - Sync 1 DAGs
[2025-12-14T14:57:29.774+0000] {logging_mixin.py:190} INFO - [2025-12-14T14:57:29.773+0000] {dag.py:4180} INFO - Setting next_dagrun for etl_synthetic_events to None, run_after=None
[2025-12-14T14:57:29.802+0000] {processor.py:208} INFO - Processing /opt/airflow/dags/etl_airflow_dag.py took 1.048 seconds
[2025-12-14T14:58:00.105+0000] {processor.py:186} INFO - Started process (PID=829) to work on /opt/airflow/dags/etl_airflow_dag.py
[2025-12-14T14:58:00.107+0000] {processor.py:914} INFO - Processing file /opt/airflow/dags/etl_airflow_dag.py for tasks to queue
[2025-12-14T14:58:00.110+0000] {logging_mixin.py:190} INFO - [2025-12-14T14:58:00.109+0000] {dagbag.py:588} INFO - Filling up the DagBag from /opt/airflow/dags/etl_airflow_dag.py
[2025-12-14T14:58:00.933+0000] {processor.py:925} INFO - DAG(s) 'etl_synthetic_events' retrieved from /opt/airflow/dags/etl_airflow_dag.py
[2025-12-14T14:58:00.965+0000] {logging_mixin.py:190} INFO - [2025-12-14T14:58:00.964+0000] {dag.py:3239} INFO - Sync 1 DAGs
[2025-12-14T14:58:00.982+0000] {logging_mixin.py:190} INFO - [2025-12-14T14:58:00.982+0000] {dag.py:4180} INFO - Setting next_dagrun for etl_synthetic_events to None, run_after=None
[2025-12-14T14:58:01.010+0000] {processor.py:208} INFO - Processing /opt/airflow/dags/etl_airflow_dag.py took 0.916 seconds
[2025-12-14T14:58:31.507+0000] {processor.py:186} INFO - Started process (PID=835) to work on /opt/airflow/dags/etl_airflow_dag.py
[2025-12-14T14:58:31.509+0000] {processor.py:914} INFO - Processing file /opt/airflow/dags/etl_airflow_dag.py for tasks to queue
[2025-12-14T14:58:31.512+0000] {logging_mixin.py:190} INFO - [2025-12-14T14:58:31.511+0000] {dagbag.py:588} INFO - Filling up the DagBag from /opt/airflow/dags/etl_airflow_dag.py
[2025-12-14T14:58:32.388+0000] {processor.py:925} INFO - DAG(s) 'etl_synthetic_events' retrieved from /opt/airflow/dags/etl_airflow_dag.py
[2025-12-14T14:58:32.432+0000] {logging_mixin.py:190} INFO - [2025-12-14T14:58:32.432+0000] {dag.py:3239} INFO - Sync 1 DAGs
[2025-12-14T14:58:32.457+0000] {logging_mixin.py:190} INFO - [2025-12-14T14:58:32.456+0000] {dag.py:4180} INFO - Setting next_dagrun for etl_synthetic_events to None, run_after=None
[2025-12-14T14:58:32.490+0000] {processor.py:208} INFO - Processing /opt/airflow/dags/etl_airflow_dag.py took 0.994 seconds
[2025-12-14T14:59:02.888+0000] {processor.py:186} INFO - Started process (PID=841) to work on /opt/airflow/dags/etl_airflow_dag.py
[2025-12-14T14:59:02.890+0000] {processor.py:914} INFO - Processing file /opt/airflow/dags/etl_airflow_dag.py for tasks to queue
[2025-12-14T14:59:02.892+0000] {logging_mixin.py:190} INFO - [2025-12-14T14:59:02.891+0000] {dagbag.py:588} INFO - Filling up the DagBag from /opt/airflow/dags/etl_airflow_dag.py
[2025-12-14T14:59:03.724+0000] {processor.py:925} INFO - DAG(s) 'etl_synthetic_events' retrieved from /opt/airflow/dags/etl_airflow_dag.py
[2025-12-14T14:59:03.755+0000] {logging_mixin.py:190} INFO - [2025-12-14T14:59:03.754+0000] {dag.py:3239} INFO - Sync 1 DAGs
[2025-12-14T14:59:03.772+0000] {logging_mixin.py:190} INFO - [2025-12-14T14:59:03.771+0000] {dag.py:4180} INFO - Setting next_dagrun for etl_synthetic_events to None, run_after=None
[2025-12-14T14:59:03.799+0000] {processor.py:208} INFO - Processing /opt/airflow/dags/etl_airflow_dag.py took 0.922 seconds
[2025-12-14T14:59:34.280+0000] {processor.py:186} INFO - Started process (PID=847) to work on /opt/airflow/dags/etl_airflow_dag.py
[2025-12-14T14:59:34.283+0000] {processor.py:914} INFO - Processing file /opt/airflow/dags/etl_airflow_dag.py for tasks to queue
[2025-12-14T14:59:34.287+0000] {logging_mixin.py:190} INFO - [2025-12-14T14:59:34.286+0000] {dagbag.py:588} INFO - Filling up the DagBag from /opt/airflow/dags/etl_airflow_dag.py
[2025-12-14T14:59:35.265+0000] {processor.py:925} INFO - DAG(s) 'etl_synthetic_events' retrieved from /opt/airflow/dags/etl_airflow_dag.py
[2025-12-14T14:59:35.295+0000] {logging_mixin.py:190} INFO - [2025-12-14T14:59:35.294+0000] {dag.py:3239} INFO - Sync 1 DAGs
[2025-12-14T14:59:35.312+0000] {logging_mixin.py:190} INFO - [2025-12-14T14:59:35.312+0000] {dag.py:4180} INFO - Setting next_dagrun for etl_synthetic_events to None, run_after=None
[2025-12-14T14:59:35.340+0000] {processor.py:208} INFO - Processing /opt/airflow/dags/etl_airflow_dag.py took 1.079 seconds
[2025-12-14T15:00:05.659+0000] {processor.py:186} INFO - Started process (PID=853) to work on /opt/airflow/dags/etl_airflow_dag.py
[2025-12-14T15:00:05.662+0000] {processor.py:914} INFO - Processing file /opt/airflow/dags/etl_airflow_dag.py for tasks to queue
[2025-12-14T15:00:05.665+0000] {logging_mixin.py:190} INFO - [2025-12-14T15:00:05.664+0000] {dagbag.py:588} INFO - Filling up the DagBag from /opt/airflow/dags/etl_airflow_dag.py
[2025-12-14T15:00:06.521+0000] {processor.py:925} INFO - DAG(s) 'etl_synthetic_events' retrieved from /opt/airflow/dags/etl_airflow_dag.py
[2025-12-14T15:00:06.555+0000] {logging_mixin.py:190} INFO - [2025-12-14T15:00:06.555+0000] {dag.py:3239} INFO - Sync 1 DAGs
[2025-12-14T15:00:06.573+0000] {logging_mixin.py:190} INFO - [2025-12-14T15:00:06.572+0000] {dag.py:4180} INFO - Setting next_dagrun for etl_synthetic_events to None, run_after=None
[2025-12-14T15:00:06.602+0000] {processor.py:208} INFO - Processing /opt/airflow/dags/etl_airflow_dag.py took 0.954 seconds
[2025-12-14T15:00:37.038+0000] {processor.py:186} INFO - Started process (PID=859) to work on /opt/airflow/dags/etl_airflow_dag.py
[2025-12-14T15:00:37.040+0000] {processor.py:914} INFO - Processing file /opt/airflow/dags/etl_airflow_dag.py for tasks to queue
[2025-12-14T15:00:37.043+0000] {logging_mixin.py:190} INFO - [2025-12-14T15:00:37.042+0000] {dagbag.py:588} INFO - Filling up the DagBag from /opt/airflow/dags/etl_airflow_dag.py
[2025-12-14T15:00:37.875+0000] {processor.py:925} INFO - DAG(s) 'etl_synthetic_events' retrieved from /opt/airflow/dags/etl_airflow_dag.py
[2025-12-14T15:00:37.904+0000] {logging_mixin.py:190} INFO - [2025-12-14T15:00:37.904+0000] {dag.py:3239} INFO - Sync 1 DAGs
[2025-12-14T15:00:37.918+0000] {logging_mixin.py:190} INFO - [2025-12-14T15:00:37.918+0000] {dag.py:4180} INFO - Setting next_dagrun for etl_synthetic_events to None, run_after=None
[2025-12-14T15:00:37.944+0000] {processor.py:208} INFO - Processing /opt/airflow/dags/etl_airflow_dag.py took 0.919 seconds
[2025-12-14T15:01:08.369+0000] {processor.py:186} INFO - Started process (PID=865) to work on /opt/airflow/dags/etl_airflow_dag.py
[2025-12-14T15:01:08.372+0000] {processor.py:914} INFO - Processing file /opt/airflow/dags/etl_airflow_dag.py for tasks to queue
[2025-12-14T15:01:08.374+0000] {logging_mixin.py:190} INFO - [2025-12-14T15:01:08.374+0000] {dagbag.py:588} INFO - Filling up the DagBag from /opt/airflow/dags/etl_airflow_dag.py
[2025-12-14T15:01:09.168+0000] {processor.py:925} INFO - DAG(s) 'etl_synthetic_events' retrieved from /opt/airflow/dags/etl_airflow_dag.py
[2025-12-14T15:01:09.199+0000] {logging_mixin.py:190} INFO - [2025-12-14T15:01:09.199+0000] {dag.py:3239} INFO - Sync 1 DAGs
[2025-12-14T15:01:09.216+0000] {logging_mixin.py:190} INFO - [2025-12-14T15:01:09.216+0000] {dag.py:4180} INFO - Setting next_dagrun for etl_synthetic_events to None, run_after=None
[2025-12-14T15:01:09.244+0000] {processor.py:208} INFO - Processing /opt/airflow/dags/etl_airflow_dag.py took 0.887 seconds
[2025-12-14T15:01:39.671+0000] {processor.py:186} INFO - Started process (PID=871) to work on /opt/airflow/dags/etl_airflow_dag.py
[2025-12-14T15:01:39.674+0000] {processor.py:914} INFO - Processing file /opt/airflow/dags/etl_airflow_dag.py for tasks to queue
[2025-12-14T15:01:39.677+0000] {logging_mixin.py:190} INFO - [2025-12-14T15:01:39.676+0000] {dagbag.py:588} INFO - Filling up the DagBag from /opt/airflow/dags/etl_airflow_dag.py
[2025-12-14T15:01:40.580+0000] {processor.py:925} INFO - DAG(s) 'etl_synthetic_events' retrieved from /opt/airflow/dags/etl_airflow_dag.py
[2025-12-14T15:01:40.615+0000] {logging_mixin.py:190} INFO - [2025-12-14T15:01:40.615+0000] {dag.py:3239} INFO - Sync 1 DAGs
[2025-12-14T15:01:40.635+0000] {logging_mixin.py:190} INFO - [2025-12-14T15:01:40.635+0000] {dag.py:4180} INFO - Setting next_dagrun for etl_synthetic_events to None, run_after=None
[2025-12-14T15:01:40.664+0000] {processor.py:208} INFO - Processing /opt/airflow/dags/etl_airflow_dag.py took 1.004 seconds
[2025-12-14T15:02:11.117+0000] {processor.py:186} INFO - Started process (PID=877) to work on /opt/airflow/dags/etl_airflow_dag.py
[2025-12-14T15:02:11.119+0000] {processor.py:914} INFO - Processing file /opt/airflow/dags/etl_airflow_dag.py for tasks to queue
[2025-12-14T15:02:11.121+0000] {logging_mixin.py:190} INFO - [2025-12-14T15:02:11.121+0000] {dagbag.py:588} INFO - Filling up the DagBag from /opt/airflow/dags/etl_airflow_dag.py
[2025-12-14T15:02:11.931+0000] {processor.py:925} INFO - DAG(s) 'etl_synthetic_events' retrieved from /opt/airflow/dags/etl_airflow_dag.py
[2025-12-14T15:02:11.960+0000] {logging_mixin.py:190} INFO - [2025-12-14T15:02:11.959+0000] {dag.py:3239} INFO - Sync 1 DAGs
[2025-12-14T15:02:11.977+0000] {logging_mixin.py:190} INFO - [2025-12-14T15:02:11.976+0000] {dag.py:4180} INFO - Setting next_dagrun for etl_synthetic_events to None, run_after=None
[2025-12-14T15:02:12.002+0000] {processor.py:208} INFO - Processing /opt/airflow/dags/etl_airflow_dag.py took 0.896 seconds
[2025-12-14T15:02:42.432+0000] {processor.py:186} INFO - Started process (PID=883) to work on /opt/airflow/dags/etl_airflow_dag.py
[2025-12-14T15:02:42.435+0000] {processor.py:914} INFO - Processing file /opt/airflow/dags/etl_airflow_dag.py for tasks to queue
[2025-12-14T15:02:42.438+0000] {logging_mixin.py:190} INFO - [2025-12-14T15:02:42.438+0000] {dagbag.py:588} INFO - Filling up the DagBag from /opt/airflow/dags/etl_airflow_dag.py
[2025-12-14T15:02:43.246+0000] {processor.py:925} INFO - DAG(s) 'etl_synthetic_events' retrieved from /opt/airflow/dags/etl_airflow_dag.py
[2025-12-14T15:02:43.279+0000] {logging_mixin.py:190} INFO - [2025-12-14T15:02:43.278+0000] {dag.py:3239} INFO - Sync 1 DAGs
[2025-12-14T15:02:43.303+0000] {logging_mixin.py:190} INFO - [2025-12-14T15:02:43.303+0000] {dag.py:4180} INFO - Setting next_dagrun for etl_synthetic_events to None, run_after=None
[2025-12-14T15:02:43.337+0000] {processor.py:208} INFO - Processing /opt/airflow/dags/etl_airflow_dag.py took 0.918 seconds
[2025-12-14T15:03:14.008+0000] {processor.py:186} INFO - Started process (PID=889) to work on /opt/airflow/dags/etl_airflow_dag.py
[2025-12-14T15:03:14.014+0000] {processor.py:914} INFO - Processing file /opt/airflow/dags/etl_airflow_dag.py for tasks to queue
[2025-12-14T15:03:14.020+0000] {logging_mixin.py:190} INFO - [2025-12-14T15:03:14.019+0000] {dagbag.py:588} INFO - Filling up the DagBag from /opt/airflow/dags/etl_airflow_dag.py
[2025-12-14T15:03:16.108+0000] {processor.py:925} INFO - DAG(s) 'etl_synthetic_events' retrieved from /opt/airflow/dags/etl_airflow_dag.py
[2025-12-14T15:03:16.179+0000] {logging_mixin.py:190} INFO - [2025-12-14T15:03:16.178+0000] {dag.py:3239} INFO - Sync 1 DAGs
[2025-12-14T15:03:16.214+0000] {logging_mixin.py:190} INFO - [2025-12-14T15:03:16.213+0000] {dag.py:4180} INFO - Setting next_dagrun for etl_synthetic_events to None, run_after=None
[2025-12-14T15:03:16.277+0000] {processor.py:208} INFO - Processing /opt/airflow/dags/etl_airflow_dag.py took 2.322 seconds
[2025-12-14T15:03:39.777+0000] {processor.py:186} INFO - Started process (PID=895) to work on /opt/airflow/dags/etl_airflow_dag.py
[2025-12-14T15:03:39.779+0000] {processor.py:914} INFO - Processing file /opt/airflow/dags/etl_airflow_dag.py for tasks to queue
[2025-12-14T15:03:39.782+0000] {logging_mixin.py:190} INFO - [2025-12-14T15:03:39.781+0000] {dagbag.py:588} INFO - Filling up the DagBag from /opt/airflow/dags/etl_airflow_dag.py
[2025-12-14T15:03:39.797+0000] {logging_mixin.py:190} INFO - [2025-12-14T15:03:39.796+0000] {dagbag.py:366} INFO - File /opt/airflow/dags/etl_airflow_dag.py assumed to contain no DAGs. Skipping.
[2025-12-14T15:03:39.798+0000] {processor.py:927} WARNING - No viable dags retrieved from /opt/airflow/dags/etl_airflow_dag.py
[2025-12-14T15:03:39.832+0000] {processor.py:208} INFO - Processing /opt/airflow/dags/etl_airflow_dag.py took 0.069 seconds
[2025-12-14T15:03:41.813+0000] {processor.py:186} INFO - Started process (PID=900) to work on /opt/airflow/dags/etl_airflow_dag.py
[2025-12-14T15:03:41.815+0000] {processor.py:914} INFO - Processing file /opt/airflow/dags/etl_airflow_dag.py for tasks to queue
[2025-12-14T15:03:41.818+0000] {logging_mixin.py:190} INFO - [2025-12-14T15:03:41.817+0000] {dagbag.py:588} INFO - Filling up the DagBag from /opt/airflow/dags/etl_airflow_dag.py
[2025-12-14T15:03:42.857+0000] {processor.py:925} INFO - DAG(s) 'etl_synthetic_events' retrieved from /opt/airflow/dags/etl_airflow_dag.py
[2025-12-14T15:03:43.054+0000] {logging_mixin.py:190} INFO - [2025-12-14T15:03:43.053+0000] {dag.py:3239} INFO - Sync 1 DAGs
[2025-12-14T15:03:43.070+0000] {logging_mixin.py:190} INFO - [2025-12-14T15:03:43.069+0000] {dag.py:4180} INFO - Setting next_dagrun for etl_synthetic_events to None, run_after=None
[2025-12-14T15:03:43.116+0000] {processor.py:208} INFO - Processing /opt/airflow/dags/etl_airflow_dag.py took 1.314 seconds
[2025-12-14T15:04:13.365+0000] {processor.py:186} INFO - Started process (PID=906) to work on /opt/airflow/dags/etl_airflow_dag.py
[2025-12-14T15:04:13.367+0000] {processor.py:914} INFO - Processing file /opt/airflow/dags/etl_airflow_dag.py for tasks to queue
[2025-12-14T15:04:13.372+0000] {logging_mixin.py:190} INFO - [2025-12-14T15:04:13.371+0000] {dagbag.py:588} INFO - Filling up the DagBag from /opt/airflow/dags/etl_airflow_dag.py
[2025-12-14T15:04:14.089+0000] {processor.py:925} INFO - DAG(s) 'etl_synthetic_events' retrieved from /opt/airflow/dags/etl_airflow_dag.py
[2025-12-14T15:04:14.126+0000] {logging_mixin.py:190} INFO - [2025-12-14T15:04:14.125+0000] {dag.py:3239} INFO - Sync 1 DAGs
[2025-12-14T15:04:14.145+0000] {logging_mixin.py:190} INFO - [2025-12-14T15:04:14.145+0000] {dag.py:4180} INFO - Setting next_dagrun for etl_synthetic_events to None, run_after=None
[2025-12-14T15:04:14.172+0000] {processor.py:208} INFO - Processing /opt/airflow/dags/etl_airflow_dag.py took 0.818 seconds
[2025-12-14T15:04:44.689+0000] {processor.py:186} INFO - Started process (PID=912) to work on /opt/airflow/dags/etl_airflow_dag.py
[2025-12-14T15:04:44.692+0000] {processor.py:914} INFO - Processing file /opt/airflow/dags/etl_airflow_dag.py for tasks to queue
[2025-12-14T15:04:44.698+0000] {logging_mixin.py:190} INFO - [2025-12-14T15:04:44.696+0000] {dagbag.py:588} INFO - Filling up the DagBag from /opt/airflow/dags/etl_airflow_dag.py
[2025-12-14T15:04:45.543+0000] {processor.py:925} INFO - DAG(s) 'etl_synthetic_events' retrieved from /opt/airflow/dags/etl_airflow_dag.py
[2025-12-14T15:04:45.578+0000] {logging_mixin.py:190} INFO - [2025-12-14T15:04:45.577+0000] {dag.py:3239} INFO - Sync 1 DAGs
[2025-12-14T15:04:45.596+0000] {logging_mixin.py:190} INFO - [2025-12-14T15:04:45.595+0000] {dag.py:4180} INFO - Setting next_dagrun for etl_synthetic_events to None, run_after=None
[2025-12-14T15:04:45.625+0000] {processor.py:208} INFO - Processing /opt/airflow/dags/etl_airflow_dag.py took 0.966 seconds
[2025-12-14T15:05:16.099+0000] {processor.py:186} INFO - Started process (PID=918) to work on /opt/airflow/dags/etl_airflow_dag.py
[2025-12-14T15:05:16.106+0000] {processor.py:914} INFO - Processing file /opt/airflow/dags/etl_airflow_dag.py for tasks to queue
[2025-12-14T15:05:16.113+0000] {logging_mixin.py:190} INFO - [2025-12-14T15:05:16.112+0000] {dagbag.py:588} INFO - Filling up the DagBag from /opt/airflow/dags/etl_airflow_dag.py
[2025-12-14T15:05:17.041+0000] {processor.py:925} INFO - DAG(s) 'etl_synthetic_events' retrieved from /opt/airflow/dags/etl_airflow_dag.py
[2025-12-14T15:05:17.072+0000] {logging_mixin.py:190} INFO - [2025-12-14T15:05:17.071+0000] {dag.py:3239} INFO - Sync 1 DAGs
[2025-12-14T15:05:17.088+0000] {logging_mixin.py:190} INFO - [2025-12-14T15:05:17.087+0000] {dag.py:4180} INFO - Setting next_dagrun for etl_synthetic_events to None, run_after=None
[2025-12-14T15:05:17.115+0000] {processor.py:208} INFO - Processing /opt/airflow/dags/etl_airflow_dag.py took 1.041 seconds
[2025-12-14T15:05:47.526+0000] {processor.py:186} INFO - Started process (PID=924) to work on /opt/airflow/dags/etl_airflow_dag.py
[2025-12-14T15:05:47.529+0000] {processor.py:914} INFO - Processing file /opt/airflow/dags/etl_airflow_dag.py for tasks to queue
[2025-12-14T15:05:47.534+0000] {logging_mixin.py:190} INFO - [2025-12-14T15:05:47.533+0000] {dagbag.py:588} INFO - Filling up the DagBag from /opt/airflow/dags/etl_airflow_dag.py
[2025-12-14T15:05:48.685+0000] {processor.py:925} INFO - DAG(s) 'etl_synthetic_events' retrieved from /opt/airflow/dags/etl_airflow_dag.py
[2025-12-14T15:05:48.758+0000] {logging_mixin.py:190} INFO - [2025-12-14T15:05:48.756+0000] {dag.py:3239} INFO - Sync 1 DAGs
[2025-12-14T15:05:48.794+0000] {logging_mixin.py:190} INFO - [2025-12-14T15:05:48.794+0000] {dag.py:4180} INFO - Setting next_dagrun for etl_synthetic_events to None, run_after=None
[2025-12-14T15:05:48.843+0000] {processor.py:208} INFO - Processing /opt/airflow/dags/etl_airflow_dag.py took 1.334 seconds
[2025-12-14T15:06:19.298+0000] {processor.py:186} INFO - Started process (PID=974) to work on /opt/airflow/dags/etl_airflow_dag.py
[2025-12-14T15:06:19.300+0000] {processor.py:914} INFO - Processing file /opt/airflow/dags/etl_airflow_dag.py for tasks to queue
[2025-12-14T15:06:19.303+0000] {logging_mixin.py:190} INFO - [2025-12-14T15:06:19.302+0000] {dagbag.py:588} INFO - Filling up the DagBag from /opt/airflow/dags/etl_airflow_dag.py
[2025-12-14T15:06:20.035+0000] {processor.py:925} INFO - DAG(s) 'etl_synthetic_events' retrieved from /opt/airflow/dags/etl_airflow_dag.py
[2025-12-14T15:06:20.070+0000] {logging_mixin.py:190} INFO - [2025-12-14T15:06:20.069+0000] {dag.py:3239} INFO - Sync 1 DAGs
[2025-12-14T15:06:20.086+0000] {logging_mixin.py:190} INFO - [2025-12-14T15:06:20.086+0000] {dag.py:4180} INFO - Setting next_dagrun for etl_synthetic_events to None, run_after=None
[2025-12-14T15:06:20.110+0000] {processor.py:208} INFO - Processing /opt/airflow/dags/etl_airflow_dag.py took 0.829 seconds
[2025-12-14T15:06:50.310+0000] {processor.py:186} INFO - Started process (PID=980) to work on /opt/airflow/dags/etl_airflow_dag.py
[2025-12-14T15:06:50.312+0000] {processor.py:914} INFO - Processing file /opt/airflow/dags/etl_airflow_dag.py for tasks to queue
[2025-12-14T15:06:50.314+0000] {logging_mixin.py:190} INFO - [2025-12-14T15:06:50.314+0000] {dagbag.py:588} INFO - Filling up the DagBag from /opt/airflow/dags/etl_airflow_dag.py
[2025-12-14T15:06:51.139+0000] {processor.py:925} INFO - DAG(s) 'etl_synthetic_events' retrieved from /opt/airflow/dags/etl_airflow_dag.py
[2025-12-14T15:06:51.177+0000] {logging_mixin.py:190} INFO - [2025-12-14T15:06:51.177+0000] {dag.py:3239} INFO - Sync 1 DAGs
[2025-12-14T15:06:51.195+0000] {logging_mixin.py:190} INFO - [2025-12-14T15:06:51.194+0000] {dag.py:4180} INFO - Setting next_dagrun for etl_synthetic_events to None, run_after=None
[2025-12-14T15:06:51.227+0000] {processor.py:208} INFO - Processing /opt/airflow/dags/etl_airflow_dag.py took 0.928 seconds
[2025-12-14T15:07:21.691+0000] {processor.py:186} INFO - Started process (PID=986) to work on /opt/airflow/dags/etl_airflow_dag.py
[2025-12-14T15:07:21.693+0000] {processor.py:914} INFO - Processing file /opt/airflow/dags/etl_airflow_dag.py for tasks to queue
[2025-12-14T15:07:21.696+0000] {logging_mixin.py:190} INFO - [2025-12-14T15:07:21.695+0000] {dagbag.py:588} INFO - Filling up the DagBag from /opt/airflow/dags/etl_airflow_dag.py
[2025-12-14T15:07:22.509+0000] {processor.py:925} INFO - DAG(s) 'etl_synthetic_events' retrieved from /opt/airflow/dags/etl_airflow_dag.py
[2025-12-14T15:07:22.554+0000] {logging_mixin.py:190} INFO - [2025-12-14T15:07:22.553+0000] {dag.py:3239} INFO - Sync 1 DAGs
[2025-12-14T15:07:22.572+0000] {logging_mixin.py:190} INFO - [2025-12-14T15:07:22.571+0000] {dag.py:4180} INFO - Setting next_dagrun for etl_synthetic_events to None, run_after=None
[2025-12-14T15:07:22.601+0000] {processor.py:208} INFO - Processing /opt/airflow/dags/etl_airflow_dag.py took 0.923 seconds
[2025-12-14T15:07:53.100+0000] {processor.py:186} INFO - Started process (PID=992) to work on /opt/airflow/dags/etl_airflow_dag.py
[2025-12-14T15:07:53.103+0000] {processor.py:914} INFO - Processing file /opt/airflow/dags/etl_airflow_dag.py for tasks to queue
[2025-12-14T15:07:53.106+0000] {logging_mixin.py:190} INFO - [2025-12-14T15:07:53.105+0000] {dagbag.py:588} INFO - Filling up the DagBag from /opt/airflow/dags/etl_airflow_dag.py
[2025-12-14T15:07:54.023+0000] {processor.py:925} INFO - DAG(s) 'etl_synthetic_events' retrieved from /opt/airflow/dags/etl_airflow_dag.py
[2025-12-14T15:07:54.055+0000] {logging_mixin.py:190} INFO - [2025-12-14T15:07:54.054+0000] {dag.py:3239} INFO - Sync 1 DAGs
[2025-12-14T15:07:54.071+0000] {logging_mixin.py:190} INFO - [2025-12-14T15:07:54.070+0000] {dag.py:4180} INFO - Setting next_dagrun for etl_synthetic_events to None, run_after=None
[2025-12-14T15:07:54.099+0000] {processor.py:208} INFO - Processing /opt/airflow/dags/etl_airflow_dag.py took 1.014 seconds
[2025-12-14T15:08:24.486+0000] {processor.py:186} INFO - Started process (PID=998) to work on /opt/airflow/dags/etl_airflow_dag.py
[2025-12-14T15:08:24.489+0000] {processor.py:914} INFO - Processing file /opt/airflow/dags/etl_airflow_dag.py for tasks to queue
[2025-12-14T15:08:24.491+0000] {logging_mixin.py:190} INFO - [2025-12-14T15:08:24.491+0000] {dagbag.py:588} INFO - Filling up the DagBag from /opt/airflow/dags/etl_airflow_dag.py
[2025-12-14T15:08:25.495+0000] {processor.py:925} INFO - DAG(s) 'etl_synthetic_events' retrieved from /opt/airflow/dags/etl_airflow_dag.py
[2025-12-14T15:08:25.529+0000] {logging_mixin.py:190} INFO - [2025-12-14T15:08:25.528+0000] {dag.py:3239} INFO - Sync 1 DAGs
[2025-12-14T15:08:25.548+0000] {logging_mixin.py:190} INFO - [2025-12-14T15:08:25.547+0000] {dag.py:4180} INFO - Setting next_dagrun for etl_synthetic_events to None, run_after=None
[2025-12-14T15:08:25.578+0000] {processor.py:208} INFO - Processing /opt/airflow/dags/etl_airflow_dag.py took 1.102 seconds
[2025-12-14T15:08:55.873+0000] {processor.py:186} INFO - Started process (PID=1004) to work on /opt/airflow/dags/etl_airflow_dag.py
[2025-12-14T15:08:55.875+0000] {processor.py:914} INFO - Processing file /opt/airflow/dags/etl_airflow_dag.py for tasks to queue
[2025-12-14T15:08:55.877+0000] {logging_mixin.py:190} INFO - [2025-12-14T15:08:55.877+0000] {dagbag.py:588} INFO - Filling up the DagBag from /opt/airflow/dags/etl_airflow_dag.py
[2025-12-14T15:08:56.704+0000] {processor.py:925} INFO - DAG(s) 'etl_synthetic_events' retrieved from /opt/airflow/dags/etl_airflow_dag.py
[2025-12-14T15:08:56.737+0000] {logging_mixin.py:190} INFO - [2025-12-14T15:08:56.736+0000] {dag.py:3239} INFO - Sync 1 DAGs
[2025-12-14T15:08:56.755+0000] {logging_mixin.py:190} INFO - [2025-12-14T15:08:56.754+0000] {dag.py:4180} INFO - Setting next_dagrun for etl_synthetic_events to None, run_after=None
[2025-12-14T15:08:56.782+0000] {processor.py:208} INFO - Processing /opt/airflow/dags/etl_airflow_dag.py took 0.920 seconds
[2025-12-14T15:09:27.262+0000] {processor.py:186} INFO - Started process (PID=1010) to work on /opt/airflow/dags/etl_airflow_dag.py
[2025-12-14T15:09:27.264+0000] {processor.py:914} INFO - Processing file /opt/airflow/dags/etl_airflow_dag.py for tasks to queue
[2025-12-14T15:09:27.266+0000] {logging_mixin.py:190} INFO - [2025-12-14T15:09:27.266+0000] {dagbag.py:588} INFO - Filling up the DagBag from /opt/airflow/dags/etl_airflow_dag.py
[2025-12-14T15:09:28.061+0000] {processor.py:925} INFO - DAG(s) 'etl_synthetic_events' retrieved from /opt/airflow/dags/etl_airflow_dag.py
[2025-12-14T15:09:28.091+0000] {logging_mixin.py:190} INFO - [2025-12-14T15:09:28.090+0000] {dag.py:3239} INFO - Sync 1 DAGs
[2025-12-14T15:09:28.106+0000] {logging_mixin.py:190} INFO - [2025-12-14T15:09:28.106+0000] {dag.py:4180} INFO - Setting next_dagrun for etl_synthetic_events to None, run_after=None
[2025-12-14T15:09:28.135+0000] {processor.py:208} INFO - Processing /opt/airflow/dags/etl_airflow_dag.py took 0.883 seconds
[2025-12-14T15:09:58.582+0000] {processor.py:186} INFO - Started process (PID=1016) to work on /opt/airflow/dags/etl_airflow_dag.py
[2025-12-14T15:09:58.585+0000] {processor.py:914} INFO - Processing file /opt/airflow/dags/etl_airflow_dag.py for tasks to queue
[2025-12-14T15:09:58.587+0000] {logging_mixin.py:190} INFO - [2025-12-14T15:09:58.587+0000] {dagbag.py:588} INFO - Filling up the DagBag from /opt/airflow/dags/etl_airflow_dag.py
[2025-12-14T15:09:59.361+0000] {processor.py:925} INFO - DAG(s) 'etl_synthetic_events' retrieved from /opt/airflow/dags/etl_airflow_dag.py
[2025-12-14T15:09:59.396+0000] {logging_mixin.py:190} INFO - [2025-12-14T15:09:59.396+0000] {dag.py:3239} INFO - Sync 1 DAGs
[2025-12-14T15:09:59.415+0000] {logging_mixin.py:190} INFO - [2025-12-14T15:09:59.414+0000] {dag.py:4180} INFO - Setting next_dagrun for etl_synthetic_events to None, run_after=None
[2025-12-14T15:09:59.456+0000] {processor.py:208} INFO - Processing /opt/airflow/dags/etl_airflow_dag.py took 0.885 seconds
[2025-12-14T15:10:30.068+0000] {processor.py:186} INFO - Started process (PID=1022) to work on /opt/airflow/dags/etl_airflow_dag.py
[2025-12-14T15:10:30.071+0000] {processor.py:914} INFO - Processing file /opt/airflow/dags/etl_airflow_dag.py for tasks to queue
[2025-12-14T15:10:30.076+0000] {logging_mixin.py:190} INFO - [2025-12-14T15:10:30.074+0000] {dagbag.py:588} INFO - Filling up the DagBag from /opt/airflow/dags/etl_airflow_dag.py
[2025-12-14T15:10:31.018+0000] {processor.py:925} INFO - DAG(s) 'etl_synthetic_events' retrieved from /opt/airflow/dags/etl_airflow_dag.py
[2025-12-14T15:10:31.060+0000] {logging_mixin.py:190} INFO - [2025-12-14T15:10:31.058+0000] {dag.py:3239} INFO - Sync 1 DAGs
[2025-12-14T15:10:31.083+0000] {logging_mixin.py:190} INFO - [2025-12-14T15:10:31.083+0000] {dag.py:4180} INFO - Setting next_dagrun for etl_synthetic_events to None, run_after=None
[2025-12-14T15:10:31.119+0000] {processor.py:208} INFO - Processing /opt/airflow/dags/etl_airflow_dag.py took 1.067 seconds
[2025-12-14T15:11:01.427+0000] {processor.py:186} INFO - Started process (PID=1028) to work on /opt/airflow/dags/etl_airflow_dag.py
[2025-12-14T15:11:01.430+0000] {processor.py:914} INFO - Processing file /opt/airflow/dags/etl_airflow_dag.py for tasks to queue
[2025-12-14T15:11:01.433+0000] {logging_mixin.py:190} INFO - [2025-12-14T15:11:01.432+0000] {dagbag.py:588} INFO - Filling up the DagBag from /opt/airflow/dags/etl_airflow_dag.py
[2025-12-14T15:11:02.378+0000] {processor.py:925} INFO - DAG(s) 'etl_synthetic_events' retrieved from /opt/airflow/dags/etl_airflow_dag.py
[2025-12-14T15:11:02.413+0000] {logging_mixin.py:190} INFO - [2025-12-14T15:11:02.413+0000] {dag.py:3239} INFO - Sync 1 DAGs
[2025-12-14T15:11:02.438+0000] {logging_mixin.py:190} INFO - [2025-12-14T15:11:02.438+0000] {dag.py:4180} INFO - Setting next_dagrun for etl_synthetic_events to None, run_after=None
[2025-12-14T15:11:02.478+0000] {processor.py:208} INFO - Processing /opt/airflow/dags/etl_airflow_dag.py took 1.066 seconds
[2025-12-14T15:11:32.839+0000] {processor.py:186} INFO - Started process (PID=1078) to work on /opt/airflow/dags/etl_airflow_dag.py
[2025-12-14T15:11:32.842+0000] {processor.py:914} INFO - Processing file /opt/airflow/dags/etl_airflow_dag.py for tasks to queue
[2025-12-14T15:11:32.848+0000] {logging_mixin.py:190} INFO - [2025-12-14T15:11:32.847+0000] {dagbag.py:588} INFO - Filling up the DagBag from /opt/airflow/dags/etl_airflow_dag.py
[2025-12-14T15:11:33.807+0000] {processor.py:925} INFO - DAG(s) 'etl_synthetic_events' retrieved from /opt/airflow/dags/etl_airflow_dag.py
[2025-12-14T15:11:33.842+0000] {logging_mixin.py:190} INFO - [2025-12-14T15:11:33.841+0000] {dag.py:3239} INFO - Sync 1 DAGs
[2025-12-14T15:11:33.860+0000] {logging_mixin.py:190} INFO - [2025-12-14T15:11:33.859+0000] {dag.py:4180} INFO - Setting next_dagrun for etl_synthetic_events to None, run_after=None
[2025-12-14T15:11:33.889+0000] {processor.py:208} INFO - Processing /opt/airflow/dags/etl_airflow_dag.py took 1.073 seconds
[2025-12-14T15:12:04.557+0000] {processor.py:186} INFO - Started process (PID=1084) to work on /opt/airflow/dags/etl_airflow_dag.py
[2025-12-14T15:12:04.559+0000] {processor.py:914} INFO - Processing file /opt/airflow/dags/etl_airflow_dag.py for tasks to queue
[2025-12-14T15:12:04.563+0000] {logging_mixin.py:190} INFO - [2025-12-14T15:12:04.562+0000] {dagbag.py:588} INFO - Filling up the DagBag from /opt/airflow/dags/etl_airflow_dag.py
[2025-12-14T15:12:05.445+0000] {processor.py:925} INFO - DAG(s) 'etl_synthetic_events' retrieved from /opt/airflow/dags/etl_airflow_dag.py
[2025-12-14T15:12:05.498+0000] {logging_mixin.py:190} INFO - [2025-12-14T15:12:05.497+0000] {dag.py:3239} INFO - Sync 1 DAGs
[2025-12-14T15:12:05.528+0000] {logging_mixin.py:190} INFO - [2025-12-14T15:12:05.527+0000] {dag.py:4180} INFO - Setting next_dagrun for etl_synthetic_events to None, run_after=None
[2025-12-14T15:12:05.570+0000] {processor.py:208} INFO - Processing /opt/airflow/dags/etl_airflow_dag.py took 1.023 seconds
[2025-12-14T15:12:35.965+0000] {processor.py:186} INFO - Started process (PID=1090) to work on /opt/airflow/dags/etl_airflow_dag.py
[2025-12-14T15:12:35.968+0000] {processor.py:914} INFO - Processing file /opt/airflow/dags/etl_airflow_dag.py for tasks to queue
[2025-12-14T15:12:35.972+0000] {logging_mixin.py:190} INFO - [2025-12-14T15:12:35.971+0000] {dagbag.py:588} INFO - Filling up the DagBag from /opt/airflow/dags/etl_airflow_dag.py
[2025-12-14T15:12:36.572+0000] {processor.py:925} INFO - DAG(s) 'etl_synthetic_events' retrieved from /opt/airflow/dags/etl_airflow_dag.py
[2025-12-14T15:12:36.619+0000] {logging_mixin.py:190} INFO - [2025-12-14T15:12:36.617+0000] {dag.py:3239} INFO - Sync 1 DAGs
[2025-12-14T15:12:36.642+0000] {logging_mixin.py:190} INFO - [2025-12-14T15:12:36.642+0000] {dag.py:4180} INFO - Setting next_dagrun for etl_synthetic_events to None, run_after=None
[2025-12-14T15:12:36.676+0000] {processor.py:208} INFO - Processing /opt/airflow/dags/etl_airflow_dag.py took 0.726 seconds
[2025-12-14T15:13:07.129+0000] {processor.py:186} INFO - Started process (PID=1096) to work on /opt/airflow/dags/etl_airflow_dag.py
[2025-12-14T15:13:07.134+0000] {processor.py:914} INFO - Processing file /opt/airflow/dags/etl_airflow_dag.py for tasks to queue
[2025-12-14T15:13:07.139+0000] {logging_mixin.py:190} INFO - [2025-12-14T15:13:07.138+0000] {dagbag.py:588} INFO - Filling up the DagBag from /opt/airflow/dags/etl_airflow_dag.py
[2025-12-14T15:13:07.887+0000] {processor.py:925} INFO - DAG(s) 'etl_synthetic_events' retrieved from /opt/airflow/dags/etl_airflow_dag.py
[2025-12-14T15:13:07.931+0000] {logging_mixin.py:190} INFO - [2025-12-14T15:13:07.930+0000] {dag.py:3239} INFO - Sync 1 DAGs
[2025-12-14T15:13:07.953+0000] {logging_mixin.py:190} INFO - [2025-12-14T15:13:07.953+0000] {dag.py:4180} INFO - Setting next_dagrun for etl_synthetic_events to None, run_after=None
[2025-12-14T15:13:07.989+0000] {processor.py:208} INFO - Processing /opt/airflow/dags/etl_airflow_dag.py took 0.879 seconds
[2025-12-14T15:13:38.505+0000] {processor.py:186} INFO - Started process (PID=1102) to work on /opt/airflow/dags/etl_airflow_dag.py
[2025-12-14T15:13:38.508+0000] {processor.py:914} INFO - Processing file /opt/airflow/dags/etl_airflow_dag.py for tasks to queue
[2025-12-14T15:13:38.511+0000] {logging_mixin.py:190} INFO - [2025-12-14T15:13:38.510+0000] {dagbag.py:588} INFO - Filling up the DagBag from /opt/airflow/dags/etl_airflow_dag.py
[2025-12-14T15:13:38.991+0000] {processor.py:925} INFO - DAG(s) 'etl_synthetic_events' retrieved from /opt/airflow/dags/etl_airflow_dag.py
[2025-12-14T15:13:39.038+0000] {logging_mixin.py:190} INFO - [2025-12-14T15:13:39.037+0000] {dag.py:3239} INFO - Sync 1 DAGs
[2025-12-14T15:13:39.068+0000] {logging_mixin.py:190} INFO - [2025-12-14T15:13:39.068+0000] {dag.py:4180} INFO - Setting next_dagrun for etl_synthetic_events to None, run_after=None
[2025-12-14T15:13:39.111+0000] {processor.py:208} INFO - Processing /opt/airflow/dags/etl_airflow_dag.py took 0.618 seconds
[2025-12-14T15:14:09.598+0000] {processor.py:186} INFO - Started process (PID=1108) to work on /opt/airflow/dags/etl_airflow_dag.py
[2025-12-14T15:14:09.601+0000] {processor.py:914} INFO - Processing file /opt/airflow/dags/etl_airflow_dag.py for tasks to queue
[2025-12-14T15:14:09.604+0000] {logging_mixin.py:190} INFO - [2025-12-14T15:14:09.604+0000] {dagbag.py:588} INFO - Filling up the DagBag from /opt/airflow/dags/etl_airflow_dag.py
[2025-12-14T15:14:10.245+0000] {processor.py:925} INFO - DAG(s) 'etl_synthetic_events' retrieved from /opt/airflow/dags/etl_airflow_dag.py
[2025-12-14T15:14:10.293+0000] {logging_mixin.py:190} INFO - [2025-12-14T15:14:10.292+0000] {dag.py:3239} INFO - Sync 1 DAGs
[2025-12-14T15:14:10.320+0000] {logging_mixin.py:190} INFO - [2025-12-14T15:14:10.319+0000] {dag.py:4180} INFO - Setting next_dagrun for etl_synthetic_events to None, run_after=None
[2025-12-14T15:14:10.355+0000] {processor.py:208} INFO - Processing /opt/airflow/dags/etl_airflow_dag.py took 0.774 seconds
[2025-12-14T15:14:40.534+0000] {processor.py:186} INFO - Started process (PID=1114) to work on /opt/airflow/dags/etl_airflow_dag.py
[2025-12-14T15:14:40.537+0000] {processor.py:914} INFO - Processing file /opt/airflow/dags/etl_airflow_dag.py for tasks to queue
[2025-12-14T15:14:40.540+0000] {logging_mixin.py:190} INFO - [2025-12-14T15:14:40.539+0000] {dagbag.py:588} INFO - Filling up the DagBag from /opt/airflow/dags/etl_airflow_dag.py
[2025-12-14T15:14:41.194+0000] {processor.py:925} INFO - DAG(s) 'etl_synthetic_events' retrieved from /opt/airflow/dags/etl_airflow_dag.py
[2025-12-14T15:14:41.245+0000] {logging_mixin.py:190} INFO - [2025-12-14T15:14:41.242+0000] {dag.py:3239} INFO - Sync 1 DAGs
[2025-12-14T15:14:41.319+0000] {logging_mixin.py:190} INFO - [2025-12-14T15:14:41.318+0000] {dag.py:4180} INFO - Setting next_dagrun for etl_synthetic_events to None, run_after=None
[2025-12-14T15:14:41.357+0000] {processor.py:208} INFO - Processing /opt/airflow/dags/etl_airflow_dag.py took 0.843 seconds
[2025-12-14T15:15:11.857+0000] {processor.py:186} INFO - Started process (PID=1120) to work on /opt/airflow/dags/etl_airflow_dag.py
[2025-12-14T15:15:11.859+0000] {processor.py:914} INFO - Processing file /opt/airflow/dags/etl_airflow_dag.py for tasks to queue
[2025-12-14T15:15:11.863+0000] {logging_mixin.py:190} INFO - [2025-12-14T15:15:11.862+0000] {dagbag.py:588} INFO - Filling up the DagBag from /opt/airflow/dags/etl_airflow_dag.py
[2025-12-14T15:15:12.529+0000] {processor.py:925} INFO - DAG(s) 'etl_synthetic_events' retrieved from /opt/airflow/dags/etl_airflow_dag.py
[2025-12-14T15:15:12.580+0000] {logging_mixin.py:190} INFO - [2025-12-14T15:15:12.579+0000] {dag.py:3239} INFO - Sync 1 DAGs
[2025-12-14T15:15:12.605+0000] {logging_mixin.py:190} INFO - [2025-12-14T15:15:12.605+0000] {dag.py:4180} INFO - Setting next_dagrun for etl_synthetic_events to None, run_after=None
[2025-12-14T15:15:12.649+0000] {processor.py:208} INFO - Processing /opt/airflow/dags/etl_airflow_dag.py took 0.811 seconds
[2025-12-14T15:15:43.096+0000] {processor.py:186} INFO - Started process (PID=1126) to work on /opt/airflow/dags/etl_airflow_dag.py
[2025-12-14T15:15:43.099+0000] {processor.py:914} INFO - Processing file /opt/airflow/dags/etl_airflow_dag.py for tasks to queue
[2025-12-14T15:15:43.102+0000] {logging_mixin.py:190} INFO - [2025-12-14T15:15:43.101+0000] {dagbag.py:588} INFO - Filling up the DagBag from /opt/airflow/dags/etl_airflow_dag.py
[2025-12-14T15:15:43.700+0000] {processor.py:925} INFO - DAG(s) 'etl_synthetic_events' retrieved from /opt/airflow/dags/etl_airflow_dag.py
[2025-12-14T15:15:43.745+0000] {logging_mixin.py:190} INFO - [2025-12-14T15:15:43.745+0000] {dag.py:3239} INFO - Sync 1 DAGs
[2025-12-14T15:15:43.769+0000] {logging_mixin.py:190} INFO - [2025-12-14T15:15:43.769+0000] {dag.py:4180} INFO - Setting next_dagrun for etl_synthetic_events to None, run_after=None
[2025-12-14T15:15:43.807+0000] {processor.py:208} INFO - Processing /opt/airflow/dags/etl_airflow_dag.py took 0.723 seconds
[2025-12-14T15:16:14.223+0000] {processor.py:186} INFO - Started process (PID=1132) to work on /opt/airflow/dags/etl_airflow_dag.py
[2025-12-14T15:16:14.226+0000] {processor.py:914} INFO - Processing file /opt/airflow/dags/etl_airflow_dag.py for tasks to queue
[2025-12-14T15:16:14.228+0000] {logging_mixin.py:190} INFO - [2025-12-14T15:16:14.227+0000] {dagbag.py:588} INFO - Filling up the DagBag from /opt/airflow/dags/etl_airflow_dag.py
[2025-12-14T15:16:14.799+0000] {processor.py:925} INFO - DAG(s) 'etl_synthetic_events' retrieved from /opt/airflow/dags/etl_airflow_dag.py
[2025-12-14T15:16:14.843+0000] {logging_mixin.py:190} INFO - [2025-12-14T15:16:14.843+0000] {dag.py:3239} INFO - Sync 1 DAGs
[2025-12-14T15:16:14.872+0000] {logging_mixin.py:190} INFO - [2025-12-14T15:16:14.871+0000] {dag.py:4180} INFO - Setting next_dagrun for etl_synthetic_events to None, run_after=None
[2025-12-14T15:16:14.914+0000] {processor.py:208} INFO - Processing /opt/airflow/dags/etl_airflow_dag.py took 0.703 seconds
[2025-12-14T15:16:45.086+0000] {processor.py:186} INFO - Started process (PID=1138) to work on /opt/airflow/dags/etl_airflow_dag.py
[2025-12-14T15:16:45.090+0000] {processor.py:914} INFO - Processing file /opt/airflow/dags/etl_airflow_dag.py for tasks to queue
[2025-12-14T15:16:45.095+0000] {logging_mixin.py:190} INFO - [2025-12-14T15:16:45.094+0000] {dagbag.py:588} INFO - Filling up the DagBag from /opt/airflow/dags/etl_airflow_dag.py
[2025-12-14T15:16:45.784+0000] {processor.py:925} INFO - DAG(s) 'etl_synthetic_events' retrieved from /opt/airflow/dags/etl_airflow_dag.py
[2025-12-14T15:16:45.830+0000] {logging_mixin.py:190} INFO - [2025-12-14T15:16:45.827+0000] {dag.py:3239} INFO - Sync 1 DAGs
[2025-12-14T15:16:45.855+0000] {logging_mixin.py:190} INFO - [2025-12-14T15:16:45.854+0000] {dag.py:4180} INFO - Setting next_dagrun for etl_synthetic_events to None, run_after=None
[2025-12-14T15:16:45.896+0000] {processor.py:208} INFO - Processing /opt/airflow/dags/etl_airflow_dag.py took 0.827 seconds
[2025-12-14T15:17:16.316+0000] {processor.py:186} INFO - Started process (PID=1144) to work on /opt/airflow/dags/etl_airflow_dag.py
[2025-12-14T15:17:16.318+0000] {processor.py:914} INFO - Processing file /opt/airflow/dags/etl_airflow_dag.py for tasks to queue
[2025-12-14T15:17:16.321+0000] {logging_mixin.py:190} INFO - [2025-12-14T15:17:16.321+0000] {dagbag.py:588} INFO - Filling up the DagBag from /opt/airflow/dags/etl_airflow_dag.py
[2025-12-14T15:17:16.914+0000] {processor.py:925} INFO - DAG(s) 'etl_synthetic_events' retrieved from /opt/airflow/dags/etl_airflow_dag.py
[2025-12-14T15:17:16.962+0000] {logging_mixin.py:190} INFO - [2025-12-14T15:17:16.962+0000] {dag.py:3239} INFO - Sync 1 DAGs
[2025-12-14T15:17:16.989+0000] {logging_mixin.py:190} INFO - [2025-12-14T15:17:16.989+0000] {dag.py:4180} INFO - Setting next_dagrun for etl_synthetic_events to None, run_after=None
[2025-12-14T15:17:17.025+0000] {processor.py:208} INFO - Processing /opt/airflow/dags/etl_airflow_dag.py took 0.721 seconds
[2025-12-14T15:17:47.443+0000] {processor.py:186} INFO - Started process (PID=1150) to work on /opt/airflow/dags/etl_airflow_dag.py
[2025-12-14T15:17:47.445+0000] {processor.py:914} INFO - Processing file /opt/airflow/dags/etl_airflow_dag.py for tasks to queue
[2025-12-14T15:17:47.448+0000] {logging_mixin.py:190} INFO - [2025-12-14T15:17:47.448+0000] {dagbag.py:588} INFO - Filling up the DagBag from /opt/airflow/dags/etl_airflow_dag.py
[2025-12-14T15:17:48.039+0000] {processor.py:925} INFO - DAG(s) 'etl_synthetic_events' retrieved from /opt/airflow/dags/etl_airflow_dag.py
[2025-12-14T15:17:48.083+0000] {logging_mixin.py:190} INFO - [2025-12-14T15:17:48.082+0000] {dag.py:3239} INFO - Sync 1 DAGs
[2025-12-14T15:17:48.105+0000] {logging_mixin.py:190} INFO - [2025-12-14T15:17:48.104+0000] {dag.py:4180} INFO - Setting next_dagrun for etl_synthetic_events to None, run_after=None
[2025-12-14T15:17:48.136+0000] {processor.py:208} INFO - Processing /opt/airflow/dags/etl_airflow_dag.py took 0.708 seconds
[2025-12-14T15:18:18.275+0000] {processor.py:186} INFO - Started process (PID=1156) to work on /opt/airflow/dags/etl_airflow_dag.py
[2025-12-14T15:18:18.278+0000] {processor.py:914} INFO - Processing file /opt/airflow/dags/etl_airflow_dag.py for tasks to queue
[2025-12-14T15:18:18.281+0000] {logging_mixin.py:190} INFO - [2025-12-14T15:18:18.280+0000] {dagbag.py:588} INFO - Filling up the DagBag from /opt/airflow/dags/etl_airflow_dag.py
[2025-12-14T15:18:18.839+0000] {processor.py:925} INFO - DAG(s) 'etl_synthetic_events' retrieved from /opt/airflow/dags/etl_airflow_dag.py
[2025-12-14T15:18:18.887+0000] {logging_mixin.py:190} INFO - [2025-12-14T15:18:18.886+0000] {dag.py:3239} INFO - Sync 1 DAGs
[2025-12-14T15:18:18.910+0000] {logging_mixin.py:190} INFO - [2025-12-14T15:18:18.910+0000] {dag.py:4180} INFO - Setting next_dagrun for etl_synthetic_events to None, run_after=None
[2025-12-14T15:18:18.948+0000] {processor.py:208} INFO - Processing /opt/airflow/dags/etl_airflow_dag.py took 0.686 seconds
[2025-12-14T15:18:49.405+0000] {processor.py:186} INFO - Started process (PID=1162) to work on /opt/airflow/dags/etl_airflow_dag.py
[2025-12-14T15:18:49.408+0000] {processor.py:914} INFO - Processing file /opt/airflow/dags/etl_airflow_dag.py for tasks to queue
[2025-12-14T15:18:49.411+0000] {logging_mixin.py:190} INFO - [2025-12-14T15:18:49.410+0000] {dagbag.py:588} INFO - Filling up the DagBag from /opt/airflow/dags/etl_airflow_dag.py
[2025-12-14T15:18:49.962+0000] {processor.py:925} INFO - DAG(s) 'etl_synthetic_events' retrieved from /opt/airflow/dags/etl_airflow_dag.py
[2025-12-14T15:18:50.010+0000] {logging_mixin.py:190} INFO - [2025-12-14T15:18:50.008+0000] {dag.py:3239} INFO - Sync 1 DAGs
[2025-12-14T15:18:50.035+0000] {logging_mixin.py:190} INFO - [2025-12-14T15:18:50.034+0000] {dag.py:4180} INFO - Setting next_dagrun for etl_synthetic_events to None, run_after=None
[2025-12-14T15:18:50.071+0000] {processor.py:208} INFO - Processing /opt/airflow/dags/etl_airflow_dag.py took 0.682 seconds
[2025-12-14T15:19:20.200+0000] {processor.py:186} INFO - Started process (PID=1168) to work on /opt/airflow/dags/etl_airflow_dag.py
[2025-12-14T15:19:20.202+0000] {processor.py:914} INFO - Processing file /opt/airflow/dags/etl_airflow_dag.py for tasks to queue
[2025-12-14T15:19:20.205+0000] {logging_mixin.py:190} INFO - [2025-12-14T15:19:20.204+0000] {dagbag.py:588} INFO - Filling up the DagBag from /opt/airflow/dags/etl_airflow_dag.py
[2025-12-14T15:19:20.772+0000] {processor.py:925} INFO - DAG(s) 'etl_synthetic_events' retrieved from /opt/airflow/dags/etl_airflow_dag.py
[2025-12-14T15:19:20.818+0000] {logging_mixin.py:190} INFO - [2025-12-14T15:19:20.817+0000] {dag.py:3239} INFO - Sync 1 DAGs
[2025-12-14T15:19:20.841+0000] {logging_mixin.py:190} INFO - [2025-12-14T15:19:20.840+0000] {dag.py:4180} INFO - Setting next_dagrun for etl_synthetic_events to None, run_after=None
[2025-12-14T15:19:20.874+0000] {processor.py:208} INFO - Processing /opt/airflow/dags/etl_airflow_dag.py took 0.685 seconds
[2025-12-14T15:19:51.354+0000] {processor.py:186} INFO - Started process (PID=1174) to work on /opt/airflow/dags/etl_airflow_dag.py
[2025-12-14T15:19:51.356+0000] {processor.py:914} INFO - Processing file /opt/airflow/dags/etl_airflow_dag.py for tasks to queue
[2025-12-14T15:19:51.360+0000] {logging_mixin.py:190} INFO - [2025-12-14T15:19:51.359+0000] {dagbag.py:588} INFO - Filling up the DagBag from /opt/airflow/dags/etl_airflow_dag.py
[2025-12-14T15:19:52.557+0000] {processor.py:925} INFO - DAG(s) 'etl_synthetic_events' retrieved from /opt/airflow/dags/etl_airflow_dag.py
[2025-12-14T15:19:52.629+0000] {logging_mixin.py:190} INFO - [2025-12-14T15:19:52.628+0000] {dag.py:3239} INFO - Sync 1 DAGs
[2025-12-14T15:19:52.670+0000] {logging_mixin.py:190} INFO - [2025-12-14T15:19:52.670+0000] {dag.py:4180} INFO - Setting next_dagrun for etl_synthetic_events to None, run_after=None
[2025-12-14T15:19:52.731+0000] {processor.py:208} INFO - Processing /opt/airflow/dags/etl_airflow_dag.py took 1.394 seconds
[2025-12-14T15:20:22.949+0000] {processor.py:186} INFO - Started process (PID=1180) to work on /opt/airflow/dags/etl_airflow_dag.py
[2025-12-14T15:20:22.951+0000] {processor.py:914} INFO - Processing file /opt/airflow/dags/etl_airflow_dag.py for tasks to queue
[2025-12-14T15:20:22.954+0000] {logging_mixin.py:190} INFO - [2025-12-14T15:20:22.954+0000] {dagbag.py:588} INFO - Filling up the DagBag from /opt/airflow/dags/etl_airflow_dag.py
[2025-12-14T15:20:23.650+0000] {processor.py:925} INFO - DAG(s) 'etl_synthetic_events' retrieved from /opt/airflow/dags/etl_airflow_dag.py
[2025-12-14T15:20:23.696+0000] {logging_mixin.py:190} INFO - [2025-12-14T15:20:23.695+0000] {dag.py:3239} INFO - Sync 1 DAGs
[2025-12-14T15:20:23.719+0000] {logging_mixin.py:190} INFO - [2025-12-14T15:20:23.719+0000] {dag.py:4180} INFO - Setting next_dagrun for etl_synthetic_events to None, run_after=None
[2025-12-14T15:20:23.762+0000] {processor.py:208} INFO - Processing /opt/airflow/dags/etl_airflow_dag.py took 0.826 seconds
[2025-12-14T15:20:54.213+0000] {processor.py:186} INFO - Started process (PID=1186) to work on /opt/airflow/dags/etl_airflow_dag.py
[2025-12-14T15:20:54.216+0000] {processor.py:914} INFO - Processing file /opt/airflow/dags/etl_airflow_dag.py for tasks to queue
[2025-12-14T15:20:54.219+0000] {logging_mixin.py:190} INFO - [2025-12-14T15:20:54.218+0000] {dagbag.py:588} INFO - Filling up the DagBag from /opt/airflow/dags/etl_airflow_dag.py
[2025-12-14T15:20:54.846+0000] {processor.py:925} INFO - DAG(s) 'etl_synthetic_events' retrieved from /opt/airflow/dags/etl_airflow_dag.py
[2025-12-14T15:20:54.889+0000] {logging_mixin.py:190} INFO - [2025-12-14T15:20:54.888+0000] {dag.py:3239} INFO - Sync 1 DAGs
[2025-12-14T15:20:54.913+0000] {logging_mixin.py:190} INFO - [2025-12-14T15:20:54.913+0000] {dag.py:4180} INFO - Setting next_dagrun for etl_synthetic_events to None, run_after=None
[2025-12-14T15:20:54.953+0000] {processor.py:208} INFO - Processing /opt/airflow/dags/etl_airflow_dag.py took 0.753 seconds
[2025-12-14T15:21:25.405+0000] {processor.py:186} INFO - Started process (PID=1192) to work on /opt/airflow/dags/etl_airflow_dag.py
[2025-12-14T15:21:25.407+0000] {processor.py:914} INFO - Processing file /opt/airflow/dags/etl_airflow_dag.py for tasks to queue
[2025-12-14T15:21:25.410+0000] {logging_mixin.py:190} INFO - [2025-12-14T15:21:25.410+0000] {dagbag.py:588} INFO - Filling up the DagBag from /opt/airflow/dags/etl_airflow_dag.py
[2025-12-14T15:21:25.987+0000] {processor.py:925} INFO - DAG(s) 'etl_synthetic_events' retrieved from /opt/airflow/dags/etl_airflow_dag.py
[2025-12-14T15:21:26.033+0000] {logging_mixin.py:190} INFO - [2025-12-14T15:21:26.032+0000] {dag.py:3239} INFO - Sync 1 DAGs
[2025-12-14T15:21:26.055+0000] {logging_mixin.py:190} INFO - [2025-12-14T15:21:26.055+0000] {dag.py:4180} INFO - Setting next_dagrun for etl_synthetic_events to None, run_after=None
[2025-12-14T15:21:26.092+0000] {processor.py:208} INFO - Processing /opt/airflow/dags/etl_airflow_dag.py took 0.704 seconds
[2025-12-14T15:21:56.227+0000] {processor.py:186} INFO - Started process (PID=1198) to work on /opt/airflow/dags/etl_airflow_dag.py
[2025-12-14T15:21:56.229+0000] {processor.py:914} INFO - Processing file /opt/airflow/dags/etl_airflow_dag.py for tasks to queue
[2025-12-14T15:21:56.232+0000] {logging_mixin.py:190} INFO - [2025-12-14T15:21:56.231+0000] {dagbag.py:588} INFO - Filling up the DagBag from /opt/airflow/dags/etl_airflow_dag.py
[2025-12-14T15:21:56.738+0000] {processor.py:925} INFO - DAG(s) 'etl_synthetic_events' retrieved from /opt/airflow/dags/etl_airflow_dag.py
[2025-12-14T15:21:56.779+0000] {logging_mixin.py:190} INFO - [2025-12-14T15:21:56.778+0000] {dag.py:3239} INFO - Sync 1 DAGs
[2025-12-14T15:21:56.802+0000] {logging_mixin.py:190} INFO - [2025-12-14T15:21:56.801+0000] {dag.py:4180} INFO - Setting next_dagrun for etl_synthetic_events to None, run_after=None
[2025-12-14T15:21:56.835+0000] {processor.py:208} INFO - Processing /opt/airflow/dags/etl_airflow_dag.py took 0.619 seconds
[2025-12-14T15:22:27.217+0000] {processor.py:186} INFO - Started process (PID=1204) to work on /opt/airflow/dags/etl_airflow_dag.py
[2025-12-14T15:22:27.220+0000] {processor.py:914} INFO - Processing file /opt/airflow/dags/etl_airflow_dag.py for tasks to queue
[2025-12-14T15:22:27.223+0000] {logging_mixin.py:190} INFO - [2025-12-14T15:22:27.223+0000] {dagbag.py:588} INFO - Filling up the DagBag from /opt/airflow/dags/etl_airflow_dag.py
[2025-12-14T15:22:27.848+0000] {processor.py:925} INFO - DAG(s) 'etl_synthetic_events' retrieved from /opt/airflow/dags/etl_airflow_dag.py
[2025-12-14T15:22:27.898+0000] {logging_mixin.py:190} INFO - [2025-12-14T15:22:27.897+0000] {dag.py:3239} INFO - Sync 1 DAGs
[2025-12-14T15:22:27.922+0000] {logging_mixin.py:190} INFO - [2025-12-14T15:22:27.922+0000] {dag.py:4180} INFO - Setting next_dagrun for etl_synthetic_events to None, run_after=None
[2025-12-14T15:22:27.962+0000] {processor.py:208} INFO - Processing /opt/airflow/dags/etl_airflow_dag.py took 0.759 seconds
[2025-12-14T15:22:58.112+0000] {processor.py:186} INFO - Started process (PID=1210) to work on /opt/airflow/dags/etl_airflow_dag.py
[2025-12-14T15:22:58.114+0000] {processor.py:914} INFO - Processing file /opt/airflow/dags/etl_airflow_dag.py for tasks to queue
[2025-12-14T15:22:58.117+0000] {logging_mixin.py:190} INFO - [2025-12-14T15:22:58.116+0000] {dagbag.py:588} INFO - Filling up the DagBag from /opt/airflow/dags/etl_airflow_dag.py
[2025-12-14T15:22:58.630+0000] {processor.py:925} INFO - DAG(s) 'etl_synthetic_events' retrieved from /opt/airflow/dags/etl_airflow_dag.py
[2025-12-14T15:22:58.676+0000] {logging_mixin.py:190} INFO - [2025-12-14T15:22:58.674+0000] {dag.py:3239} INFO - Sync 1 DAGs
[2025-12-14T15:22:58.699+0000] {logging_mixin.py:190} INFO - [2025-12-14T15:22:58.698+0000] {dag.py:4180} INFO - Setting next_dagrun for etl_synthetic_events to None, run_after=None
[2025-12-14T15:22:58.732+0000] {processor.py:208} INFO - Processing /opt/airflow/dags/etl_airflow_dag.py took 0.632 seconds
[2025-12-14T15:23:29.130+0000] {processor.py:186} INFO - Started process (PID=1216) to work on /opt/airflow/dags/etl_airflow_dag.py
[2025-12-14T15:23:29.132+0000] {processor.py:914} INFO - Processing file /opt/airflow/dags/etl_airflow_dag.py for tasks to queue
[2025-12-14T15:23:29.134+0000] {logging_mixin.py:190} INFO - [2025-12-14T15:23:29.134+0000] {dagbag.py:588} INFO - Filling up the DagBag from /opt/airflow/dags/etl_airflow_dag.py
[2025-12-14T15:23:29.690+0000] {processor.py:925} INFO - DAG(s) 'etl_synthetic_events' retrieved from /opt/airflow/dags/etl_airflow_dag.py
[2025-12-14T15:23:29.740+0000] {logging_mixin.py:190} INFO - [2025-12-14T15:23:29.739+0000] {dag.py:3239} INFO - Sync 1 DAGs
[2025-12-14T15:23:29.763+0000] {logging_mixin.py:190} INFO - [2025-12-14T15:23:29.763+0000] {dag.py:4180} INFO - Setting next_dagrun for etl_synthetic_events to None, run_after=None
[2025-12-14T15:23:29.796+0000] {processor.py:208} INFO - Processing /opt/airflow/dags/etl_airflow_dag.py took 0.679 seconds
[2025-12-14T15:24:00.091+0000] {processor.py:186} INFO - Started process (PID=1222) to work on /opt/airflow/dags/etl_airflow_dag.py
[2025-12-14T15:24:00.093+0000] {processor.py:914} INFO - Processing file /opt/airflow/dags/etl_airflow_dag.py for tasks to queue
[2025-12-14T15:24:00.096+0000] {logging_mixin.py:190} INFO - [2025-12-14T15:24:00.095+0000] {dagbag.py:588} INFO - Filling up the DagBag from /opt/airflow/dags/etl_airflow_dag.py
[2025-12-14T15:24:00.626+0000] {processor.py:925} INFO - DAG(s) 'etl_synthetic_events' retrieved from /opt/airflow/dags/etl_airflow_dag.py
[2025-12-14T15:24:00.671+0000] {logging_mixin.py:190} INFO - [2025-12-14T15:24:00.670+0000] {dag.py:3239} INFO - Sync 1 DAGs
[2025-12-14T15:24:00.695+0000] {logging_mixin.py:190} INFO - [2025-12-14T15:24:00.695+0000] {dag.py:4180} INFO - Setting next_dagrun for etl_synthetic_events to None, run_after=None
[2025-12-14T15:24:00.733+0000] {processor.py:208} INFO - Processing /opt/airflow/dags/etl_airflow_dag.py took 0.652 seconds
[2025-12-14T15:24:31.138+0000] {processor.py:186} INFO - Started process (PID=1228) to work on /opt/airflow/dags/etl_airflow_dag.py
[2025-12-14T15:24:31.140+0000] {processor.py:914} INFO - Processing file /opt/airflow/dags/etl_airflow_dag.py for tasks to queue
[2025-12-14T15:24:31.143+0000] {logging_mixin.py:190} INFO - [2025-12-14T15:24:31.142+0000] {dagbag.py:588} INFO - Filling up the DagBag from /opt/airflow/dags/etl_airflow_dag.py
[2025-12-14T15:24:31.716+0000] {processor.py:925} INFO - DAG(s) 'etl_synthetic_events' retrieved from /opt/airflow/dags/etl_airflow_dag.py
[2025-12-14T15:24:31.759+0000] {logging_mixin.py:190} INFO - [2025-12-14T15:24:31.758+0000] {dag.py:3239} INFO - Sync 1 DAGs
[2025-12-14T15:24:31.780+0000] {logging_mixin.py:190} INFO - [2025-12-14T15:24:31.780+0000] {dag.py:4180} INFO - Setting next_dagrun for etl_synthetic_events to None, run_after=None
[2025-12-14T15:24:31.817+0000] {processor.py:208} INFO - Processing /opt/airflow/dags/etl_airflow_dag.py took 0.690 seconds
[2025-12-14T15:25:02.201+0000] {processor.py:186} INFO - Started process (PID=1234) to work on /opt/airflow/dags/etl_airflow_dag.py
[2025-12-14T15:25:02.203+0000] {processor.py:914} INFO - Processing file /opt/airflow/dags/etl_airflow_dag.py for tasks to queue
[2025-12-14T15:25:02.205+0000] {logging_mixin.py:190} INFO - [2025-12-14T15:25:02.204+0000] {dagbag.py:588} INFO - Filling up the DagBag from /opt/airflow/dags/etl_airflow_dag.py
[2025-12-14T15:25:02.681+0000] {processor.py:925} INFO - DAG(s) 'etl_synthetic_events' retrieved from /opt/airflow/dags/etl_airflow_dag.py
[2025-12-14T15:25:02.723+0000] {logging_mixin.py:190} INFO - [2025-12-14T15:25:02.721+0000] {dag.py:3239} INFO - Sync 1 DAGs
[2025-12-14T15:25:02.747+0000] {logging_mixin.py:190} INFO - [2025-12-14T15:25:02.746+0000] {dag.py:4180} INFO - Setting next_dagrun for etl_synthetic_events to None, run_after=None
[2025-12-14T15:25:02.788+0000] {processor.py:208} INFO - Processing /opt/airflow/dags/etl_airflow_dag.py took 0.596 seconds
[2025-12-14T15:25:33.123+0000] {processor.py:186} INFO - Started process (PID=1240) to work on /opt/airflow/dags/etl_airflow_dag.py
[2025-12-14T15:25:33.125+0000] {processor.py:914} INFO - Processing file /opt/airflow/dags/etl_airflow_dag.py for tasks to queue
[2025-12-14T15:25:33.127+0000] {logging_mixin.py:190} INFO - [2025-12-14T15:25:33.127+0000] {dagbag.py:588} INFO - Filling up the DagBag from /opt/airflow/dags/etl_airflow_dag.py
[2025-12-14T15:25:33.636+0000] {processor.py:925} INFO - DAG(s) 'etl_synthetic_events' retrieved from /opt/airflow/dags/etl_airflow_dag.py
[2025-12-14T15:25:33.679+0000] {logging_mixin.py:190} INFO - [2025-12-14T15:25:33.678+0000] {dag.py:3239} INFO - Sync 1 DAGs
[2025-12-14T15:25:33.703+0000] {logging_mixin.py:190} INFO - [2025-12-14T15:25:33.702+0000] {dag.py:4180} INFO - Setting next_dagrun for etl_synthetic_events to None, run_after=None
[2025-12-14T15:25:33.742+0000] {processor.py:208} INFO - Processing /opt/airflow/dags/etl_airflow_dag.py took 0.629 seconds
[2025-12-14T15:26:04.168+0000] {processor.py:186} INFO - Started process (PID=1246) to work on /opt/airflow/dags/etl_airflow_dag.py
[2025-12-14T15:26:04.170+0000] {processor.py:914} INFO - Processing file /opt/airflow/dags/etl_airflow_dag.py for tasks to queue
[2025-12-14T15:26:04.173+0000] {logging_mixin.py:190} INFO - [2025-12-14T15:26:04.172+0000] {dagbag.py:588} INFO - Filling up the DagBag from /opt/airflow/dags/etl_airflow_dag.py
[2025-12-14T15:26:04.695+0000] {processor.py:925} INFO - DAG(s) 'etl_synthetic_events' retrieved from /opt/airflow/dags/etl_airflow_dag.py
[2025-12-14T15:26:04.739+0000] {logging_mixin.py:190} INFO - [2025-12-14T15:26:04.738+0000] {dag.py:3239} INFO - Sync 1 DAGs
[2025-12-14T15:26:04.761+0000] {logging_mixin.py:190} INFO - [2025-12-14T15:26:04.760+0000] {dag.py:4180} INFO - Setting next_dagrun for etl_synthetic_events to None, run_after=None
[2025-12-14T15:26:04.792+0000] {processor.py:208} INFO - Processing /opt/airflow/dags/etl_airflow_dag.py took 0.637 seconds
[2025-12-14T15:26:35.173+0000] {processor.py:186} INFO - Started process (PID=1252) to work on /opt/airflow/dags/etl_airflow_dag.py
[2025-12-14T15:26:35.175+0000] {processor.py:914} INFO - Processing file /opt/airflow/dags/etl_airflow_dag.py for tasks to queue
[2025-12-14T15:26:35.177+0000] {logging_mixin.py:190} INFO - [2025-12-14T15:26:35.177+0000] {dagbag.py:588} INFO - Filling up the DagBag from /opt/airflow/dags/etl_airflow_dag.py
[2025-12-14T15:26:35.915+0000] {processor.py:925} INFO - DAG(s) 'etl_synthetic_events' retrieved from /opt/airflow/dags/etl_airflow_dag.py
[2025-12-14T15:26:35.958+0000] {logging_mixin.py:190} INFO - [2025-12-14T15:26:35.957+0000] {dag.py:3239} INFO - Sync 1 DAGs
[2025-12-14T15:26:35.979+0000] {logging_mixin.py:190} INFO - [2025-12-14T15:26:35.978+0000] {dag.py:4180} INFO - Setting next_dagrun for etl_synthetic_events to None, run_after=None
[2025-12-14T15:26:36.012+0000] {processor.py:208} INFO - Processing /opt/airflow/dags/etl_airflow_dag.py took 0.849 seconds
[2025-12-14T15:27:06.117+0000] {processor.py:186} INFO - Started process (PID=1258) to work on /opt/airflow/dags/etl_airflow_dag.py
[2025-12-14T15:27:06.119+0000] {processor.py:914} INFO - Processing file /opt/airflow/dags/etl_airflow_dag.py for tasks to queue
[2025-12-14T15:27:06.122+0000] {logging_mixin.py:190} INFO - [2025-12-14T15:27:06.121+0000] {dagbag.py:588} INFO - Filling up the DagBag from /opt/airflow/dags/etl_airflow_dag.py
[2025-12-14T15:27:06.620+0000] {processor.py:925} INFO - DAG(s) 'etl_synthetic_events' retrieved from /opt/airflow/dags/etl_airflow_dag.py
[2025-12-14T15:27:06.663+0000] {logging_mixin.py:190} INFO - [2025-12-14T15:27:06.662+0000] {dag.py:3239} INFO - Sync 1 DAGs
[2025-12-14T15:27:06.687+0000] {logging_mixin.py:190} INFO - [2025-12-14T15:27:06.686+0000] {dag.py:4180} INFO - Setting next_dagrun for etl_synthetic_events to None, run_after=None
[2025-12-14T15:27:06.727+0000] {processor.py:208} INFO - Processing /opt/airflow/dags/etl_airflow_dag.py took 0.620 seconds
[2025-12-14T15:27:37.112+0000] {processor.py:186} INFO - Started process (PID=1264) to work on /opt/airflow/dags/etl_airflow_dag.py
[2025-12-14T15:27:37.114+0000] {processor.py:914} INFO - Processing file /opt/airflow/dags/etl_airflow_dag.py for tasks to queue
[2025-12-14T15:27:37.117+0000] {logging_mixin.py:190} INFO - [2025-12-14T15:27:37.117+0000] {dagbag.py:588} INFO - Filling up the DagBag from /opt/airflow/dags/etl_airflow_dag.py
[2025-12-14T15:27:37.636+0000] {processor.py:925} INFO - DAG(s) 'etl_synthetic_events' retrieved from /opt/airflow/dags/etl_airflow_dag.py
[2025-12-14T15:27:37.685+0000] {logging_mixin.py:190} INFO - [2025-12-14T15:27:37.684+0000] {dag.py:3239} INFO - Sync 1 DAGs
[2025-12-14T15:27:37.707+0000] {logging_mixin.py:190} INFO - [2025-12-14T15:27:37.707+0000] {dag.py:4180} INFO - Setting next_dagrun for etl_synthetic_events to None, run_after=None
[2025-12-14T15:27:37.780+0000] {processor.py:208} INFO - Processing /opt/airflow/dags/etl_airflow_dag.py took 0.680 seconds
[2025-12-14T15:28:08.061+0000] {processor.py:186} INFO - Started process (PID=1270) to work on /opt/airflow/dags/etl_airflow_dag.py
[2025-12-14T15:28:08.064+0000] {processor.py:914} INFO - Processing file /opt/airflow/dags/etl_airflow_dag.py for tasks to queue
[2025-12-14T15:28:08.067+0000] {logging_mixin.py:190} INFO - [2025-12-14T15:28:08.066+0000] {dagbag.py:588} INFO - Filling up the DagBag from /opt/airflow/dags/etl_airflow_dag.py
[2025-12-14T15:28:08.722+0000] {processor.py:925} INFO - DAG(s) 'etl_synthetic_events' retrieved from /opt/airflow/dags/etl_airflow_dag.py
[2025-12-14T15:28:08.768+0000] {logging_mixin.py:190} INFO - [2025-12-14T15:28:08.767+0000] {dag.py:3239} INFO - Sync 1 DAGs
[2025-12-14T15:28:08.791+0000] {logging_mixin.py:190} INFO - [2025-12-14T15:28:08.791+0000] {dag.py:4180} INFO - Setting next_dagrun for etl_synthetic_events to None, run_after=None
[2025-12-14T15:28:08.829+0000] {processor.py:208} INFO - Processing /opt/airflow/dags/etl_airflow_dag.py took 0.780 seconds
[2025-12-14T15:28:39.275+0000] {processor.py:186} INFO - Started process (PID=1276) to work on /opt/airflow/dags/etl_airflow_dag.py
[2025-12-14T15:28:39.277+0000] {processor.py:914} INFO - Processing file /opt/airflow/dags/etl_airflow_dag.py for tasks to queue
[2025-12-14T15:28:39.280+0000] {logging_mixin.py:190} INFO - [2025-12-14T15:28:39.279+0000] {dagbag.py:588} INFO - Filling up the DagBag from /opt/airflow/dags/etl_airflow_dag.py
[2025-12-14T15:28:39.805+0000] {processor.py:925} INFO - DAG(s) 'etl_synthetic_events' retrieved from /opt/airflow/dags/etl_airflow_dag.py
[2025-12-14T15:28:39.848+0000] {logging_mixin.py:190} INFO - [2025-12-14T15:28:39.847+0000] {dag.py:3239} INFO - Sync 1 DAGs
[2025-12-14T15:28:39.869+0000] {logging_mixin.py:190} INFO - [2025-12-14T15:28:39.868+0000] {dag.py:4180} INFO - Setting next_dagrun for etl_synthetic_events to None, run_after=None
[2025-12-14T15:28:39.901+0000] {processor.py:208} INFO - Processing /opt/airflow/dags/etl_airflow_dag.py took 0.636 seconds
[2025-12-14T15:29:10.317+0000] {processor.py:186} INFO - Started process (PID=1282) to work on /opt/airflow/dags/etl_airflow_dag.py
[2025-12-14T15:29:10.319+0000] {processor.py:914} INFO - Processing file /opt/airflow/dags/etl_airflow_dag.py for tasks to queue
[2025-12-14T15:29:10.322+0000] {logging_mixin.py:190} INFO - [2025-12-14T15:29:10.321+0000] {dagbag.py:588} INFO - Filling up the DagBag from /opt/airflow/dags/etl_airflow_dag.py
[2025-12-14T15:29:10.887+0000] {processor.py:925} INFO - DAG(s) 'etl_synthetic_events' retrieved from /opt/airflow/dags/etl_airflow_dag.py
[2025-12-14T15:29:10.930+0000] {logging_mixin.py:190} INFO - [2025-12-14T15:29:10.930+0000] {dag.py:3239} INFO - Sync 1 DAGs
[2025-12-14T15:29:10.953+0000] {logging_mixin.py:190} INFO - [2025-12-14T15:29:10.953+0000] {dag.py:4180} INFO - Setting next_dagrun for etl_synthetic_events to None, run_after=None
[2025-12-14T15:29:10.985+0000] {processor.py:208} INFO - Processing /opt/airflow/dags/etl_airflow_dag.py took 0.680 seconds
[2025-12-14T15:29:41.144+0000] {processor.py:186} INFO - Started process (PID=1288) to work on /opt/airflow/dags/etl_airflow_dag.py
[2025-12-14T15:29:41.146+0000] {processor.py:914} INFO - Processing file /opt/airflow/dags/etl_airflow_dag.py for tasks to queue
[2025-12-14T15:29:41.148+0000] {logging_mixin.py:190} INFO - [2025-12-14T15:29:41.147+0000] {dagbag.py:588} INFO - Filling up the DagBag from /opt/airflow/dags/etl_airflow_dag.py
[2025-12-14T15:29:41.708+0000] {processor.py:925} INFO - DAG(s) 'etl_synthetic_events' retrieved from /opt/airflow/dags/etl_airflow_dag.py
[2025-12-14T15:29:41.754+0000] {logging_mixin.py:190} INFO - [2025-12-14T15:29:41.753+0000] {dag.py:3239} INFO - Sync 1 DAGs
[2025-12-14T15:29:41.776+0000] {logging_mixin.py:190} INFO - [2025-12-14T15:29:41.776+0000] {dag.py:4180} INFO - Setting next_dagrun for etl_synthetic_events to None, run_after=None
[2025-12-14T15:29:41.809+0000] {processor.py:208} INFO - Processing /opt/airflow/dags/etl_airflow_dag.py took 0.676 seconds
[2025-12-14T15:30:12.225+0000] {processor.py:186} INFO - Started process (PID=1294) to work on /opt/airflow/dags/etl_airflow_dag.py
[2025-12-14T15:30:12.227+0000] {processor.py:914} INFO - Processing file /opt/airflow/dags/etl_airflow_dag.py for tasks to queue
[2025-12-14T15:30:12.230+0000] {logging_mixin.py:190} INFO - [2025-12-14T15:30:12.230+0000] {dagbag.py:588} INFO - Filling up the DagBag from /opt/airflow/dags/etl_airflow_dag.py
[2025-12-14T15:30:12.809+0000] {processor.py:925} INFO - DAG(s) 'etl_synthetic_events' retrieved from /opt/airflow/dags/etl_airflow_dag.py
[2025-12-14T15:30:12.856+0000] {logging_mixin.py:190} INFO - [2025-12-14T15:30:12.855+0000] {dag.py:3239} INFO - Sync 1 DAGs
[2025-12-14T15:30:12.882+0000] {logging_mixin.py:190} INFO - [2025-12-14T15:30:12.881+0000] {dag.py:4180} INFO - Setting next_dagrun for etl_synthetic_events to None, run_after=None
[2025-12-14T15:30:12.924+0000] {processor.py:208} INFO - Processing /opt/airflow/dags/etl_airflow_dag.py took 0.709 seconds
[2025-12-14T15:30:43.043+0000] {processor.py:186} INFO - Started process (PID=1300) to work on /opt/airflow/dags/etl_airflow_dag.py
[2025-12-14T15:30:43.045+0000] {processor.py:914} INFO - Processing file /opt/airflow/dags/etl_airflow_dag.py for tasks to queue
[2025-12-14T15:30:43.047+0000] {logging_mixin.py:190} INFO - [2025-12-14T15:30:43.047+0000] {dagbag.py:588} INFO - Filling up the DagBag from /opt/airflow/dags/etl_airflow_dag.py
[2025-12-14T15:30:43.552+0000] {processor.py:925} INFO - DAG(s) 'etl_synthetic_events' retrieved from /opt/airflow/dags/etl_airflow_dag.py
[2025-12-14T15:30:43.603+0000] {logging_mixin.py:190} INFO - [2025-12-14T15:30:43.602+0000] {dag.py:3239} INFO - Sync 1 DAGs
[2025-12-14T15:30:43.627+0000] {logging_mixin.py:190} INFO - [2025-12-14T15:30:43.626+0000] {dag.py:4180} INFO - Setting next_dagrun for etl_synthetic_events to None, run_after=None
[2025-12-14T15:30:43.659+0000] {processor.py:208} INFO - Processing /opt/airflow/dags/etl_airflow_dag.py took 0.625 seconds
[2025-12-14T15:31:14.088+0000] {processor.py:186} INFO - Started process (PID=1306) to work on /opt/airflow/dags/etl_airflow_dag.py
[2025-12-14T15:31:14.091+0000] {processor.py:914} INFO - Processing file /opt/airflow/dags/etl_airflow_dag.py for tasks to queue
[2025-12-14T15:31:14.093+0000] {logging_mixin.py:190} INFO - [2025-12-14T15:31:14.093+0000] {dagbag.py:588} INFO - Filling up the DagBag from /opt/airflow/dags/etl_airflow_dag.py
[2025-12-14T15:31:14.614+0000] {processor.py:925} INFO - DAG(s) 'etl_synthetic_events' retrieved from /opt/airflow/dags/etl_airflow_dag.py
[2025-12-14T15:31:14.653+0000] {logging_mixin.py:190} INFO - [2025-12-14T15:31:14.652+0000] {dag.py:3239} INFO - Sync 1 DAGs
[2025-12-14T15:31:14.677+0000] {logging_mixin.py:190} INFO - [2025-12-14T15:31:14.677+0000] {dag.py:4180} INFO - Setting next_dagrun for etl_synthetic_events to None, run_after=None
[2025-12-14T15:31:14.709+0000] {processor.py:208} INFO - Processing /opt/airflow/dags/etl_airflow_dag.py took 0.631 seconds
[2025-12-14T15:31:44.957+0000] {processor.py:186} INFO - Started process (PID=1312) to work on /opt/airflow/dags/etl_airflow_dag.py
[2025-12-14T15:31:44.958+0000] {processor.py:914} INFO - Processing file /opt/airflow/dags/etl_airflow_dag.py for tasks to queue
[2025-12-14T15:31:44.961+0000] {logging_mixin.py:190} INFO - [2025-12-14T15:31:44.960+0000] {dagbag.py:588} INFO - Filling up the DagBag from /opt/airflow/dags/etl_airflow_dag.py
[2025-12-14T15:31:45.461+0000] {processor.py:925} INFO - DAG(s) 'etl_synthetic_events' retrieved from /opt/airflow/dags/etl_airflow_dag.py
[2025-12-14T15:31:45.509+0000] {logging_mixin.py:190} INFO - [2025-12-14T15:31:45.508+0000] {dag.py:3239} INFO - Sync 1 DAGs
[2025-12-14T15:31:45.531+0000] {logging_mixin.py:190} INFO - [2025-12-14T15:31:45.531+0000] {dag.py:4180} INFO - Setting next_dagrun for etl_synthetic_events to None, run_after=None
[2025-12-14T15:31:45.567+0000] {processor.py:208} INFO - Processing /opt/airflow/dags/etl_airflow_dag.py took 0.619 seconds
[2025-12-14T15:32:15.998+0000] {processor.py:186} INFO - Started process (PID=1318) to work on /opt/airflow/dags/etl_airflow_dag.py
[2025-12-14T15:32:16.001+0000] {processor.py:914} INFO - Processing file /opt/airflow/dags/etl_airflow_dag.py for tasks to queue
[2025-12-14T15:32:16.005+0000] {logging_mixin.py:190} INFO - [2025-12-14T15:32:16.004+0000] {dagbag.py:588} INFO - Filling up the DagBag from /opt/airflow/dags/etl_airflow_dag.py
[2025-12-14T15:32:16.519+0000] {processor.py:925} INFO - DAG(s) 'etl_synthetic_events' retrieved from /opt/airflow/dags/etl_airflow_dag.py
[2025-12-14T15:32:16.560+0000] {logging_mixin.py:190} INFO - [2025-12-14T15:32:16.560+0000] {dag.py:3239} INFO - Sync 1 DAGs
[2025-12-14T15:32:16.581+0000] {logging_mixin.py:190} INFO - [2025-12-14T15:32:16.580+0000] {dag.py:4180} INFO - Setting next_dagrun for etl_synthetic_events to None, run_after=None
[2025-12-14T15:32:16.613+0000] {processor.py:208} INFO - Processing /opt/airflow/dags/etl_airflow_dag.py took 0.632 seconds
[2025-12-14T15:32:46.762+0000] {processor.py:186} INFO - Started process (PID=1324) to work on /opt/airflow/dags/etl_airflow_dag.py
[2025-12-14T15:32:46.764+0000] {processor.py:914} INFO - Processing file /opt/airflow/dags/etl_airflow_dag.py for tasks to queue
[2025-12-14T15:32:46.767+0000] {logging_mixin.py:190} INFO - [2025-12-14T15:32:46.766+0000] {dagbag.py:588} INFO - Filling up the DagBag from /opt/airflow/dags/etl_airflow_dag.py
[2025-12-14T15:32:47.352+0000] {processor.py:925} INFO - DAG(s) 'etl_synthetic_events' retrieved from /opt/airflow/dags/etl_airflow_dag.py
[2025-12-14T15:32:47.400+0000] {logging_mixin.py:190} INFO - [2025-12-14T15:32:47.399+0000] {dag.py:3239} INFO - Sync 1 DAGs
[2025-12-14T15:32:47.423+0000] {logging_mixin.py:190} INFO - [2025-12-14T15:32:47.423+0000] {dag.py:4180} INFO - Setting next_dagrun for etl_synthetic_events to None, run_after=None
[2025-12-14T15:32:47.462+0000] {processor.py:208} INFO - Processing /opt/airflow/dags/etl_airflow_dag.py took 0.717 seconds
[2025-12-14T15:33:17.876+0000] {processor.py:186} INFO - Started process (PID=1330) to work on /opt/airflow/dags/etl_airflow_dag.py
[2025-12-14T15:33:17.879+0000] {processor.py:914} INFO - Processing file /opt/airflow/dags/etl_airflow_dag.py for tasks to queue
[2025-12-14T15:33:17.881+0000] {logging_mixin.py:190} INFO - [2025-12-14T15:33:17.881+0000] {dagbag.py:588} INFO - Filling up the DagBag from /opt/airflow/dags/etl_airflow_dag.py
[2025-12-14T15:33:18.471+0000] {processor.py:925} INFO - DAG(s) 'etl_synthetic_events' retrieved from /opt/airflow/dags/etl_airflow_dag.py
[2025-12-14T15:33:18.512+0000] {logging_mixin.py:190} INFO - [2025-12-14T15:33:18.511+0000] {dag.py:3239} INFO - Sync 1 DAGs
[2025-12-14T15:33:18.535+0000] {logging_mixin.py:190} INFO - [2025-12-14T15:33:18.535+0000] {dag.py:4180} INFO - Setting next_dagrun for etl_synthetic_events to None, run_after=None
[2025-12-14T15:33:18.567+0000] {processor.py:208} INFO - Processing /opt/airflow/dags/etl_airflow_dag.py took 0.702 seconds
[2025-12-14T15:33:48.706+0000] {processor.py:186} INFO - Started process (PID=1336) to work on /opt/airflow/dags/etl_airflow_dag.py
[2025-12-14T15:33:48.707+0000] {processor.py:914} INFO - Processing file /opt/airflow/dags/etl_airflow_dag.py for tasks to queue
[2025-12-14T15:33:48.710+0000] {logging_mixin.py:190} INFO - [2025-12-14T15:33:48.710+0000] {dagbag.py:588} INFO - Filling up the DagBag from /opt/airflow/dags/etl_airflow_dag.py
[2025-12-14T15:33:49.302+0000] {processor.py:925} INFO - DAG(s) 'etl_synthetic_events' retrieved from /opt/airflow/dags/etl_airflow_dag.py
[2025-12-14T15:33:49.352+0000] {logging_mixin.py:190} INFO - [2025-12-14T15:33:49.352+0000] {dag.py:3239} INFO - Sync 1 DAGs
[2025-12-14T15:33:49.376+0000] {logging_mixin.py:190} INFO - [2025-12-14T15:33:49.375+0000] {dag.py:4180} INFO - Setting next_dagrun for etl_synthetic_events to None, run_after=None
[2025-12-14T15:33:49.415+0000] {processor.py:208} INFO - Processing /opt/airflow/dags/etl_airflow_dag.py took 0.719 seconds
[2025-12-14T15:34:19.815+0000] {processor.py:186} INFO - Started process (PID=1342) to work on /opt/airflow/dags/etl_airflow_dag.py
[2025-12-14T15:34:19.817+0000] {processor.py:914} INFO - Processing file /opt/airflow/dags/etl_airflow_dag.py for tasks to queue
[2025-12-14T15:34:19.821+0000] {logging_mixin.py:190} INFO - [2025-12-14T15:34:19.820+0000] {dagbag.py:588} INFO - Filling up the DagBag from /opt/airflow/dags/etl_airflow_dag.py
[2025-12-14T15:34:20.473+0000] {processor.py:925} INFO - DAG(s) 'etl_synthetic_events' retrieved from /opt/airflow/dags/etl_airflow_dag.py
[2025-12-14T15:34:20.518+0000] {logging_mixin.py:190} INFO - [2025-12-14T15:34:20.517+0000] {dag.py:3239} INFO - Sync 1 DAGs
[2025-12-14T15:34:20.542+0000] {logging_mixin.py:190} INFO - [2025-12-14T15:34:20.541+0000] {dag.py:4180} INFO - Setting next_dagrun for etl_synthetic_events to None, run_after=None
[2025-12-14T15:34:20.577+0000] {processor.py:208} INFO - Processing /opt/airflow/dags/etl_airflow_dag.py took 0.776 seconds
[2025-12-14T15:34:50.977+0000] {processor.py:186} INFO - Started process (PID=1348) to work on /opt/airflow/dags/etl_airflow_dag.py
[2025-12-14T15:34:50.979+0000] {processor.py:914} INFO - Processing file /opt/airflow/dags/etl_airflow_dag.py for tasks to queue
[2025-12-14T15:34:50.982+0000] {logging_mixin.py:190} INFO - [2025-12-14T15:34:50.981+0000] {dagbag.py:588} INFO - Filling up the DagBag from /opt/airflow/dags/etl_airflow_dag.py
[2025-12-14T15:34:51.492+0000] {processor.py:925} INFO - DAG(s) 'etl_synthetic_events' retrieved from /opt/airflow/dags/etl_airflow_dag.py
[2025-12-14T15:34:51.535+0000] {logging_mixin.py:190} INFO - [2025-12-14T15:34:51.535+0000] {dag.py:3239} INFO - Sync 1 DAGs
[2025-12-14T15:34:51.557+0000] {logging_mixin.py:190} INFO - [2025-12-14T15:34:51.557+0000] {dag.py:4180} INFO - Setting next_dagrun for etl_synthetic_events to None, run_after=None
[2025-12-14T15:34:51.591+0000] {processor.py:208} INFO - Processing /opt/airflow/dags/etl_airflow_dag.py took 0.625 seconds
[2025-12-14T15:35:22.005+0000] {processor.py:186} INFO - Started process (PID=1354) to work on /opt/airflow/dags/etl_airflow_dag.py
[2025-12-14T15:35:22.008+0000] {processor.py:914} INFO - Processing file /opt/airflow/dags/etl_airflow_dag.py for tasks to queue
[2025-12-14T15:35:22.011+0000] {logging_mixin.py:190} INFO - [2025-12-14T15:35:22.010+0000] {dagbag.py:588} INFO - Filling up the DagBag from /opt/airflow/dags/etl_airflow_dag.py
[2025-12-14T15:35:22.564+0000] {processor.py:925} INFO - DAG(s) 'etl_synthetic_events' retrieved from /opt/airflow/dags/etl_airflow_dag.py
[2025-12-14T15:35:22.607+0000] {logging_mixin.py:190} INFO - [2025-12-14T15:35:22.606+0000] {dag.py:3239} INFO - Sync 1 DAGs
[2025-12-14T15:35:22.631+0000] {logging_mixin.py:190} INFO - [2025-12-14T15:35:22.631+0000] {dag.py:4180} INFO - Setting next_dagrun for etl_synthetic_events to None, run_after=None
[2025-12-14T15:35:22.669+0000] {processor.py:208} INFO - Processing /opt/airflow/dags/etl_airflow_dag.py took 0.677 seconds
[2025-12-14T15:35:53.110+0000] {processor.py:186} INFO - Started process (PID=1360) to work on /opt/airflow/dags/etl_airflow_dag.py
[2025-12-14T15:35:53.113+0000] {processor.py:914} INFO - Processing file /opt/airflow/dags/etl_airflow_dag.py for tasks to queue
[2025-12-14T15:35:53.116+0000] {logging_mixin.py:190} INFO - [2025-12-14T15:35:53.115+0000] {dagbag.py:588} INFO - Filling up the DagBag from /opt/airflow/dags/etl_airflow_dag.py
[2025-12-14T15:35:53.650+0000] {processor.py:925} INFO - DAG(s) 'etl_synthetic_events' retrieved from /opt/airflow/dags/etl_airflow_dag.py
[2025-12-14T15:35:53.698+0000] {logging_mixin.py:190} INFO - [2025-12-14T15:35:53.697+0000] {dag.py:3239} INFO - Sync 1 DAGs
[2025-12-14T15:35:53.719+0000] {logging_mixin.py:190} INFO - [2025-12-14T15:35:53.718+0000] {dag.py:4180} INFO - Setting next_dagrun for etl_synthetic_events to None, run_after=None
[2025-12-14T15:35:53.751+0000] {processor.py:208} INFO - Processing /opt/airflow/dags/etl_airflow_dag.py took 0.654 seconds
[2025-12-14T15:36:24.166+0000] {processor.py:186} INFO - Started process (PID=1366) to work on /opt/airflow/dags/etl_airflow_dag.py
[2025-12-14T15:36:24.169+0000] {processor.py:914} INFO - Processing file /opt/airflow/dags/etl_airflow_dag.py for tasks to queue
[2025-12-14T15:36:24.171+0000] {logging_mixin.py:190} INFO - [2025-12-14T15:36:24.170+0000] {dagbag.py:588} INFO - Filling up the DagBag from /opt/airflow/dags/etl_airflow_dag.py
[2025-12-14T15:36:24.731+0000] {processor.py:925} INFO - DAG(s) 'etl_synthetic_events' retrieved from /opt/airflow/dags/etl_airflow_dag.py
[2025-12-14T15:36:24.778+0000] {logging_mixin.py:190} INFO - [2025-12-14T15:36:24.777+0000] {dag.py:3239} INFO - Sync 1 DAGs
[2025-12-14T15:36:24.802+0000] {logging_mixin.py:190} INFO - [2025-12-14T15:36:24.801+0000] {dag.py:4180} INFO - Setting next_dagrun for etl_synthetic_events to None, run_after=None
[2025-12-14T15:36:24.837+0000] {processor.py:208} INFO - Processing /opt/airflow/dags/etl_airflow_dag.py took 0.680 seconds
[2025-12-14T15:36:55.007+0000] {processor.py:186} INFO - Started process (PID=1372) to work on /opt/airflow/dags/etl_airflow_dag.py
[2025-12-14T15:36:55.009+0000] {processor.py:914} INFO - Processing file /opt/airflow/dags/etl_airflow_dag.py for tasks to queue
[2025-12-14T15:36:55.012+0000] {logging_mixin.py:190} INFO - [2025-12-14T15:36:55.011+0000] {dagbag.py:588} INFO - Filling up the DagBag from /opt/airflow/dags/etl_airflow_dag.py
[2025-12-14T15:36:55.519+0000] {processor.py:925} INFO - DAG(s) 'etl_synthetic_events' retrieved from /opt/airflow/dags/etl_airflow_dag.py
[2025-12-14T15:36:55.563+0000] {logging_mixin.py:190} INFO - [2025-12-14T15:36:55.562+0000] {dag.py:3239} INFO - Sync 1 DAGs
[2025-12-14T15:36:55.589+0000] {logging_mixin.py:190} INFO - [2025-12-14T15:36:55.588+0000] {dag.py:4180} INFO - Setting next_dagrun for etl_synthetic_events to None, run_after=None
[2025-12-14T15:36:55.621+0000] {processor.py:208} INFO - Processing /opt/airflow/dags/etl_airflow_dag.py took 0.623 seconds
[2025-12-14T15:37:26.054+0000] {processor.py:186} INFO - Started process (PID=1378) to work on /opt/airflow/dags/etl_airflow_dag.py
[2025-12-14T15:37:26.057+0000] {processor.py:914} INFO - Processing file /opt/airflow/dags/etl_airflow_dag.py for tasks to queue
[2025-12-14T15:37:26.062+0000] {logging_mixin.py:190} INFO - [2025-12-14T15:37:26.060+0000] {dagbag.py:588} INFO - Filling up the DagBag from /opt/airflow/dags/etl_airflow_dag.py
[2025-12-14T15:37:26.730+0000] {processor.py:925} INFO - DAG(s) 'etl_synthetic_events' retrieved from /opt/airflow/dags/etl_airflow_dag.py
[2025-12-14T15:37:26.772+0000] {logging_mixin.py:190} INFO - [2025-12-14T15:37:26.771+0000] {dag.py:3239} INFO - Sync 1 DAGs
[2025-12-14T15:37:26.794+0000] {logging_mixin.py:190} INFO - [2025-12-14T15:37:26.794+0000] {dag.py:4180} INFO - Setting next_dagrun for etl_synthetic_events to None, run_after=None
[2025-12-14T15:37:26.826+0000] {processor.py:208} INFO - Processing /opt/airflow/dags/etl_airflow_dag.py took 0.796 seconds
[2025-12-14T15:37:57.247+0000] {processor.py:186} INFO - Started process (PID=1384) to work on /opt/airflow/dags/etl_airflow_dag.py
[2025-12-14T15:37:57.249+0000] {processor.py:914} INFO - Processing file /opt/airflow/dags/etl_airflow_dag.py for tasks to queue
[2025-12-14T15:37:57.252+0000] {logging_mixin.py:190} INFO - [2025-12-14T15:37:57.251+0000] {dagbag.py:588} INFO - Filling up the DagBag from /opt/airflow/dags/etl_airflow_dag.py
[2025-12-14T15:37:57.766+0000] {processor.py:925} INFO - DAG(s) 'etl_synthetic_events' retrieved from /opt/airflow/dags/etl_airflow_dag.py
[2025-12-14T15:37:57.814+0000] {logging_mixin.py:190} INFO - [2025-12-14T15:37:57.813+0000] {dag.py:3239} INFO - Sync 1 DAGs
[2025-12-14T15:37:57.838+0000] {logging_mixin.py:190} INFO - [2025-12-14T15:37:57.838+0000] {dag.py:4180} INFO - Setting next_dagrun for etl_synthetic_events to None, run_after=None
[2025-12-14T15:37:57.871+0000] {processor.py:208} INFO - Processing /opt/airflow/dags/etl_airflow_dag.py took 0.636 seconds
[2025-12-14T15:38:28.301+0000] {processor.py:186} INFO - Started process (PID=1390) to work on /opt/airflow/dags/etl_airflow_dag.py
[2025-12-14T15:38:28.305+0000] {processor.py:914} INFO - Processing file /opt/airflow/dags/etl_airflow_dag.py for tasks to queue
[2025-12-14T15:38:28.309+0000] {logging_mixin.py:190} INFO - [2025-12-14T15:38:28.308+0000] {dagbag.py:588} INFO - Filling up the DagBag from /opt/airflow/dags/etl_airflow_dag.py
[2025-12-14T15:38:28.928+0000] {processor.py:925} INFO - DAG(s) 'etl_synthetic_events' retrieved from /opt/airflow/dags/etl_airflow_dag.py
[2025-12-14T15:38:28.970+0000] {logging_mixin.py:190} INFO - [2025-12-14T15:38:28.969+0000] {dag.py:3239} INFO - Sync 1 DAGs
[2025-12-14T15:38:28.992+0000] {logging_mixin.py:190} INFO - [2025-12-14T15:38:28.992+0000] {dag.py:4180} INFO - Setting next_dagrun for etl_synthetic_events to None, run_after=None
[2025-12-14T15:38:29.026+0000] {processor.py:208} INFO - Processing /opt/airflow/dags/etl_airflow_dag.py took 0.760 seconds
[2025-12-14T15:38:59.437+0000] {processor.py:186} INFO - Started process (PID=1396) to work on /opt/airflow/dags/etl_airflow_dag.py
[2025-12-14T15:38:59.439+0000] {processor.py:914} INFO - Processing file /opt/airflow/dags/etl_airflow_dag.py for tasks to queue
[2025-12-14T15:38:59.442+0000] {logging_mixin.py:190} INFO - [2025-12-14T15:38:59.441+0000] {dagbag.py:588} INFO - Filling up the DagBag from /opt/airflow/dags/etl_airflow_dag.py
[2025-12-14T15:38:59.993+0000] {processor.py:925} INFO - DAG(s) 'etl_synthetic_events' retrieved from /opt/airflow/dags/etl_airflow_dag.py
[2025-12-14T15:39:00.056+0000] {logging_mixin.py:190} INFO - [2025-12-14T15:39:00.055+0000] {dag.py:3239} INFO - Sync 1 DAGs
[2025-12-14T15:39:00.080+0000] {logging_mixin.py:190} INFO - [2025-12-14T15:39:00.079+0000] {dag.py:4180} INFO - Setting next_dagrun for etl_synthetic_events to None, run_after=None
[2025-12-14T15:39:00.113+0000] {processor.py:208} INFO - Processing /opt/airflow/dags/etl_airflow_dag.py took 0.686 seconds
[2025-12-14T15:39:30.535+0000] {processor.py:186} INFO - Started process (PID=1402) to work on /opt/airflow/dags/etl_airflow_dag.py
[2025-12-14T15:39:30.537+0000] {processor.py:914} INFO - Processing file /opt/airflow/dags/etl_airflow_dag.py for tasks to queue
[2025-12-14T15:39:30.540+0000] {logging_mixin.py:190} INFO - [2025-12-14T15:39:30.539+0000] {dagbag.py:588} INFO - Filling up the DagBag from /opt/airflow/dags/etl_airflow_dag.py
[2025-12-14T15:39:31.069+0000] {processor.py:925} INFO - DAG(s) 'etl_synthetic_events' retrieved from /opt/airflow/dags/etl_airflow_dag.py
[2025-12-14T15:39:31.111+0000] {logging_mixin.py:190} INFO - [2025-12-14T15:39:31.110+0000] {dag.py:3239} INFO - Sync 1 DAGs
[2025-12-14T15:39:31.139+0000] {logging_mixin.py:190} INFO - [2025-12-14T15:39:31.139+0000] {dag.py:4180} INFO - Setting next_dagrun for etl_synthetic_events to None, run_after=None
[2025-12-14T15:39:31.179+0000] {processor.py:208} INFO - Processing /opt/airflow/dags/etl_airflow_dag.py took 0.653 seconds
[2025-12-14T15:40:01.607+0000] {processor.py:186} INFO - Started process (PID=1408) to work on /opt/airflow/dags/etl_airflow_dag.py
[2025-12-14T15:40:01.609+0000] {processor.py:914} INFO - Processing file /opt/airflow/dags/etl_airflow_dag.py for tasks to queue
[2025-12-14T15:40:01.613+0000] {logging_mixin.py:190} INFO - [2025-12-14T15:40:01.612+0000] {dagbag.py:588} INFO - Filling up the DagBag from /opt/airflow/dags/etl_airflow_dag.py
[2025-12-14T15:40:02.115+0000] {processor.py:925} INFO - DAG(s) 'etl_synthetic_events' retrieved from /opt/airflow/dags/etl_airflow_dag.py
[2025-12-14T15:40:02.159+0000] {logging_mixin.py:190} INFO - [2025-12-14T15:40:02.158+0000] {dag.py:3239} INFO - Sync 1 DAGs
[2025-12-14T15:40:02.179+0000] {logging_mixin.py:190} INFO - [2025-12-14T15:40:02.179+0000] {dag.py:4180} INFO - Setting next_dagrun for etl_synthetic_events to None, run_after=None
[2025-12-14T15:40:02.215+0000] {processor.py:208} INFO - Processing /opt/airflow/dags/etl_airflow_dag.py took 0.618 seconds
[2025-12-14T15:40:32.618+0000] {processor.py:186} INFO - Started process (PID=1414) to work on /opt/airflow/dags/etl_airflow_dag.py
[2025-12-14T15:40:32.620+0000] {processor.py:914} INFO - Processing file /opt/airflow/dags/etl_airflow_dag.py for tasks to queue
[2025-12-14T15:40:32.623+0000] {logging_mixin.py:190} INFO - [2025-12-14T15:40:32.623+0000] {dagbag.py:588} INFO - Filling up the DagBag from /opt/airflow/dags/etl_airflow_dag.py
[2025-12-14T15:40:33.133+0000] {processor.py:925} INFO - DAG(s) 'etl_synthetic_events' retrieved from /opt/airflow/dags/etl_airflow_dag.py
[2025-12-14T15:40:33.171+0000] {logging_mixin.py:190} INFO - [2025-12-14T15:40:33.170+0000] {dag.py:3239} INFO - Sync 1 DAGs
[2025-12-14T15:40:33.192+0000] {logging_mixin.py:190} INFO - [2025-12-14T15:40:33.191+0000] {dag.py:4180} INFO - Setting next_dagrun for etl_synthetic_events to None, run_after=None
[2025-12-14T15:40:33.222+0000] {processor.py:208} INFO - Processing /opt/airflow/dags/etl_airflow_dag.py took 0.615 seconds
[2025-12-14T15:41:03.603+0000] {processor.py:186} INFO - Started process (PID=1420) to work on /opt/airflow/dags/etl_airflow_dag.py
[2025-12-14T15:41:03.605+0000] {processor.py:914} INFO - Processing file /opt/airflow/dags/etl_airflow_dag.py for tasks to queue
[2025-12-14T15:41:03.608+0000] {logging_mixin.py:190} INFO - [2025-12-14T15:41:03.608+0000] {dagbag.py:588} INFO - Filling up the DagBag from /opt/airflow/dags/etl_airflow_dag.py
[2025-12-14T15:41:04.090+0000] {processor.py:925} INFO - DAG(s) 'etl_synthetic_events' retrieved from /opt/airflow/dags/etl_airflow_dag.py
[2025-12-14T15:41:04.131+0000] {logging_mixin.py:190} INFO - [2025-12-14T15:41:04.130+0000] {dag.py:3239} INFO - Sync 1 DAGs
[2025-12-14T15:41:04.151+0000] {logging_mixin.py:190} INFO - [2025-12-14T15:41:04.151+0000] {dag.py:4180} INFO - Setting next_dagrun for etl_synthetic_events to None, run_after=None
[2025-12-14T15:41:04.187+0000] {processor.py:208} INFO - Processing /opt/airflow/dags/etl_airflow_dag.py took 0.594 seconds
[2025-12-14T15:41:34.569+0000] {processor.py:186} INFO - Started process (PID=1426) to work on /opt/airflow/dags/etl_airflow_dag.py
[2025-12-14T15:41:34.572+0000] {processor.py:914} INFO - Processing file /opt/airflow/dags/etl_airflow_dag.py for tasks to queue
[2025-12-14T15:41:34.574+0000] {logging_mixin.py:190} INFO - [2025-12-14T15:41:34.573+0000] {dagbag.py:588} INFO - Filling up the DagBag from /opt/airflow/dags/etl_airflow_dag.py
[2025-12-14T15:41:35.049+0000] {processor.py:925} INFO - DAG(s) 'etl_synthetic_events' retrieved from /opt/airflow/dags/etl_airflow_dag.py
[2025-12-14T15:41:35.091+0000] {logging_mixin.py:190} INFO - [2025-12-14T15:41:35.090+0000] {dag.py:3239} INFO - Sync 1 DAGs
[2025-12-14T15:41:35.112+0000] {logging_mixin.py:190} INFO - [2025-12-14T15:41:35.112+0000] {dag.py:4180} INFO - Setting next_dagrun for etl_synthetic_events to None, run_after=None
[2025-12-14T15:41:35.144+0000] {processor.py:208} INFO - Processing /opt/airflow/dags/etl_airflow_dag.py took 0.585 seconds
[2025-12-14T15:42:05.549+0000] {processor.py:186} INFO - Started process (PID=1432) to work on /opt/airflow/dags/etl_airflow_dag.py
[2025-12-14T15:42:05.552+0000] {processor.py:914} INFO - Processing file /opt/airflow/dags/etl_airflow_dag.py for tasks to queue
[2025-12-14T15:42:05.555+0000] {logging_mixin.py:190} INFO - [2025-12-14T15:42:05.554+0000] {dagbag.py:588} INFO - Filling up the DagBag from /opt/airflow/dags/etl_airflow_dag.py
[2025-12-14T15:42:06.059+0000] {processor.py:925} INFO - DAG(s) 'etl_synthetic_events' retrieved from /opt/airflow/dags/etl_airflow_dag.py
[2025-12-14T15:42:06.108+0000] {logging_mixin.py:190} INFO - [2025-12-14T15:42:06.107+0000] {dag.py:3239} INFO - Sync 1 DAGs
[2025-12-14T15:42:06.134+0000] {logging_mixin.py:190} INFO - [2025-12-14T15:42:06.134+0000] {dag.py:4180} INFO - Setting next_dagrun for etl_synthetic_events to None, run_after=None
[2025-12-14T15:42:06.189+0000] {processor.py:208} INFO - Processing /opt/airflow/dags/etl_airflow_dag.py took 0.651 seconds
[2025-12-14T15:42:36.621+0000] {processor.py:186} INFO - Started process (PID=1438) to work on /opt/airflow/dags/etl_airflow_dag.py
[2025-12-14T15:42:36.624+0000] {processor.py:914} INFO - Processing file /opt/airflow/dags/etl_airflow_dag.py for tasks to queue
[2025-12-14T15:42:36.627+0000] {logging_mixin.py:190} INFO - [2025-12-14T15:42:36.626+0000] {dagbag.py:588} INFO - Filling up the DagBag from /opt/airflow/dags/etl_airflow_dag.py
[2025-12-14T15:42:37.087+0000] {processor.py:925} INFO - DAG(s) 'etl_synthetic_events' retrieved from /opt/airflow/dags/etl_airflow_dag.py
[2025-12-14T15:42:37.129+0000] {logging_mixin.py:190} INFO - [2025-12-14T15:42:37.128+0000] {dag.py:3239} INFO - Sync 1 DAGs
[2025-12-14T15:42:37.149+0000] {logging_mixin.py:190} INFO - [2025-12-14T15:42:37.148+0000] {dag.py:4180} INFO - Setting next_dagrun for etl_synthetic_events to None, run_after=None
[2025-12-14T15:42:37.182+0000] {processor.py:208} INFO - Processing /opt/airflow/dags/etl_airflow_dag.py took 0.574 seconds
[2025-12-14T15:43:07.484+0000] {processor.py:186} INFO - Started process (PID=1444) to work on /opt/airflow/dags/etl_airflow_dag.py
[2025-12-14T15:43:07.486+0000] {processor.py:914} INFO - Processing file /opt/airflow/dags/etl_airflow_dag.py for tasks to queue
[2025-12-14T15:43:07.488+0000] {logging_mixin.py:190} INFO - [2025-12-14T15:43:07.488+0000] {dagbag.py:588} INFO - Filling up the DagBag from /opt/airflow/dags/etl_airflow_dag.py
[2025-12-14T15:43:07.987+0000] {processor.py:925} INFO - DAG(s) 'etl_synthetic_events' retrieved from /opt/airflow/dags/etl_airflow_dag.py
[2025-12-14T15:43:08.030+0000] {logging_mixin.py:190} INFO - [2025-12-14T15:43:08.028+0000] {dag.py:3239} INFO - Sync 1 DAGs
[2025-12-14T15:43:08.051+0000] {logging_mixin.py:190} INFO - [2025-12-14T15:43:08.050+0000] {dag.py:4180} INFO - Setting next_dagrun for etl_synthetic_events to None, run_after=None
[2025-12-14T15:43:08.082+0000] {processor.py:208} INFO - Processing /opt/airflow/dags/etl_airflow_dag.py took 0.610 seconds
[2025-12-14T15:43:38.552+0000] {processor.py:186} INFO - Started process (PID=1450) to work on /opt/airflow/dags/etl_airflow_dag.py
[2025-12-14T15:43:38.555+0000] {processor.py:914} INFO - Processing file /opt/airflow/dags/etl_airflow_dag.py for tasks to queue
[2025-12-14T15:43:38.558+0000] {logging_mixin.py:190} INFO - [2025-12-14T15:43:38.557+0000] {dagbag.py:588} INFO - Filling up the DagBag from /opt/airflow/dags/etl_airflow_dag.py
[2025-12-14T15:43:39.067+0000] {processor.py:925} INFO - DAG(s) 'etl_synthetic_events' retrieved from /opt/airflow/dags/etl_airflow_dag.py
[2025-12-14T15:43:39.106+0000] {logging_mixin.py:190} INFO - [2025-12-14T15:43:39.105+0000] {dag.py:3239} INFO - Sync 1 DAGs
[2025-12-14T15:43:39.127+0000] {logging_mixin.py:190} INFO - [2025-12-14T15:43:39.127+0000] {dag.py:4180} INFO - Setting next_dagrun for etl_synthetic_events to None, run_after=None
[2025-12-14T15:43:39.159+0000] {processor.py:208} INFO - Processing /opt/airflow/dags/etl_airflow_dag.py took 0.616 seconds
[2025-12-14T15:44:09.531+0000] {processor.py:186} INFO - Started process (PID=1456) to work on /opt/airflow/dags/etl_airflow_dag.py
[2025-12-14T15:44:09.533+0000] {processor.py:914} INFO - Processing file /opt/airflow/dags/etl_airflow_dag.py for tasks to queue
[2025-12-14T15:44:09.535+0000] {logging_mixin.py:190} INFO - [2025-12-14T15:44:09.535+0000] {dagbag.py:588} INFO - Filling up the DagBag from /opt/airflow/dags/etl_airflow_dag.py
[2025-12-14T15:44:10.001+0000] {processor.py:925} INFO - DAG(s) 'etl_synthetic_events' retrieved from /opt/airflow/dags/etl_airflow_dag.py
[2025-12-14T15:44:10.045+0000] {logging_mixin.py:190} INFO - [2025-12-14T15:44:10.044+0000] {dag.py:3239} INFO - Sync 1 DAGs
[2025-12-14T15:44:10.065+0000] {logging_mixin.py:190} INFO - [2025-12-14T15:44:10.065+0000] {dag.py:4180} INFO - Setting next_dagrun for etl_synthetic_events to None, run_after=None
[2025-12-14T15:44:10.098+0000] {processor.py:208} INFO - Processing /opt/airflow/dags/etl_airflow_dag.py took 0.577 seconds
[2025-12-14T15:44:40.468+0000] {processor.py:186} INFO - Started process (PID=1462) to work on /opt/airflow/dags/etl_airflow_dag.py
[2025-12-14T15:44:40.470+0000] {processor.py:914} INFO - Processing file /opt/airflow/dags/etl_airflow_dag.py for tasks to queue
[2025-12-14T15:44:40.473+0000] {logging_mixin.py:190} INFO - [2025-12-14T15:44:40.473+0000] {dagbag.py:588} INFO - Filling up the DagBag from /opt/airflow/dags/etl_airflow_dag.py
[2025-12-14T15:44:40.943+0000] {processor.py:925} INFO - DAG(s) 'etl_synthetic_events' retrieved from /opt/airflow/dags/etl_airflow_dag.py
[2025-12-14T15:44:40.982+0000] {logging_mixin.py:190} INFO - [2025-12-14T15:44:40.981+0000] {dag.py:3239} INFO - Sync 1 DAGs
[2025-12-14T15:44:41.003+0000] {logging_mixin.py:190} INFO - [2025-12-14T15:44:41.003+0000] {dag.py:4180} INFO - Setting next_dagrun for etl_synthetic_events to None, run_after=None
[2025-12-14T15:44:41.038+0000] {processor.py:208} INFO - Processing /opt/airflow/dags/etl_airflow_dag.py took 0.581 seconds
[2025-12-14T15:45:11.446+0000] {processor.py:186} INFO - Started process (PID=1468) to work on /opt/airflow/dags/etl_airflow_dag.py
[2025-12-14T15:45:11.455+0000] {processor.py:914} INFO - Processing file /opt/airflow/dags/etl_airflow_dag.py for tasks to queue
[2025-12-14T15:45:11.463+0000] {logging_mixin.py:190} INFO - [2025-12-14T15:45:11.460+0000] {dagbag.py:588} INFO - Filling up the DagBag from /opt/airflow/dags/etl_airflow_dag.py
[2025-12-14T15:45:12.490+0000] {processor.py:925} INFO - DAG(s) 'etl_synthetic_events' retrieved from /opt/airflow/dags/etl_airflow_dag.py
[2025-12-14T15:45:12.539+0000] {logging_mixin.py:190} INFO - [2025-12-14T15:45:12.538+0000] {dag.py:3239} INFO - Sync 1 DAGs
[2025-12-14T15:45:12.574+0000] {logging_mixin.py:190} INFO - [2025-12-14T15:45:12.573+0000] {dag.py:4180} INFO - Setting next_dagrun for etl_synthetic_events to None, run_after=None
[2025-12-14T15:45:12.608+0000] {processor.py:208} INFO - Processing /opt/airflow/dags/etl_airflow_dag.py took 1.181 seconds
[2025-12-14T15:45:42.811+0000] {processor.py:186} INFO - Started process (PID=1474) to work on /opt/airflow/dags/etl_airflow_dag.py
[2025-12-14T15:45:42.813+0000] {processor.py:914} INFO - Processing file /opt/airflow/dags/etl_airflow_dag.py for tasks to queue
[2025-12-14T15:45:42.815+0000] {logging_mixin.py:190} INFO - [2025-12-14T15:45:42.815+0000] {dagbag.py:588} INFO - Filling up the DagBag from /opt/airflow/dags/etl_airflow_dag.py
[2025-12-14T15:45:43.315+0000] {processor.py:925} INFO - DAG(s) 'etl_synthetic_events' retrieved from /opt/airflow/dags/etl_airflow_dag.py
[2025-12-14T15:45:43.364+0000] {logging_mixin.py:190} INFO - [2025-12-14T15:45:43.363+0000] {dag.py:3239} INFO - Sync 1 DAGs
[2025-12-14T15:45:43.398+0000] {logging_mixin.py:190} INFO - [2025-12-14T15:45:43.397+0000] {dag.py:4180} INFO - Setting next_dagrun for etl_synthetic_events to None, run_after=None
[2025-12-14T15:45:43.434+0000] {processor.py:208} INFO - Processing /opt/airflow/dags/etl_airflow_dag.py took 0.634 seconds
[2025-12-14T15:46:13.842+0000] {processor.py:186} INFO - Started process (PID=1480) to work on /opt/airflow/dags/etl_airflow_dag.py
[2025-12-14T15:46:13.844+0000] {processor.py:914} INFO - Processing file /opt/airflow/dags/etl_airflow_dag.py for tasks to queue
[2025-12-14T15:46:13.846+0000] {logging_mixin.py:190} INFO - [2025-12-14T15:46:13.846+0000] {dagbag.py:588} INFO - Filling up the DagBag from /opt/airflow/dags/etl_airflow_dag.py
[2025-12-14T15:46:14.322+0000] {processor.py:925} INFO - DAG(s) 'etl_synthetic_events' retrieved from /opt/airflow/dags/etl_airflow_dag.py
[2025-12-14T15:46:14.361+0000] {logging_mixin.py:190} INFO - [2025-12-14T15:46:14.360+0000] {dag.py:3239} INFO - Sync 1 DAGs
[2025-12-14T15:46:14.380+0000] {logging_mixin.py:190} INFO - [2025-12-14T15:46:14.380+0000] {dag.py:4180} INFO - Setting next_dagrun for etl_synthetic_events to None, run_after=None
[2025-12-14T15:46:14.412+0000] {processor.py:208} INFO - Processing /opt/airflow/dags/etl_airflow_dag.py took 0.581 seconds
[2025-12-14T15:46:44.593+0000] {processor.py:186} INFO - Started process (PID=1486) to work on /opt/airflow/dags/etl_airflow_dag.py
[2025-12-14T15:46:44.596+0000] {processor.py:914} INFO - Processing file /opt/airflow/dags/etl_airflow_dag.py for tasks to queue
[2025-12-14T15:46:44.599+0000] {logging_mixin.py:190} INFO - [2025-12-14T15:46:44.598+0000] {dagbag.py:588} INFO - Filling up the DagBag from /opt/airflow/dags/etl_airflow_dag.py
[2025-12-14T15:46:45.181+0000] {processor.py:925} INFO - DAG(s) 'etl_synthetic_events' retrieved from /opt/airflow/dags/etl_airflow_dag.py
[2025-12-14T15:46:45.229+0000] {logging_mixin.py:190} INFO - [2025-12-14T15:46:45.228+0000] {dag.py:3239} INFO - Sync 1 DAGs
[2025-12-14T15:46:45.255+0000] {logging_mixin.py:190} INFO - [2025-12-14T15:46:45.254+0000] {dag.py:4180} INFO - Setting next_dagrun for etl_synthetic_events to None, run_after=None
[2025-12-14T15:46:45.293+0000] {processor.py:208} INFO - Processing /opt/airflow/dags/etl_airflow_dag.py took 0.714 seconds
[2025-12-14T15:47:15.723+0000] {processor.py:186} INFO - Started process (PID=1492) to work on /opt/airflow/dags/etl_airflow_dag.py
[2025-12-14T15:47:15.726+0000] {processor.py:914} INFO - Processing file /opt/airflow/dags/etl_airflow_dag.py for tasks to queue
[2025-12-14T15:47:15.730+0000] {logging_mixin.py:190} INFO - [2025-12-14T15:47:15.728+0000] {dagbag.py:588} INFO - Filling up the DagBag from /opt/airflow/dags/etl_airflow_dag.py
[2025-12-14T15:47:16.224+0000] {processor.py:925} INFO - DAG(s) 'etl_synthetic_events' retrieved from /opt/airflow/dags/etl_airflow_dag.py
[2025-12-14T15:47:16.266+0000] {logging_mixin.py:190} INFO - [2025-12-14T15:47:16.265+0000] {dag.py:3239} INFO - Sync 1 DAGs
[2025-12-14T15:47:16.288+0000] {logging_mixin.py:190} INFO - [2025-12-14T15:47:16.288+0000] {dag.py:4180} INFO - Setting next_dagrun for etl_synthetic_events to None, run_after=None
[2025-12-14T15:47:16.323+0000] {processor.py:208} INFO - Processing /opt/airflow/dags/etl_airflow_dag.py took 0.614 seconds
[2025-12-14T15:47:46.798+0000] {processor.py:186} INFO - Started process (PID=1498) to work on /opt/airflow/dags/etl_airflow_dag.py
[2025-12-14T15:47:46.801+0000] {processor.py:914} INFO - Processing file /opt/airflow/dags/etl_airflow_dag.py for tasks to queue
[2025-12-14T15:47:46.804+0000] {logging_mixin.py:190} INFO - [2025-12-14T15:47:46.803+0000] {dagbag.py:588} INFO - Filling up the DagBag from /opt/airflow/dags/etl_airflow_dag.py
[2025-12-14T15:47:47.351+0000] {processor.py:925} INFO - DAG(s) 'etl_synthetic_events' retrieved from /opt/airflow/dags/etl_airflow_dag.py
[2025-12-14T15:47:47.392+0000] {logging_mixin.py:190} INFO - [2025-12-14T15:47:47.391+0000] {dag.py:3239} INFO - Sync 1 DAGs
[2025-12-14T15:47:47.417+0000] {logging_mixin.py:190} INFO - [2025-12-14T15:47:47.416+0000] {dag.py:4180} INFO - Setting next_dagrun for etl_synthetic_events to None, run_after=None
[2025-12-14T15:47:47.450+0000] {processor.py:208} INFO - Processing /opt/airflow/dags/etl_airflow_dag.py took 0.674 seconds
[2025-12-14T15:48:17.754+0000] {processor.py:186} INFO - Started process (PID=1504) to work on /opt/airflow/dags/etl_airflow_dag.py
[2025-12-14T15:48:17.757+0000] {processor.py:914} INFO - Processing file /opt/airflow/dags/etl_airflow_dag.py for tasks to queue
[2025-12-14T15:48:17.759+0000] {logging_mixin.py:190} INFO - [2025-12-14T15:48:17.759+0000] {dagbag.py:588} INFO - Filling up the DagBag from /opt/airflow/dags/etl_airflow_dag.py
[2025-12-14T15:48:18.279+0000] {processor.py:925} INFO - DAG(s) 'etl_synthetic_events' retrieved from /opt/airflow/dags/etl_airflow_dag.py
[2025-12-14T15:48:18.324+0000] {logging_mixin.py:190} INFO - [2025-12-14T15:48:18.323+0000] {dag.py:3239} INFO - Sync 1 DAGs
[2025-12-14T15:48:18.345+0000] {logging_mixin.py:190} INFO - [2025-12-14T15:48:18.345+0000] {dag.py:4180} INFO - Setting next_dagrun for etl_synthetic_events to None, run_after=None
[2025-12-14T15:48:18.382+0000] {processor.py:208} INFO - Processing /opt/airflow/dags/etl_airflow_dag.py took 0.640 seconds
[2025-12-14T15:48:48.847+0000] {processor.py:186} INFO - Started process (PID=1510) to work on /opt/airflow/dags/etl_airflow_dag.py
[2025-12-14T15:48:48.849+0000] {processor.py:914} INFO - Processing file /opt/airflow/dags/etl_airflow_dag.py for tasks to queue
[2025-12-14T15:48:48.851+0000] {logging_mixin.py:190} INFO - [2025-12-14T15:48:48.851+0000] {dagbag.py:588} INFO - Filling up the DagBag from /opt/airflow/dags/etl_airflow_dag.py
[2025-12-14T15:48:49.411+0000] {processor.py:925} INFO - DAG(s) 'etl_synthetic_events' retrieved from /opt/airflow/dags/etl_airflow_dag.py
[2025-12-14T15:48:49.463+0000] {logging_mixin.py:190} INFO - [2025-12-14T15:48:49.462+0000] {dag.py:3239} INFO - Sync 1 DAGs
[2025-12-14T15:48:49.486+0000] {logging_mixin.py:190} INFO - [2025-12-14T15:48:49.485+0000] {dag.py:4180} INFO - Setting next_dagrun for etl_synthetic_events to None, run_after=None
[2025-12-14T15:48:49.522+0000] {processor.py:208} INFO - Processing /opt/airflow/dags/etl_airflow_dag.py took 0.685 seconds
[2025-12-14T15:49:19.954+0000] {processor.py:186} INFO - Started process (PID=1516) to work on /opt/airflow/dags/etl_airflow_dag.py
[2025-12-14T15:49:19.956+0000] {processor.py:914} INFO - Processing file /opt/airflow/dags/etl_airflow_dag.py for tasks to queue
[2025-12-14T15:49:19.959+0000] {logging_mixin.py:190} INFO - [2025-12-14T15:49:19.958+0000] {dagbag.py:588} INFO - Filling up the DagBag from /opt/airflow/dags/etl_airflow_dag.py
[2025-12-14T15:49:20.480+0000] {processor.py:925} INFO - DAG(s) 'etl_synthetic_events' retrieved from /opt/airflow/dags/etl_airflow_dag.py
[2025-12-14T15:49:20.523+0000] {logging_mixin.py:190} INFO - [2025-12-14T15:49:20.522+0000] {dag.py:3239} INFO - Sync 1 DAGs
[2025-12-14T15:49:20.543+0000] {logging_mixin.py:190} INFO - [2025-12-14T15:49:20.543+0000] {dag.py:4180} INFO - Setting next_dagrun for etl_synthetic_events to None, run_after=None
[2025-12-14T15:49:20.579+0000] {processor.py:208} INFO - Processing /opt/airflow/dags/etl_airflow_dag.py took 0.638 seconds
[2025-12-14T15:49:50.847+0000] {processor.py:186} INFO - Started process (PID=1522) to work on /opt/airflow/dags/etl_airflow_dag.py
[2025-12-14T15:49:50.850+0000] {processor.py:914} INFO - Processing file /opt/airflow/dags/etl_airflow_dag.py for tasks to queue
[2025-12-14T15:49:50.853+0000] {logging_mixin.py:190} INFO - [2025-12-14T15:49:50.852+0000] {dagbag.py:588} INFO - Filling up the DagBag from /opt/airflow/dags/etl_airflow_dag.py
[2025-12-14T15:49:51.392+0000] {processor.py:925} INFO - DAG(s) 'etl_synthetic_events' retrieved from /opt/airflow/dags/etl_airflow_dag.py
[2025-12-14T15:49:51.433+0000] {logging_mixin.py:190} INFO - [2025-12-14T15:49:51.432+0000] {dag.py:3239} INFO - Sync 1 DAGs
[2025-12-14T15:49:51.457+0000] {logging_mixin.py:190} INFO - [2025-12-14T15:49:51.457+0000] {dag.py:4180} INFO - Setting next_dagrun for etl_synthetic_events to None, run_after=None
[2025-12-14T15:49:51.490+0000] {processor.py:208} INFO - Processing /opt/airflow/dags/etl_airflow_dag.py took 0.655 seconds
[2025-12-14T15:50:21.922+0000] {processor.py:186} INFO - Started process (PID=1528) to work on /opt/airflow/dags/etl_airflow_dag.py
[2025-12-14T15:50:21.924+0000] {processor.py:914} INFO - Processing file /opt/airflow/dags/etl_airflow_dag.py for tasks to queue
[2025-12-14T15:50:21.927+0000] {logging_mixin.py:190} INFO - [2025-12-14T15:50:21.926+0000] {dagbag.py:588} INFO - Filling up the DagBag from /opt/airflow/dags/etl_airflow_dag.py
[2025-12-14T15:50:22.482+0000] {processor.py:925} INFO - DAG(s) 'etl_synthetic_events' retrieved from /opt/airflow/dags/etl_airflow_dag.py
[2025-12-14T15:50:22.535+0000] {logging_mixin.py:190} INFO - [2025-12-14T15:50:22.534+0000] {dag.py:3239} INFO - Sync 1 DAGs
[2025-12-14T15:50:22.567+0000] {logging_mixin.py:190} INFO - [2025-12-14T15:50:22.567+0000] {dag.py:4180} INFO - Setting next_dagrun for etl_synthetic_events to None, run_after=None
[2025-12-14T15:50:22.611+0000] {processor.py:208} INFO - Processing /opt/airflow/dags/etl_airflow_dag.py took 0.699 seconds
[2025-12-14T15:50:53.041+0000] {processor.py:186} INFO - Started process (PID=1534) to work on /opt/airflow/dags/etl_airflow_dag.py
[2025-12-14T15:50:53.043+0000] {processor.py:914} INFO - Processing file /opt/airflow/dags/etl_airflow_dag.py for tasks to queue
[2025-12-14T15:50:53.046+0000] {logging_mixin.py:190} INFO - [2025-12-14T15:50:53.046+0000] {dagbag.py:588} INFO - Filling up the DagBag from /opt/airflow/dags/etl_airflow_dag.py
[2025-12-14T15:50:53.679+0000] {processor.py:925} INFO - DAG(s) 'etl_synthetic_events' retrieved from /opt/airflow/dags/etl_airflow_dag.py
[2025-12-14T15:50:53.726+0000] {logging_mixin.py:190} INFO - [2025-12-14T15:50:53.725+0000] {dag.py:3239} INFO - Sync 1 DAGs
[2025-12-14T15:50:53.750+0000] {logging_mixin.py:190} INFO - [2025-12-14T15:50:53.750+0000] {dag.py:4180} INFO - Setting next_dagrun for etl_synthetic_events to None, run_after=None
[2025-12-14T15:50:53.788+0000] {processor.py:208} INFO - Processing /opt/airflow/dags/etl_airflow_dag.py took 0.759 seconds
[2025-12-14T15:51:23.960+0000] {processor.py:186} INFO - Started process (PID=1540) to work on /opt/airflow/dags/etl_airflow_dag.py
[2025-12-14T15:51:23.962+0000] {processor.py:914} INFO - Processing file /opt/airflow/dags/etl_airflow_dag.py for tasks to queue
[2025-12-14T15:51:23.966+0000] {logging_mixin.py:190} INFO - [2025-12-14T15:51:23.965+0000] {dagbag.py:588} INFO - Filling up the DagBag from /opt/airflow/dags/etl_airflow_dag.py
[2025-12-14T15:51:24.507+0000] {processor.py:925} INFO - DAG(s) 'etl_synthetic_events' retrieved from /opt/airflow/dags/etl_airflow_dag.py
[2025-12-14T15:51:24.553+0000] {logging_mixin.py:190} INFO - [2025-12-14T15:51:24.552+0000] {dag.py:3239} INFO - Sync 1 DAGs
[2025-12-14T15:51:24.576+0000] {logging_mixin.py:190} INFO - [2025-12-14T15:51:24.575+0000] {dag.py:4180} INFO - Setting next_dagrun for etl_synthetic_events to None, run_after=None
[2025-12-14T15:51:24.611+0000] {processor.py:208} INFO - Processing /opt/airflow/dags/etl_airflow_dag.py took 0.662 seconds
[2025-12-14T15:51:55.022+0000] {processor.py:186} INFO - Started process (PID=1546) to work on /opt/airflow/dags/etl_airflow_dag.py
[2025-12-14T15:51:55.024+0000] {processor.py:914} INFO - Processing file /opt/airflow/dags/etl_airflow_dag.py for tasks to queue
[2025-12-14T15:51:55.027+0000] {logging_mixin.py:190} INFO - [2025-12-14T15:51:55.026+0000] {dagbag.py:588} INFO - Filling up the DagBag from /opt/airflow/dags/etl_airflow_dag.py
[2025-12-14T15:51:55.598+0000] {processor.py:925} INFO - DAG(s) 'etl_synthetic_events' retrieved from /opt/airflow/dags/etl_airflow_dag.py
[2025-12-14T15:51:55.641+0000] {logging_mixin.py:190} INFO - [2025-12-14T15:51:55.640+0000] {dag.py:3239} INFO - Sync 1 DAGs
[2025-12-14T15:51:55.669+0000] {logging_mixin.py:190} INFO - [2025-12-14T15:51:55.668+0000] {dag.py:4180} INFO - Setting next_dagrun for etl_synthetic_events to None, run_after=None
[2025-12-14T15:51:55.709+0000] {processor.py:208} INFO - Processing /opt/airflow/dags/etl_airflow_dag.py took 0.701 seconds
[2025-12-14T15:52:26.105+0000] {processor.py:186} INFO - Started process (PID=1552) to work on /opt/airflow/dags/etl_airflow_dag.py
[2025-12-14T15:52:26.107+0000] {processor.py:914} INFO - Processing file /opt/airflow/dags/etl_airflow_dag.py for tasks to queue
[2025-12-14T15:52:26.109+0000] {logging_mixin.py:190} INFO - [2025-12-14T15:52:26.109+0000] {dagbag.py:588} INFO - Filling up the DagBag from /opt/airflow/dags/etl_airflow_dag.py
[2025-12-14T15:52:26.631+0000] {processor.py:925} INFO - DAG(s) 'etl_synthetic_events' retrieved from /opt/airflow/dags/etl_airflow_dag.py
[2025-12-14T15:52:26.692+0000] {logging_mixin.py:190} INFO - [2025-12-14T15:52:26.691+0000] {dag.py:3239} INFO - Sync 1 DAGs
[2025-12-14T15:52:26.723+0000] {logging_mixin.py:190} INFO - [2025-12-14T15:52:26.723+0000] {dag.py:4180} INFO - Setting next_dagrun for etl_synthetic_events to None, run_after=None
[2025-12-14T15:52:26.781+0000] {processor.py:208} INFO - Processing /opt/airflow/dags/etl_airflow_dag.py took 0.686 seconds
[2025-12-14T15:52:57.140+0000] {processor.py:186} INFO - Started process (PID=1558) to work on /opt/airflow/dags/etl_airflow_dag.py
[2025-12-14T15:52:57.142+0000] {processor.py:914} INFO - Processing file /opt/airflow/dags/etl_airflow_dag.py for tasks to queue
[2025-12-14T15:52:57.145+0000] {logging_mixin.py:190} INFO - [2025-12-14T15:52:57.144+0000] {dagbag.py:588} INFO - Filling up the DagBag from /opt/airflow/dags/etl_airflow_dag.py
[2025-12-14T15:52:57.687+0000] {processor.py:925} INFO - DAG(s) 'etl_synthetic_events' retrieved from /opt/airflow/dags/etl_airflow_dag.py
[2025-12-14T15:52:57.736+0000] {logging_mixin.py:190} INFO - [2025-12-14T15:52:57.735+0000] {dag.py:3239} INFO - Sync 1 DAGs
[2025-12-14T15:52:57.760+0000] {logging_mixin.py:190} INFO - [2025-12-14T15:52:57.760+0000] {dag.py:4180} INFO - Setting next_dagrun for etl_synthetic_events to None, run_after=None
[2025-12-14T15:52:57.798+0000] {processor.py:208} INFO - Processing /opt/airflow/dags/etl_airflow_dag.py took 0.667 seconds
[2025-12-14T15:53:28.283+0000] {processor.py:186} INFO - Started process (PID=1564) to work on /opt/airflow/dags/etl_airflow_dag.py
[2025-12-14T15:53:28.285+0000] {processor.py:914} INFO - Processing file /opt/airflow/dags/etl_airflow_dag.py for tasks to queue
[2025-12-14T15:53:28.289+0000] {logging_mixin.py:190} INFO - [2025-12-14T15:53:28.288+0000] {dagbag.py:588} INFO - Filling up the DagBag from /opt/airflow/dags/etl_airflow_dag.py
[2025-12-14T15:53:28.783+0000] {processor.py:925} INFO - DAG(s) 'etl_synthetic_events' retrieved from /opt/airflow/dags/etl_airflow_dag.py
[2025-12-14T15:53:28.824+0000] {logging_mixin.py:190} INFO - [2025-12-14T15:53:28.823+0000] {dag.py:3239} INFO - Sync 1 DAGs
[2025-12-14T15:53:28.843+0000] {logging_mixin.py:190} INFO - [2025-12-14T15:53:28.843+0000] {dag.py:4180} INFO - Setting next_dagrun for etl_synthetic_events to None, run_after=None
[2025-12-14T15:53:28.878+0000] {processor.py:208} INFO - Processing /opt/airflow/dags/etl_airflow_dag.py took 0.607 seconds
[2025-12-14T15:53:59.290+0000] {processor.py:186} INFO - Started process (PID=1570) to work on /opt/airflow/dags/etl_airflow_dag.py
[2025-12-14T15:53:59.292+0000] {processor.py:914} INFO - Processing file /opt/airflow/dags/etl_airflow_dag.py for tasks to queue
[2025-12-14T15:53:59.295+0000] {logging_mixin.py:190} INFO - [2025-12-14T15:53:59.294+0000] {dagbag.py:588} INFO - Filling up the DagBag from /opt/airflow/dags/etl_airflow_dag.py
[2025-12-14T15:53:59.837+0000] {processor.py:925} INFO - DAG(s) 'etl_synthetic_events' retrieved from /opt/airflow/dags/etl_airflow_dag.py
[2025-12-14T15:53:59.878+0000] {logging_mixin.py:190} INFO - [2025-12-14T15:53:59.877+0000] {dag.py:3239} INFO - Sync 1 DAGs
[2025-12-14T15:53:59.902+0000] {logging_mixin.py:190} INFO - [2025-12-14T15:53:59.901+0000] {dag.py:4180} INFO - Setting next_dagrun for etl_synthetic_events to None, run_after=None
[2025-12-14T15:53:59.936+0000] {processor.py:208} INFO - Processing /opt/airflow/dags/etl_airflow_dag.py took 0.658 seconds
[2025-12-14T15:54:30.098+0000] {processor.py:186} INFO - Started process (PID=1576) to work on /opt/airflow/dags/etl_airflow_dag.py
[2025-12-14T15:54:30.100+0000] {processor.py:914} INFO - Processing file /opt/airflow/dags/etl_airflow_dag.py for tasks to queue
[2025-12-14T15:54:30.104+0000] {logging_mixin.py:190} INFO - [2025-12-14T15:54:30.103+0000] {dagbag.py:588} INFO - Filling up the DagBag from /opt/airflow/dags/etl_airflow_dag.py
[2025-12-14T15:54:30.601+0000] {processor.py:925} INFO - DAG(s) 'etl_synthetic_events' retrieved from /opt/airflow/dags/etl_airflow_dag.py
[2025-12-14T15:54:30.646+0000] {logging_mixin.py:190} INFO - [2025-12-14T15:54:30.645+0000] {dag.py:3239} INFO - Sync 1 DAGs
[2025-12-14T15:54:30.668+0000] {logging_mixin.py:190} INFO - [2025-12-14T15:54:30.668+0000] {dag.py:4180} INFO - Setting next_dagrun for etl_synthetic_events to None, run_after=None
[2025-12-14T15:54:30.702+0000] {processor.py:208} INFO - Processing /opt/airflow/dags/etl_airflow_dag.py took 0.615 seconds
[2025-12-14T15:55:01.128+0000] {processor.py:186} INFO - Started process (PID=1582) to work on /opt/airflow/dags/etl_airflow_dag.py
[2025-12-14T15:55:01.131+0000] {processor.py:914} INFO - Processing file /opt/airflow/dags/etl_airflow_dag.py for tasks to queue
[2025-12-14T15:55:01.133+0000] {logging_mixin.py:190} INFO - [2025-12-14T15:55:01.133+0000] {dagbag.py:588} INFO - Filling up the DagBag from /opt/airflow/dags/etl_airflow_dag.py
[2025-12-14T15:55:01.691+0000] {processor.py:925} INFO - DAG(s) 'etl_synthetic_events' retrieved from /opt/airflow/dags/etl_airflow_dag.py
[2025-12-14T15:55:01.735+0000] {logging_mixin.py:190} INFO - [2025-12-14T15:55:01.734+0000] {dag.py:3239} INFO - Sync 1 DAGs
[2025-12-14T15:55:01.757+0000] {logging_mixin.py:190} INFO - [2025-12-14T15:55:01.757+0000] {dag.py:4180} INFO - Setting next_dagrun for etl_synthetic_events to None, run_after=None
[2025-12-14T15:55:01.794+0000] {processor.py:208} INFO - Processing /opt/airflow/dags/etl_airflow_dag.py took 0.676 seconds
[2025-12-14T15:55:31.964+0000] {processor.py:186} INFO - Started process (PID=1588) to work on /opt/airflow/dags/etl_airflow_dag.py
[2025-12-14T15:55:31.966+0000] {processor.py:914} INFO - Processing file /opt/airflow/dags/etl_airflow_dag.py for tasks to queue
[2025-12-14T15:55:31.969+0000] {logging_mixin.py:190} INFO - [2025-12-14T15:55:31.968+0000] {dagbag.py:588} INFO - Filling up the DagBag from /opt/airflow/dags/etl_airflow_dag.py
[2025-12-14T15:55:32.468+0000] {processor.py:925} INFO - DAG(s) 'etl_synthetic_events' retrieved from /opt/airflow/dags/etl_airflow_dag.py
[2025-12-14T15:55:32.509+0000] {logging_mixin.py:190} INFO - [2025-12-14T15:55:32.508+0000] {dag.py:3239} INFO - Sync 1 DAGs
[2025-12-14T15:55:32.531+0000] {logging_mixin.py:190} INFO - [2025-12-14T15:55:32.531+0000] {dag.py:4180} INFO - Setting next_dagrun for etl_synthetic_events to None, run_after=None
[2025-12-14T15:55:32.563+0000] {processor.py:208} INFO - Processing /opt/airflow/dags/etl_airflow_dag.py took 0.611 seconds
[2025-12-14T15:56:02.931+0000] {processor.py:186} INFO - Started process (PID=1594) to work on /opt/airflow/dags/etl_airflow_dag.py
[2025-12-14T15:56:02.933+0000] {processor.py:914} INFO - Processing file /opt/airflow/dags/etl_airflow_dag.py for tasks to queue
[2025-12-14T15:56:02.935+0000] {logging_mixin.py:190} INFO - [2025-12-14T15:56:02.934+0000] {dagbag.py:588} INFO - Filling up the DagBag from /opt/airflow/dags/etl_airflow_dag.py
[2025-12-14T15:56:03.429+0000] {processor.py:925} INFO - DAG(s) 'etl_synthetic_events' retrieved from /opt/airflow/dags/etl_airflow_dag.py
[2025-12-14T15:56:03.469+0000] {logging_mixin.py:190} INFO - [2025-12-14T15:56:03.469+0000] {dag.py:3239} INFO - Sync 1 DAGs
[2025-12-14T15:56:03.493+0000] {logging_mixin.py:190} INFO - [2025-12-14T15:56:03.492+0000] {dag.py:4180} INFO - Setting next_dagrun for etl_synthetic_events to None, run_after=None
[2025-12-14T15:56:03.525+0000] {processor.py:208} INFO - Processing /opt/airflow/dags/etl_airflow_dag.py took 0.606 seconds
[2025-12-14T15:56:33.821+0000] {processor.py:186} INFO - Started process (PID=1600) to work on /opt/airflow/dags/etl_airflow_dag.py
[2025-12-14T15:56:33.823+0000] {processor.py:914} INFO - Processing file /opt/airflow/dags/etl_airflow_dag.py for tasks to queue
[2025-12-14T15:56:33.826+0000] {logging_mixin.py:190} INFO - [2025-12-14T15:56:33.825+0000] {dagbag.py:588} INFO - Filling up the DagBag from /opt/airflow/dags/etl_airflow_dag.py
[2025-12-14T15:56:34.359+0000] {processor.py:925} INFO - DAG(s) 'etl_synthetic_events' retrieved from /opt/airflow/dags/etl_airflow_dag.py
[2025-12-14T15:56:34.400+0000] {logging_mixin.py:190} INFO - [2025-12-14T15:56:34.399+0000] {dag.py:3239} INFO - Sync 1 DAGs
[2025-12-14T15:56:34.420+0000] {logging_mixin.py:190} INFO - [2025-12-14T15:56:34.420+0000] {dag.py:4180} INFO - Setting next_dagrun for etl_synthetic_events to None, run_after=None
[2025-12-14T15:56:34.454+0000] {processor.py:208} INFO - Processing /opt/airflow/dags/etl_airflow_dag.py took 0.644 seconds
[2025-12-14T15:57:04.864+0000] {processor.py:186} INFO - Started process (PID=1606) to work on /opt/airflow/dags/etl_airflow_dag.py
[2025-12-14T15:57:04.866+0000] {processor.py:914} INFO - Processing file /opt/airflow/dags/etl_airflow_dag.py for tasks to queue
[2025-12-14T15:57:04.869+0000] {logging_mixin.py:190} INFO - [2025-12-14T15:57:04.868+0000] {dagbag.py:588} INFO - Filling up the DagBag from /opt/airflow/dags/etl_airflow_dag.py
[2025-12-14T15:57:05.383+0000] {processor.py:925} INFO - DAG(s) 'etl_synthetic_events' retrieved from /opt/airflow/dags/etl_airflow_dag.py
[2025-12-14T15:57:05.423+0000] {logging_mixin.py:190} INFO - [2025-12-14T15:57:05.422+0000] {dag.py:3239} INFO - Sync 1 DAGs
[2025-12-14T15:57:05.446+0000] {logging_mixin.py:190} INFO - [2025-12-14T15:57:05.445+0000] {dag.py:4180} INFO - Setting next_dagrun for etl_synthetic_events to None, run_after=None
[2025-12-14T15:57:05.485+0000] {processor.py:208} INFO - Processing /opt/airflow/dags/etl_airflow_dag.py took 0.634 seconds
[2025-12-14T15:57:35.859+0000] {processor.py:186} INFO - Started process (PID=1612) to work on /opt/airflow/dags/etl_airflow_dag.py
[2025-12-14T15:57:35.862+0000] {processor.py:914} INFO - Processing file /opt/airflow/dags/etl_airflow_dag.py for tasks to queue
[2025-12-14T15:57:35.865+0000] {logging_mixin.py:190} INFO - [2025-12-14T15:57:35.864+0000] {dagbag.py:588} INFO - Filling up the DagBag from /opt/airflow/dags/etl_airflow_dag.py
[2025-12-14T15:57:36.391+0000] {processor.py:925} INFO - DAG(s) 'etl_synthetic_events' retrieved from /opt/airflow/dags/etl_airflow_dag.py
[2025-12-14T15:57:36.437+0000] {logging_mixin.py:190} INFO - [2025-12-14T15:57:36.436+0000] {dag.py:3239} INFO - Sync 1 DAGs
[2025-12-14T15:57:36.459+0000] {logging_mixin.py:190} INFO - [2025-12-14T15:57:36.459+0000] {dag.py:4180} INFO - Setting next_dagrun for etl_synthetic_events to None, run_after=None
[2025-12-14T15:57:36.493+0000] {processor.py:208} INFO - Processing /opt/airflow/dags/etl_airflow_dag.py took 0.648 seconds
[2025-12-14T15:58:06.838+0000] {processor.py:186} INFO - Started process (PID=1618) to work on /opt/airflow/dags/etl_airflow_dag.py
[2025-12-14T15:58:06.839+0000] {processor.py:914} INFO - Processing file /opt/airflow/dags/etl_airflow_dag.py for tasks to queue
[2025-12-14T15:58:06.842+0000] {logging_mixin.py:190} INFO - [2025-12-14T15:58:06.841+0000] {dagbag.py:588} INFO - Filling up the DagBag from /opt/airflow/dags/etl_airflow_dag.py
[2025-12-14T15:58:07.535+0000] {processor.py:925} INFO - DAG(s) 'etl_synthetic_events' retrieved from /opt/airflow/dags/etl_airflow_dag.py
[2025-12-14T15:58:07.585+0000] {logging_mixin.py:190} INFO - [2025-12-14T15:58:07.584+0000] {dag.py:3239} INFO - Sync 1 DAGs
[2025-12-14T15:58:07.609+0000] {logging_mixin.py:190} INFO - [2025-12-14T15:58:07.609+0000] {dag.py:4180} INFO - Setting next_dagrun for etl_synthetic_events to None, run_after=None
[2025-12-14T15:58:07.643+0000] {processor.py:208} INFO - Processing /opt/airflow/dags/etl_airflow_dag.py took 0.815 seconds
[2025-12-14T15:58:38.107+0000] {processor.py:186} INFO - Started process (PID=1624) to work on /opt/airflow/dags/etl_airflow_dag.py
[2025-12-14T15:58:38.109+0000] {processor.py:914} INFO - Processing file /opt/airflow/dags/etl_airflow_dag.py for tasks to queue
[2025-12-14T15:58:38.112+0000] {logging_mixin.py:190} INFO - [2025-12-14T15:58:38.111+0000] {dagbag.py:588} INFO - Filling up the DagBag from /opt/airflow/dags/etl_airflow_dag.py
[2025-12-14T15:58:38.594+0000] {processor.py:925} INFO - DAG(s) 'etl_synthetic_events' retrieved from /opt/airflow/dags/etl_airflow_dag.py
[2025-12-14T15:58:38.640+0000] {logging_mixin.py:190} INFO - [2025-12-14T15:58:38.639+0000] {dag.py:3239} INFO - Sync 1 DAGs
[2025-12-14T15:58:38.663+0000] {logging_mixin.py:190} INFO - [2025-12-14T15:58:38.663+0000] {dag.py:4180} INFO - Setting next_dagrun for etl_synthetic_events to None, run_after=None
[2025-12-14T15:58:38.698+0000] {processor.py:208} INFO - Processing /opt/airflow/dags/etl_airflow_dag.py took 0.599 seconds
[2025-12-14T15:59:09.089+0000] {processor.py:186} INFO - Started process (PID=1630) to work on /opt/airflow/dags/etl_airflow_dag.py
[2025-12-14T15:59:09.090+0000] {processor.py:914} INFO - Processing file /opt/airflow/dags/etl_airflow_dag.py for tasks to queue
[2025-12-14T15:59:09.093+0000] {logging_mixin.py:190} INFO - [2025-12-14T15:59:09.093+0000] {dagbag.py:588} INFO - Filling up the DagBag from /opt/airflow/dags/etl_airflow_dag.py
[2025-12-14T15:59:09.689+0000] {processor.py:925} INFO - DAG(s) 'etl_synthetic_events' retrieved from /opt/airflow/dags/etl_airflow_dag.py
[2025-12-14T15:59:09.730+0000] {logging_mixin.py:190} INFO - [2025-12-14T15:59:09.729+0000] {dag.py:3239} INFO - Sync 1 DAGs
[2025-12-14T15:59:09.752+0000] {logging_mixin.py:190} INFO - [2025-12-14T15:59:09.752+0000] {dag.py:4180} INFO - Setting next_dagrun for etl_synthetic_events to None, run_after=None
[2025-12-14T15:59:09.784+0000] {processor.py:208} INFO - Processing /opt/airflow/dags/etl_airflow_dag.py took 0.706 seconds
[2025-12-14T15:59:40.162+0000] {processor.py:186} INFO - Started process (PID=1636) to work on /opt/airflow/dags/etl_airflow_dag.py
[2025-12-14T15:59:40.164+0000] {processor.py:914} INFO - Processing file /opt/airflow/dags/etl_airflow_dag.py for tasks to queue
[2025-12-14T15:59:40.166+0000] {logging_mixin.py:190} INFO - [2025-12-14T15:59:40.166+0000] {dagbag.py:588} INFO - Filling up the DagBag from /opt/airflow/dags/etl_airflow_dag.py
[2025-12-14T15:59:40.640+0000] {processor.py:925} INFO - DAG(s) 'etl_synthetic_events' retrieved from /opt/airflow/dags/etl_airflow_dag.py
[2025-12-14T15:59:40.684+0000] {logging_mixin.py:190} INFO - [2025-12-14T15:59:40.683+0000] {dag.py:3239} INFO - Sync 1 DAGs
[2025-12-14T15:59:40.708+0000] {logging_mixin.py:190} INFO - [2025-12-14T15:59:40.707+0000] {dag.py:4180} INFO - Setting next_dagrun for etl_synthetic_events to None, run_after=None
[2025-12-14T15:59:40.739+0000] {processor.py:208} INFO - Processing /opt/airflow/dags/etl_airflow_dag.py took 0.587 seconds
[2025-12-14T16:00:11.044+0000] {processor.py:186} INFO - Started process (PID=1642) to work on /opt/airflow/dags/etl_airflow_dag.py
[2025-12-14T16:00:11.046+0000] {processor.py:914} INFO - Processing file /opt/airflow/dags/etl_airflow_dag.py for tasks to queue
[2025-12-14T16:00:11.049+0000] {logging_mixin.py:190} INFO - [2025-12-14T16:00:11.048+0000] {dagbag.py:588} INFO - Filling up the DagBag from /opt/airflow/dags/etl_airflow_dag.py
[2025-12-14T16:00:11.525+0000] {processor.py:925} INFO - DAG(s) 'etl_synthetic_events' retrieved from /opt/airflow/dags/etl_airflow_dag.py
[2025-12-14T16:00:11.565+0000] {logging_mixin.py:190} INFO - [2025-12-14T16:00:11.564+0000] {dag.py:3239} INFO - Sync 1 DAGs
[2025-12-14T16:00:11.588+0000] {logging_mixin.py:190} INFO - [2025-12-14T16:00:11.588+0000] {dag.py:4180} INFO - Setting next_dagrun for etl_synthetic_events to None, run_after=None
[2025-12-14T16:00:11.622+0000] {processor.py:208} INFO - Processing /opt/airflow/dags/etl_airflow_dag.py took 0.590 seconds
[2025-12-14T16:00:41.999+0000] {processor.py:186} INFO - Started process (PID=1648) to work on /opt/airflow/dags/etl_airflow_dag.py
[2025-12-14T16:00:42.002+0000] {processor.py:914} INFO - Processing file /opt/airflow/dags/etl_airflow_dag.py for tasks to queue
[2025-12-14T16:00:42.005+0000] {logging_mixin.py:190} INFO - [2025-12-14T16:00:42.004+0000] {dagbag.py:588} INFO - Filling up the DagBag from /opt/airflow/dags/etl_airflow_dag.py
[2025-12-14T16:00:42.491+0000] {processor.py:925} INFO - DAG(s) 'etl_synthetic_events' retrieved from /opt/airflow/dags/etl_airflow_dag.py
[2025-12-14T16:00:42.535+0000] {logging_mixin.py:190} INFO - [2025-12-14T16:00:42.534+0000] {dag.py:3239} INFO - Sync 1 DAGs
[2025-12-14T16:00:42.561+0000] {logging_mixin.py:190} INFO - [2025-12-14T16:00:42.561+0000] {dag.py:4180} INFO - Setting next_dagrun for etl_synthetic_events to None, run_after=None
[2025-12-14T16:00:42.593+0000] {processor.py:208} INFO - Processing /opt/airflow/dags/etl_airflow_dag.py took 0.606 seconds
[2025-12-14T16:01:12.720+0000] {processor.py:186} INFO - Started process (PID=1654) to work on /opt/airflow/dags/etl_airflow_dag.py
[2025-12-14T16:01:12.722+0000] {processor.py:914} INFO - Processing file /opt/airflow/dags/etl_airflow_dag.py for tasks to queue
[2025-12-14T16:01:12.724+0000] {logging_mixin.py:190} INFO - [2025-12-14T16:01:12.723+0000] {dagbag.py:588} INFO - Filling up the DagBag from /opt/airflow/dags/etl_airflow_dag.py
[2025-12-14T16:01:13.190+0000] {processor.py:925} INFO - DAG(s) 'etl_synthetic_events' retrieved from /opt/airflow/dags/etl_airflow_dag.py
[2025-12-14T16:01:13.232+0000] {logging_mixin.py:190} INFO - [2025-12-14T16:01:13.231+0000] {dag.py:3239} INFO - Sync 1 DAGs
[2025-12-14T16:01:13.253+0000] {logging_mixin.py:190} INFO - [2025-12-14T16:01:13.252+0000] {dag.py:4180} INFO - Setting next_dagrun for etl_synthetic_events to None, run_after=None
[2025-12-14T16:01:13.284+0000] {processor.py:208} INFO - Processing /opt/airflow/dags/etl_airflow_dag.py took 0.573 seconds
[2025-12-14T16:01:43.658+0000] {processor.py:186} INFO - Started process (PID=1660) to work on /opt/airflow/dags/etl_airflow_dag.py
[2025-12-14T16:01:43.662+0000] {processor.py:914} INFO - Processing file /opt/airflow/dags/etl_airflow_dag.py for tasks to queue
[2025-12-14T16:01:43.665+0000] {logging_mixin.py:190} INFO - [2025-12-14T16:01:43.664+0000] {dagbag.py:588} INFO - Filling up the DagBag from /opt/airflow/dags/etl_airflow_dag.py
[2025-12-14T16:01:44.178+0000] {processor.py:925} INFO - DAG(s) 'etl_synthetic_events' retrieved from /opt/airflow/dags/etl_airflow_dag.py
[2025-12-14T16:01:44.221+0000] {logging_mixin.py:190} INFO - [2025-12-14T16:01:44.220+0000] {dag.py:3239} INFO - Sync 1 DAGs
[2025-12-14T16:01:44.242+0000] {logging_mixin.py:190} INFO - [2025-12-14T16:01:44.242+0000] {dag.py:4180} INFO - Setting next_dagrun for etl_synthetic_events to None, run_after=None
[2025-12-14T16:01:44.273+0000] {processor.py:208} INFO - Processing /opt/airflow/dags/etl_airflow_dag.py took 0.628 seconds
[2025-12-14T16:02:14.601+0000] {processor.py:186} INFO - Started process (PID=1666) to work on /opt/airflow/dags/etl_airflow_dag.py
[2025-12-14T16:02:14.604+0000] {processor.py:914} INFO - Processing file /opt/airflow/dags/etl_airflow_dag.py for tasks to queue
[2025-12-14T16:02:14.606+0000] {logging_mixin.py:190} INFO - [2025-12-14T16:02:14.606+0000] {dagbag.py:588} INFO - Filling up the DagBag from /opt/airflow/dags/etl_airflow_dag.py
[2025-12-14T16:02:15.109+0000] {processor.py:925} INFO - DAG(s) 'etl_synthetic_events' retrieved from /opt/airflow/dags/etl_airflow_dag.py
[2025-12-14T16:02:15.156+0000] {logging_mixin.py:190} INFO - [2025-12-14T16:02:15.155+0000] {dag.py:3239} INFO - Sync 1 DAGs
[2025-12-14T16:02:15.181+0000] {logging_mixin.py:190} INFO - [2025-12-14T16:02:15.180+0000] {dag.py:4180} INFO - Setting next_dagrun for etl_synthetic_events to None, run_after=None
[2025-12-14T16:02:15.216+0000] {processor.py:208} INFO - Processing /opt/airflow/dags/etl_airflow_dag.py took 0.626 seconds
[2025-12-14T16:02:45.628+0000] {processor.py:186} INFO - Started process (PID=1672) to work on /opt/airflow/dags/etl_airflow_dag.py
[2025-12-14T16:02:45.630+0000] {processor.py:914} INFO - Processing file /opt/airflow/dags/etl_airflow_dag.py for tasks to queue
[2025-12-14T16:02:45.632+0000] {logging_mixin.py:190} INFO - [2025-12-14T16:02:45.632+0000] {dagbag.py:588} INFO - Filling up the DagBag from /opt/airflow/dags/etl_airflow_dag.py
[2025-12-14T16:02:46.141+0000] {processor.py:925} INFO - DAG(s) 'etl_synthetic_events' retrieved from /opt/airflow/dags/etl_airflow_dag.py
[2025-12-14T16:02:46.191+0000] {logging_mixin.py:190} INFO - [2025-12-14T16:02:46.190+0000] {dag.py:3239} INFO - Sync 1 DAGs
[2025-12-14T16:02:46.213+0000] {logging_mixin.py:190} INFO - [2025-12-14T16:02:46.213+0000] {dag.py:4180} INFO - Setting next_dagrun for etl_synthetic_events to None, run_after=None
[2025-12-14T16:02:46.246+0000] {processor.py:208} INFO - Processing /opt/airflow/dags/etl_airflow_dag.py took 0.629 seconds
[2025-12-14T16:03:16.642+0000] {processor.py:186} INFO - Started process (PID=1678) to work on /opt/airflow/dags/etl_airflow_dag.py
[2025-12-14T16:03:16.644+0000] {processor.py:914} INFO - Processing file /opt/airflow/dags/etl_airflow_dag.py for tasks to queue
[2025-12-14T16:03:16.647+0000] {logging_mixin.py:190} INFO - [2025-12-14T16:03:16.646+0000] {dagbag.py:588} INFO - Filling up the DagBag from /opt/airflow/dags/etl_airflow_dag.py
[2025-12-14T16:03:17.118+0000] {processor.py:925} INFO - DAG(s) 'etl_synthetic_events' retrieved from /opt/airflow/dags/etl_airflow_dag.py
[2025-12-14T16:03:17.175+0000] {logging_mixin.py:190} INFO - [2025-12-14T16:03:17.174+0000] {dag.py:3239} INFO - Sync 1 DAGs
[2025-12-14T16:03:17.202+0000] {logging_mixin.py:190} INFO - [2025-12-14T16:03:17.201+0000] {dag.py:4180} INFO - Setting next_dagrun for etl_synthetic_events to None, run_after=None
[2025-12-14T16:03:17.243+0000] {processor.py:208} INFO - Processing /opt/airflow/dags/etl_airflow_dag.py took 0.612 seconds
[2025-12-14T16:03:47.619+0000] {processor.py:186} INFO - Started process (PID=1684) to work on /opt/airflow/dags/etl_airflow_dag.py
[2025-12-14T16:03:47.621+0000] {processor.py:914} INFO - Processing file /opt/airflow/dags/etl_airflow_dag.py for tasks to queue
[2025-12-14T16:03:47.624+0000] {logging_mixin.py:190} INFO - [2025-12-14T16:03:47.623+0000] {dagbag.py:588} INFO - Filling up the DagBag from /opt/airflow/dags/etl_airflow_dag.py
[2025-12-14T16:03:48.121+0000] {processor.py:925} INFO - DAG(s) 'etl_synthetic_events' retrieved from /opt/airflow/dags/etl_airflow_dag.py
[2025-12-14T16:03:48.164+0000] {logging_mixin.py:190} INFO - [2025-12-14T16:03:48.163+0000] {dag.py:3239} INFO - Sync 1 DAGs
[2025-12-14T16:03:48.188+0000] {logging_mixin.py:190} INFO - [2025-12-14T16:03:48.187+0000] {dag.py:4180} INFO - Setting next_dagrun for etl_synthetic_events to None, run_after=None
[2025-12-14T16:03:48.219+0000] {processor.py:208} INFO - Processing /opt/airflow/dags/etl_airflow_dag.py took 0.609 seconds
[2025-12-14T16:04:18.640+0000] {processor.py:186} INFO - Started process (PID=1690) to work on /opt/airflow/dags/etl_airflow_dag.py
[2025-12-14T16:04:18.642+0000] {processor.py:914} INFO - Processing file /opt/airflow/dags/etl_airflow_dag.py for tasks to queue
[2025-12-14T16:04:18.644+0000] {logging_mixin.py:190} INFO - [2025-12-14T16:04:18.644+0000] {dagbag.py:588} INFO - Filling up the DagBag from /opt/airflow/dags/etl_airflow_dag.py
[2025-12-14T16:04:19.199+0000] {processor.py:925} INFO - DAG(s) 'etl_synthetic_events' retrieved from /opt/airflow/dags/etl_airflow_dag.py
[2025-12-14T16:04:19.244+0000] {logging_mixin.py:190} INFO - [2025-12-14T16:04:19.243+0000] {dag.py:3239} INFO - Sync 1 DAGs
[2025-12-14T16:04:19.271+0000] {logging_mixin.py:190} INFO - [2025-12-14T16:04:19.270+0000] {dag.py:4180} INFO - Setting next_dagrun for etl_synthetic_events to None, run_after=None
[2025-12-14T16:04:19.308+0000] {processor.py:208} INFO - Processing /opt/airflow/dags/etl_airflow_dag.py took 0.681 seconds
[2025-12-14T16:04:49.731+0000] {processor.py:186} INFO - Started process (PID=1696) to work on /opt/airflow/dags/etl_airflow_dag.py
[2025-12-14T16:04:49.734+0000] {processor.py:914} INFO - Processing file /opt/airflow/dags/etl_airflow_dag.py for tasks to queue
[2025-12-14T16:04:49.737+0000] {logging_mixin.py:190} INFO - [2025-12-14T16:04:49.736+0000] {dagbag.py:588} INFO - Filling up the DagBag from /opt/airflow/dags/etl_airflow_dag.py
[2025-12-14T16:04:50.316+0000] {processor.py:925} INFO - DAG(s) 'etl_synthetic_events' retrieved from /opt/airflow/dags/etl_airflow_dag.py
[2025-12-14T16:04:50.362+0000] {logging_mixin.py:190} INFO - [2025-12-14T16:04:50.362+0000] {dag.py:3239} INFO - Sync 1 DAGs
[2025-12-14T16:04:50.387+0000] {logging_mixin.py:190} INFO - [2025-12-14T16:04:50.386+0000] {dag.py:4180} INFO - Setting next_dagrun for etl_synthetic_events to None, run_after=None
[2025-12-14T16:04:50.420+0000] {processor.py:208} INFO - Processing /opt/airflow/dags/etl_airflow_dag.py took 0.701 seconds
[2025-12-14T16:05:20.611+0000] {processor.py:186} INFO - Started process (PID=1702) to work on /opt/airflow/dags/etl_airflow_dag.py
[2025-12-14T16:05:20.613+0000] {processor.py:914} INFO - Processing file /opt/airflow/dags/etl_airflow_dag.py for tasks to queue
[2025-12-14T16:05:20.618+0000] {logging_mixin.py:190} INFO - [2025-12-14T16:05:20.616+0000] {dagbag.py:588} INFO - Filling up the DagBag from /opt/airflow/dags/etl_airflow_dag.py
[2025-12-14T16:05:21.174+0000] {processor.py:925} INFO - DAG(s) 'etl_synthetic_events' retrieved from /opt/airflow/dags/etl_airflow_dag.py
[2025-12-14T16:05:21.226+0000] {logging_mixin.py:190} INFO - [2025-12-14T16:05:21.225+0000] {dag.py:3239} INFO - Sync 1 DAGs
[2025-12-14T16:05:21.256+0000] {logging_mixin.py:190} INFO - [2025-12-14T16:05:21.256+0000] {dag.py:4180} INFO - Setting next_dagrun for etl_synthetic_events to None, run_after=None
[2025-12-14T16:05:21.290+0000] {processor.py:208} INFO - Processing /opt/airflow/dags/etl_airflow_dag.py took 0.694 seconds
[2025-12-14T16:05:51.739+0000] {processor.py:186} INFO - Started process (PID=1708) to work on /opt/airflow/dags/etl_airflow_dag.py
[2025-12-14T16:05:51.743+0000] {processor.py:914} INFO - Processing file /opt/airflow/dags/etl_airflow_dag.py for tasks to queue
[2025-12-14T16:05:51.746+0000] {logging_mixin.py:190} INFO - [2025-12-14T16:05:51.746+0000] {dagbag.py:588} INFO - Filling up the DagBag from /opt/airflow/dags/etl_airflow_dag.py
[2025-12-14T16:05:52.330+0000] {processor.py:925} INFO - DAG(s) 'etl_synthetic_events' retrieved from /opt/airflow/dags/etl_airflow_dag.py
[2025-12-14T16:05:52.398+0000] {logging_mixin.py:190} INFO - [2025-12-14T16:05:52.397+0000] {dag.py:3239} INFO - Sync 1 DAGs
[2025-12-14T16:05:52.425+0000] {logging_mixin.py:190} INFO - [2025-12-14T16:05:52.425+0000] {dag.py:4180} INFO - Setting next_dagrun for etl_synthetic_events to None, run_after=None
[2025-12-14T16:05:52.462+0000] {processor.py:208} INFO - Processing /opt/airflow/dags/etl_airflow_dag.py took 0.738 seconds
[2025-12-14T16:06:22.864+0000] {processor.py:186} INFO - Started process (PID=1714) to work on /opt/airflow/dags/etl_airflow_dag.py
[2025-12-14T16:06:22.866+0000] {processor.py:914} INFO - Processing file /opt/airflow/dags/etl_airflow_dag.py for tasks to queue
[2025-12-14T16:06:22.869+0000] {logging_mixin.py:190} INFO - [2025-12-14T16:06:22.868+0000] {dagbag.py:588} INFO - Filling up the DagBag from /opt/airflow/dags/etl_airflow_dag.py
[2025-12-14T16:06:23.399+0000] {processor.py:925} INFO - DAG(s) 'etl_synthetic_events' retrieved from /opt/airflow/dags/etl_airflow_dag.py
[2025-12-14T16:06:23.447+0000] {logging_mixin.py:190} INFO - [2025-12-14T16:06:23.446+0000] {dag.py:3239} INFO - Sync 1 DAGs
[2025-12-14T16:06:23.472+0000] {logging_mixin.py:190} INFO - [2025-12-14T16:06:23.471+0000] {dag.py:4180} INFO - Setting next_dagrun for etl_synthetic_events to None, run_after=None
[2025-12-14T16:06:23.507+0000] {processor.py:208} INFO - Processing /opt/airflow/dags/etl_airflow_dag.py took 0.655 seconds
[2025-12-14T16:06:53.792+0000] {processor.py:186} INFO - Started process (PID=1720) to work on /opt/airflow/dags/etl_airflow_dag.py
[2025-12-14T16:06:53.795+0000] {processor.py:914} INFO - Processing file /opt/airflow/dags/etl_airflow_dag.py for tasks to queue
[2025-12-14T16:06:53.797+0000] {logging_mixin.py:190} INFO - [2025-12-14T16:06:53.797+0000] {dagbag.py:588} INFO - Filling up the DagBag from /opt/airflow/dags/etl_airflow_dag.py
[2025-12-14T16:06:54.330+0000] {processor.py:925} INFO - DAG(s) 'etl_synthetic_events' retrieved from /opt/airflow/dags/etl_airflow_dag.py
[2025-12-14T16:06:54.377+0000] {logging_mixin.py:190} INFO - [2025-12-14T16:06:54.376+0000] {dag.py:3239} INFO - Sync 1 DAGs
[2025-12-14T16:06:54.400+0000] {logging_mixin.py:190} INFO - [2025-12-14T16:06:54.399+0000] {dag.py:4180} INFO - Setting next_dagrun for etl_synthetic_events to None, run_after=None
[2025-12-14T16:06:54.433+0000] {processor.py:208} INFO - Processing /opt/airflow/dags/etl_airflow_dag.py took 0.654 seconds
[2025-12-14T16:07:24.867+0000] {processor.py:186} INFO - Started process (PID=1726) to work on /opt/airflow/dags/etl_airflow_dag.py
[2025-12-14T16:07:24.870+0000] {processor.py:914} INFO - Processing file /opt/airflow/dags/etl_airflow_dag.py for tasks to queue
[2025-12-14T16:07:24.872+0000] {logging_mixin.py:190} INFO - [2025-12-14T16:07:24.871+0000] {dagbag.py:588} INFO - Filling up the DagBag from /opt/airflow/dags/etl_airflow_dag.py
[2025-12-14T16:07:25.386+0000] {processor.py:925} INFO - DAG(s) 'etl_synthetic_events' retrieved from /opt/airflow/dags/etl_airflow_dag.py
[2025-12-14T16:07:25.436+0000] {logging_mixin.py:190} INFO - [2025-12-14T16:07:25.435+0000] {dag.py:3239} INFO - Sync 1 DAGs
[2025-12-14T16:07:25.459+0000] {logging_mixin.py:190} INFO - [2025-12-14T16:07:25.459+0000] {dag.py:4180} INFO - Setting next_dagrun for etl_synthetic_events to None, run_after=None
[2025-12-14T16:07:25.493+0000] {processor.py:208} INFO - Processing /opt/airflow/dags/etl_airflow_dag.py took 0.637 seconds
[2025-12-14T16:07:55.901+0000] {processor.py:186} INFO - Started process (PID=1732) to work on /opt/airflow/dags/etl_airflow_dag.py
[2025-12-14T16:07:55.904+0000] {processor.py:914} INFO - Processing file /opt/airflow/dags/etl_airflow_dag.py for tasks to queue
[2025-12-14T16:07:55.907+0000] {logging_mixin.py:190} INFO - [2025-12-14T16:07:55.906+0000] {dagbag.py:588} INFO - Filling up the DagBag from /opt/airflow/dags/etl_airflow_dag.py
[2025-12-14T16:07:56.476+0000] {processor.py:925} INFO - DAG(s) 'etl_synthetic_events' retrieved from /opt/airflow/dags/etl_airflow_dag.py
[2025-12-14T16:07:56.522+0000] {logging_mixin.py:190} INFO - [2025-12-14T16:07:56.521+0000] {dag.py:3239} INFO - Sync 1 DAGs
[2025-12-14T16:07:56.545+0000] {logging_mixin.py:190} INFO - [2025-12-14T16:07:56.545+0000] {dag.py:4180} INFO - Setting next_dagrun for etl_synthetic_events to None, run_after=None
[2025-12-14T16:07:56.578+0000] {processor.py:208} INFO - Processing /opt/airflow/dags/etl_airflow_dag.py took 0.691 seconds
[2025-12-14T16:08:26.901+0000] {processor.py:186} INFO - Started process (PID=1738) to work on /opt/airflow/dags/etl_airflow_dag.py
[2025-12-14T16:08:26.903+0000] {processor.py:914} INFO - Processing file /opt/airflow/dags/etl_airflow_dag.py for tasks to queue
[2025-12-14T16:08:26.906+0000] {logging_mixin.py:190} INFO - [2025-12-14T16:08:26.905+0000] {dagbag.py:588} INFO - Filling up the DagBag from /opt/airflow/dags/etl_airflow_dag.py
[2025-12-14T16:08:27.384+0000] {processor.py:925} INFO - DAG(s) 'etl_synthetic_events' retrieved from /opt/airflow/dags/etl_airflow_dag.py
[2025-12-14T16:08:27.439+0000] {logging_mixin.py:190} INFO - [2025-12-14T16:08:27.438+0000] {dag.py:3239} INFO - Sync 1 DAGs
[2025-12-14T16:08:27.468+0000] {logging_mixin.py:190} INFO - [2025-12-14T16:08:27.467+0000] {dag.py:4180} INFO - Setting next_dagrun for etl_synthetic_events to None, run_after=None
[2025-12-14T16:08:27.520+0000] {processor.py:208} INFO - Processing /opt/airflow/dags/etl_airflow_dag.py took 0.630 seconds
[2025-12-14T16:08:57.978+0000] {processor.py:186} INFO - Started process (PID=1744) to work on /opt/airflow/dags/etl_airflow_dag.py
[2025-12-14T16:08:57.981+0000] {processor.py:914} INFO - Processing file /opt/airflow/dags/etl_airflow_dag.py for tasks to queue
[2025-12-14T16:08:57.984+0000] {logging_mixin.py:190} INFO - [2025-12-14T16:08:57.983+0000] {dagbag.py:588} INFO - Filling up the DagBag from /opt/airflow/dags/etl_airflow_dag.py
[2025-12-14T16:08:58.576+0000] {processor.py:925} INFO - DAG(s) 'etl_synthetic_events' retrieved from /opt/airflow/dags/etl_airflow_dag.py
[2025-12-14T16:08:58.618+0000] {logging_mixin.py:190} INFO - [2025-12-14T16:08:58.617+0000] {dag.py:3239} INFO - Sync 1 DAGs
[2025-12-14T16:08:58.640+0000] {logging_mixin.py:190} INFO - [2025-12-14T16:08:58.639+0000] {dag.py:4180} INFO - Setting next_dagrun for etl_synthetic_events to None, run_after=None
[2025-12-14T16:08:58.673+0000] {processor.py:208} INFO - Processing /opt/airflow/dags/etl_airflow_dag.py took 0.710 seconds
[2025-12-14T16:18:47.886+0000] {processor.py:186} INFO - Started process (PID=1750) to work on /opt/airflow/dags/etl_airflow_dag.py
[2025-12-14T16:18:47.891+0000] {processor.py:914} INFO - Processing file /opt/airflow/dags/etl_airflow_dag.py for tasks to queue
[2025-12-14T16:18:47.895+0000] {logging_mixin.py:190} INFO - [2025-12-14T16:18:47.894+0000] {dagbag.py:588} INFO - Filling up the DagBag from /opt/airflow/dags/etl_airflow_dag.py
[2025-12-14T16:19:02.023+0000] {processor.py:925} INFO - DAG(s) 'etl_synthetic_events' retrieved from /opt/airflow/dags/etl_airflow_dag.py
[2025-12-14T16:19:02.300+0000] {logging_mixin.py:190} INFO - [2025-12-14T16:19:02.299+0000] {dag.py:3239} INFO - Sync 1 DAGs
[2025-12-14T16:19:02.392+0000] {logging_mixin.py:190} INFO - [2025-12-14T16:19:02.392+0000] {dag.py:4180} INFO - Setting next_dagrun for etl_synthetic_events to None, run_after=None
[2025-12-14T16:19:02.552+0000] {processor.py:208} INFO - Processing /opt/airflow/dags/etl_airflow_dag.py took 3.299 seconds
[2025-12-14T16:19:57.553+0000] {processor.py:186} INFO - Started process (PID=1756) to work on /opt/airflow/dags/etl_airflow_dag.py
[2025-12-14T16:19:57.557+0000] {processor.py:914} INFO - Processing file /opt/airflow/dags/etl_airflow_dag.py for tasks to queue
[2025-12-14T16:19:57.562+0000] {logging_mixin.py:190} INFO - [2025-12-14T16:19:57.561+0000] {dagbag.py:588} INFO - Filling up the DagBag from /opt/airflow/dags/etl_airflow_dag.py
[2025-12-14T16:19:58.544+0000] {processor.py:925} INFO - DAG(s) 'etl_synthetic_events' retrieved from /opt/airflow/dags/etl_airflow_dag.py
[2025-12-14T16:19:58.598+0000] {logging_mixin.py:190} INFO - [2025-12-14T16:19:58.597+0000] {dag.py:3239} INFO - Sync 1 DAGs
[2025-12-14T16:19:58.624+0000] {logging_mixin.py:190} INFO - [2025-12-14T16:19:58.624+0000] {dag.py:4180} INFO - Setting next_dagrun for etl_synthetic_events to None, run_after=None
[2025-12-14T16:19:58.673+0000] {processor.py:208} INFO - Processing /opt/airflow/dags/etl_airflow_dag.py took 1.144 seconds
[2025-12-14T16:20:28.974+0000] {processor.py:186} INFO - Started process (PID=1762) to work on /opt/airflow/dags/etl_airflow_dag.py
[2025-12-14T16:20:28.976+0000] {processor.py:914} INFO - Processing file /opt/airflow/dags/etl_airflow_dag.py for tasks to queue
[2025-12-14T16:20:28.982+0000] {logging_mixin.py:190} INFO - [2025-12-14T16:20:28.981+0000] {dagbag.py:588} INFO - Filling up the DagBag from /opt/airflow/dags/etl_airflow_dag.py
[2025-12-14T16:20:29.534+0000] {processor.py:925} INFO - DAG(s) 'etl_synthetic_events' retrieved from /opt/airflow/dags/etl_airflow_dag.py
[2025-12-14T16:20:29.573+0000] {logging_mixin.py:190} INFO - [2025-12-14T16:20:29.573+0000] {dag.py:3239} INFO - Sync 1 DAGs
[2025-12-14T16:20:29.595+0000] {logging_mixin.py:190} INFO - [2025-12-14T16:20:29.595+0000] {dag.py:4180} INFO - Setting next_dagrun for etl_synthetic_events to None, run_after=None
[2025-12-14T16:20:29.626+0000] {processor.py:208} INFO - Processing /opt/airflow/dags/etl_airflow_dag.py took 0.674 seconds
[2025-12-14T16:21:00.081+0000] {processor.py:186} INFO - Started process (PID=1768) to work on /opt/airflow/dags/etl_airflow_dag.py
[2025-12-14T16:21:00.084+0000] {processor.py:914} INFO - Processing file /opt/airflow/dags/etl_airflow_dag.py for tasks to queue
[2025-12-14T16:21:00.088+0000] {logging_mixin.py:190} INFO - [2025-12-14T16:21:00.086+0000] {dagbag.py:588} INFO - Filling up the DagBag from /opt/airflow/dags/etl_airflow_dag.py
[2025-12-14T16:21:00.602+0000] {processor.py:925} INFO - DAG(s) 'etl_synthetic_events' retrieved from /opt/airflow/dags/etl_airflow_dag.py
[2025-12-14T16:21:00.647+0000] {logging_mixin.py:190} INFO - [2025-12-14T16:21:00.646+0000] {dag.py:3239} INFO - Sync 1 DAGs
[2025-12-14T16:21:00.670+0000] {logging_mixin.py:190} INFO - [2025-12-14T16:21:00.670+0000] {dag.py:4180} INFO - Setting next_dagrun for etl_synthetic_events to None, run_after=None
[2025-12-14T16:21:00.704+0000] {processor.py:208} INFO - Processing /opt/airflow/dags/etl_airflow_dag.py took 0.634 seconds
[2025-12-14T16:21:31.118+0000] {processor.py:186} INFO - Started process (PID=1774) to work on /opt/airflow/dags/etl_airflow_dag.py
[2025-12-14T16:21:31.120+0000] {processor.py:914} INFO - Processing file /opt/airflow/dags/etl_airflow_dag.py for tasks to queue
[2025-12-14T16:21:31.123+0000] {logging_mixin.py:190} INFO - [2025-12-14T16:21:31.123+0000] {dagbag.py:588} INFO - Filling up the DagBag from /opt/airflow/dags/etl_airflow_dag.py
[2025-12-14T16:21:31.724+0000] {processor.py:925} INFO - DAG(s) 'etl_synthetic_events' retrieved from /opt/airflow/dags/etl_airflow_dag.py
[2025-12-14T16:21:31.821+0000] {logging_mixin.py:190} INFO - [2025-12-14T16:21:31.817+0000] {dag.py:3239} INFO - Sync 1 DAGs
[2025-12-14T16:21:31.854+0000] {logging_mixin.py:190} INFO - [2025-12-14T16:21:31.853+0000] {dag.py:4180} INFO - Setting next_dagrun for etl_synthetic_events to None, run_after=None
[2025-12-14T16:21:31.912+0000] {processor.py:208} INFO - Processing /opt/airflow/dags/etl_airflow_dag.py took 0.806 seconds
[2025-12-14T16:22:02.198+0000] {processor.py:186} INFO - Started process (PID=1780) to work on /opt/airflow/dags/etl_airflow_dag.py
[2025-12-14T16:22:02.200+0000] {processor.py:914} INFO - Processing file /opt/airflow/dags/etl_airflow_dag.py for tasks to queue
[2025-12-14T16:22:02.203+0000] {logging_mixin.py:190} INFO - [2025-12-14T16:22:02.202+0000] {dagbag.py:588} INFO - Filling up the DagBag from /opt/airflow/dags/etl_airflow_dag.py
[2025-12-14T16:22:02.922+0000] {processor.py:925} INFO - DAG(s) 'etl_synthetic_events' retrieved from /opt/airflow/dags/etl_airflow_dag.py
[2025-12-14T16:22:02.961+0000] {logging_mixin.py:190} INFO - [2025-12-14T16:22:02.960+0000] {dag.py:3239} INFO - Sync 1 DAGs
[2025-12-14T16:22:02.984+0000] {logging_mixin.py:190} INFO - [2025-12-14T16:22:02.983+0000] {dag.py:4180} INFO - Setting next_dagrun for etl_synthetic_events to None, run_after=None
[2025-12-14T16:22:03.017+0000] {processor.py:208} INFO - Processing /opt/airflow/dags/etl_airflow_dag.py took 0.830 seconds
[2025-12-14T16:22:33.488+0000] {processor.py:186} INFO - Started process (PID=1786) to work on /opt/airflow/dags/etl_airflow_dag.py
[2025-12-14T16:22:33.491+0000] {processor.py:914} INFO - Processing file /opt/airflow/dags/etl_airflow_dag.py for tasks to queue
[2025-12-14T16:22:33.493+0000] {logging_mixin.py:190} INFO - [2025-12-14T16:22:33.493+0000] {dagbag.py:588} INFO - Filling up the DagBag from /opt/airflow/dags/etl_airflow_dag.py
[2025-12-14T16:22:34.092+0000] {processor.py:925} INFO - DAG(s) 'etl_synthetic_events' retrieved from /opt/airflow/dags/etl_airflow_dag.py
[2025-12-14T16:22:34.135+0000] {logging_mixin.py:190} INFO - [2025-12-14T16:22:34.134+0000] {dag.py:3239} INFO - Sync 1 DAGs
[2025-12-14T16:22:34.159+0000] {logging_mixin.py:190} INFO - [2025-12-14T16:22:34.158+0000] {dag.py:4180} INFO - Setting next_dagrun for etl_synthetic_events to None, run_after=None
[2025-12-14T16:22:34.204+0000] {processor.py:208} INFO - Processing /opt/airflow/dags/etl_airflow_dag.py took 0.730 seconds
[2025-12-14T16:23:04.630+0000] {processor.py:186} INFO - Started process (PID=1792) to work on /opt/airflow/dags/etl_airflow_dag.py
[2025-12-14T16:23:04.632+0000] {processor.py:914} INFO - Processing file /opt/airflow/dags/etl_airflow_dag.py for tasks to queue
[2025-12-14T16:23:04.634+0000] {logging_mixin.py:190} INFO - [2025-12-14T16:23:04.634+0000] {dagbag.py:588} INFO - Filling up the DagBag from /opt/airflow/dags/etl_airflow_dag.py
[2025-12-14T16:23:05.209+0000] {processor.py:925} INFO - DAG(s) 'etl_synthetic_events' retrieved from /opt/airflow/dags/etl_airflow_dag.py
[2025-12-14T16:23:05.257+0000] {logging_mixin.py:190} INFO - [2025-12-14T16:23:05.256+0000] {dag.py:3239} INFO - Sync 1 DAGs
[2025-12-14T16:23:05.282+0000] {logging_mixin.py:190} INFO - [2025-12-14T16:23:05.281+0000] {dag.py:4180} INFO - Setting next_dagrun for etl_synthetic_events to None, run_after=None
[2025-12-14T16:23:05.315+0000] {processor.py:208} INFO - Processing /opt/airflow/dags/etl_airflow_dag.py took 0.695 seconds
[2025-12-14T16:23:35.834+0000] {processor.py:186} INFO - Started process (PID=1798) to work on /opt/airflow/dags/etl_airflow_dag.py
[2025-12-14T16:23:35.837+0000] {processor.py:914} INFO - Processing file /opt/airflow/dags/etl_airflow_dag.py for tasks to queue
[2025-12-14T16:23:35.841+0000] {logging_mixin.py:190} INFO - [2025-12-14T16:23:35.840+0000] {dagbag.py:588} INFO - Filling up the DagBag from /opt/airflow/dags/etl_airflow_dag.py
[2025-12-14T16:23:36.758+0000] {processor.py:925} INFO - DAG(s) 'etl_synthetic_events' retrieved from /opt/airflow/dags/etl_airflow_dag.py
[2025-12-14T16:23:36.838+0000] {logging_mixin.py:190} INFO - [2025-12-14T16:23:36.834+0000] {dag.py:3239} INFO - Sync 1 DAGs
[2025-12-14T16:23:36.876+0000] {logging_mixin.py:190} INFO - [2025-12-14T16:23:36.875+0000] {dag.py:4180} INFO - Setting next_dagrun for etl_synthetic_events to None, run_after=None
[2025-12-14T16:23:36.934+0000] {processor.py:208} INFO - Processing /opt/airflow/dags/etl_airflow_dag.py took 1.119 seconds
[2025-12-14T16:24:07.391+0000] {processor.py:186} INFO - Started process (PID=1804) to work on /opt/airflow/dags/etl_airflow_dag.py
[2025-12-14T16:24:07.395+0000] {processor.py:914} INFO - Processing file /opt/airflow/dags/etl_airflow_dag.py for tasks to queue
[2025-12-14T16:24:07.401+0000] {logging_mixin.py:190} INFO - [2025-12-14T16:24:07.400+0000] {dagbag.py:588} INFO - Filling up the DagBag from /opt/airflow/dags/etl_airflow_dag.py
[2025-12-14T16:24:08.434+0000] {processor.py:925} INFO - DAG(s) 'etl_synthetic_events' retrieved from /opt/airflow/dags/etl_airflow_dag.py
[2025-12-14T16:24:08.501+0000] {logging_mixin.py:190} INFO - [2025-12-14T16:24:08.499+0000] {dag.py:3239} INFO - Sync 1 DAGs
[2025-12-14T16:24:08.537+0000] {logging_mixin.py:190} INFO - [2025-12-14T16:24:08.537+0000] {dag.py:4180} INFO - Setting next_dagrun for etl_synthetic_events to None, run_after=None
[2025-12-14T16:24:08.591+0000] {processor.py:208} INFO - Processing /opt/airflow/dags/etl_airflow_dag.py took 1.225 seconds
[2025-12-14T16:24:38.935+0000] {processor.py:186} INFO - Started process (PID=1810) to work on /opt/airflow/dags/etl_airflow_dag.py
[2025-12-14T16:24:38.939+0000] {processor.py:914} INFO - Processing file /opt/airflow/dags/etl_airflow_dag.py for tasks to queue
[2025-12-14T16:24:38.943+0000] {logging_mixin.py:190} INFO - [2025-12-14T16:24:38.942+0000] {dagbag.py:588} INFO - Filling up the DagBag from /opt/airflow/dags/etl_airflow_dag.py
[2025-12-14T16:24:39.871+0000] {processor.py:925} INFO - DAG(s) 'etl_synthetic_events' retrieved from /opt/airflow/dags/etl_airflow_dag.py
[2025-12-14T16:24:39.945+0000] {logging_mixin.py:190} INFO - [2025-12-14T16:24:39.944+0000] {dag.py:3239} INFO - Sync 1 DAGs
[2025-12-14T16:24:39.982+0000] {logging_mixin.py:190} INFO - [2025-12-14T16:24:39.981+0000] {dag.py:4180} INFO - Setting next_dagrun for etl_synthetic_events to None, run_after=None
[2025-12-14T16:24:40.042+0000] {processor.py:208} INFO - Processing /opt/airflow/dags/etl_airflow_dag.py took 1.126 seconds
[2025-12-14T16:25:10.479+0000] {processor.py:186} INFO - Started process (PID=1816) to work on /opt/airflow/dags/etl_airflow_dag.py
[2025-12-14T16:25:10.483+0000] {processor.py:914} INFO - Processing file /opt/airflow/dags/etl_airflow_dag.py for tasks to queue
[2025-12-14T16:25:10.488+0000] {logging_mixin.py:190} INFO - [2025-12-14T16:25:10.487+0000] {dagbag.py:588} INFO - Filling up the DagBag from /opt/airflow/dags/etl_airflow_dag.py
[2025-12-14T16:25:11.542+0000] {processor.py:925} INFO - DAG(s) 'etl_synthetic_events' retrieved from /opt/airflow/dags/etl_airflow_dag.py
[2025-12-14T16:25:11.621+0000] {logging_mixin.py:190} INFO - [2025-12-14T16:25:11.619+0000] {dag.py:3239} INFO - Sync 1 DAGs
[2025-12-14T16:25:11.665+0000] {logging_mixin.py:190} INFO - [2025-12-14T16:25:11.665+0000] {dag.py:4180} INFO - Setting next_dagrun for etl_synthetic_events to None, run_after=None
[2025-12-14T16:25:11.729+0000] {processor.py:208} INFO - Processing /opt/airflow/dags/etl_airflow_dag.py took 1.272 seconds
[2025-12-14T16:25:42.074+0000] {processor.py:186} INFO - Started process (PID=1822) to work on /opt/airflow/dags/etl_airflow_dag.py
[2025-12-14T16:25:42.077+0000] {processor.py:914} INFO - Processing file /opt/airflow/dags/etl_airflow_dag.py for tasks to queue
[2025-12-14T16:25:42.082+0000] {logging_mixin.py:190} INFO - [2025-12-14T16:25:42.081+0000] {dagbag.py:588} INFO - Filling up the DagBag from /opt/airflow/dags/etl_airflow_dag.py
[2025-12-14T16:25:43.273+0000] {processor.py:925} INFO - DAG(s) 'etl_synthetic_events' retrieved from /opt/airflow/dags/etl_airflow_dag.py
[2025-12-14T16:25:43.349+0000] {logging_mixin.py:190} INFO - [2025-12-14T16:25:43.345+0000] {dag.py:3239} INFO - Sync 1 DAGs
[2025-12-14T16:25:43.393+0000] {logging_mixin.py:190} INFO - [2025-12-14T16:25:43.393+0000] {dag.py:4180} INFO - Setting next_dagrun for etl_synthetic_events to None, run_after=None
[2025-12-14T16:25:43.454+0000] {processor.py:208} INFO - Processing /opt/airflow/dags/etl_airflow_dag.py took 1.402 seconds
[2025-12-14T16:26:13.815+0000] {processor.py:186} INFO - Started process (PID=1828) to work on /opt/airflow/dags/etl_airflow_dag.py
[2025-12-14T16:26:13.818+0000] {processor.py:914} INFO - Processing file /opt/airflow/dags/etl_airflow_dag.py for tasks to queue
[2025-12-14T16:26:13.823+0000] {logging_mixin.py:190} INFO - [2025-12-14T16:26:13.822+0000] {dagbag.py:588} INFO - Filling up the DagBag from /opt/airflow/dags/etl_airflow_dag.py
[2025-12-14T16:26:14.832+0000] {processor.py:925} INFO - DAG(s) 'etl_synthetic_events' retrieved from /opt/airflow/dags/etl_airflow_dag.py
[2025-12-14T16:26:14.916+0000] {logging_mixin.py:190} INFO - [2025-12-14T16:26:14.914+0000] {dag.py:3239} INFO - Sync 1 DAGs
[2025-12-14T16:26:14.954+0000] {logging_mixin.py:190} INFO - [2025-12-14T16:26:14.953+0000] {dag.py:4180} INFO - Setting next_dagrun for etl_synthetic_events to None, run_after=None
[2025-12-14T16:26:15.017+0000] {processor.py:208} INFO - Processing /opt/airflow/dags/etl_airflow_dag.py took 1.222 seconds
[2025-12-14T16:26:45.555+0000] {processor.py:186} INFO - Started process (PID=1834) to work on /opt/airflow/dags/etl_airflow_dag.py
[2025-12-14T16:26:45.559+0000] {processor.py:914} INFO - Processing file /opt/airflow/dags/etl_airflow_dag.py for tasks to queue
[2025-12-14T16:26:45.563+0000] {logging_mixin.py:190} INFO - [2025-12-14T16:26:45.562+0000] {dagbag.py:588} INFO - Filling up the DagBag from /opt/airflow/dags/etl_airflow_dag.py
[2025-12-14T16:26:46.526+0000] {processor.py:925} INFO - DAG(s) 'etl_synthetic_events' retrieved from /opt/airflow/dags/etl_airflow_dag.py
[2025-12-14T16:26:46.598+0000] {logging_mixin.py:190} INFO - [2025-12-14T16:26:46.597+0000] {dag.py:3239} INFO - Sync 1 DAGs
[2025-12-14T16:26:46.638+0000] {logging_mixin.py:190} INFO - [2025-12-14T16:26:46.637+0000] {dag.py:4180} INFO - Setting next_dagrun for etl_synthetic_events to None, run_after=None
[2025-12-14T16:26:46.693+0000] {processor.py:208} INFO - Processing /opt/airflow/dags/etl_airflow_dag.py took 1.158 seconds
[2025-12-14T16:27:17.098+0000] {processor.py:186} INFO - Started process (PID=1840) to work on /opt/airflow/dags/etl_airflow_dag.py
[2025-12-14T16:27:17.102+0000] {processor.py:914} INFO - Processing file /opt/airflow/dags/etl_airflow_dag.py for tasks to queue
[2025-12-14T16:27:17.105+0000] {logging_mixin.py:190} INFO - [2025-12-14T16:27:17.104+0000] {dagbag.py:588} INFO - Filling up the DagBag from /opt/airflow/dags/etl_airflow_dag.py
[2025-12-14T16:27:18.098+0000] {processor.py:925} INFO - DAG(s) 'etl_synthetic_events' retrieved from /opt/airflow/dags/etl_airflow_dag.py
[2025-12-14T16:27:18.182+0000] {logging_mixin.py:190} INFO - [2025-12-14T16:27:18.180+0000] {dag.py:3239} INFO - Sync 1 DAGs
[2025-12-14T16:27:18.235+0000] {logging_mixin.py:190} INFO - [2025-12-14T16:27:18.235+0000] {dag.py:4180} INFO - Setting next_dagrun for etl_synthetic_events to None, run_after=None
[2025-12-14T16:27:18.295+0000] {processor.py:208} INFO - Processing /opt/airflow/dags/etl_airflow_dag.py took 1.214 seconds
[2025-12-14T16:27:48.752+0000] {processor.py:186} INFO - Started process (PID=1846) to work on /opt/airflow/dags/etl_airflow_dag.py
[2025-12-14T16:27:48.755+0000] {processor.py:914} INFO - Processing file /opt/airflow/dags/etl_airflow_dag.py for tasks to queue
[2025-12-14T16:27:48.760+0000] {logging_mixin.py:190} INFO - [2025-12-14T16:27:48.759+0000] {dagbag.py:588} INFO - Filling up the DagBag from /opt/airflow/dags/etl_airflow_dag.py
[2025-12-14T16:27:49.671+0000] {processor.py:925} INFO - DAG(s) 'etl_synthetic_events' retrieved from /opt/airflow/dags/etl_airflow_dag.py
[2025-12-14T16:27:49.747+0000] {logging_mixin.py:190} INFO - [2025-12-14T16:27:49.743+0000] {dag.py:3239} INFO - Sync 1 DAGs
[2025-12-14T16:27:49.802+0000] {logging_mixin.py:190} INFO - [2025-12-14T16:27:49.801+0000] {dag.py:4180} INFO - Setting next_dagrun for etl_synthetic_events to None, run_after=None
[2025-12-14T16:27:49.856+0000] {processor.py:208} INFO - Processing /opt/airflow/dags/etl_airflow_dag.py took 1.125 seconds
[2025-12-14T16:28:20.411+0000] {processor.py:186} INFO - Started process (PID=1852) to work on /opt/airflow/dags/etl_airflow_dag.py
[2025-12-14T16:28:20.415+0000] {processor.py:914} INFO - Processing file /opt/airflow/dags/etl_airflow_dag.py for tasks to queue
[2025-12-14T16:28:20.419+0000] {logging_mixin.py:190} INFO - [2025-12-14T16:28:20.418+0000] {dagbag.py:588} INFO - Filling up the DagBag from /opt/airflow/dags/etl_airflow_dag.py
[2025-12-14T16:28:21.429+0000] {processor.py:925} INFO - DAG(s) 'etl_synthetic_events' retrieved from /opt/airflow/dags/etl_airflow_dag.py
[2025-12-14T16:28:21.511+0000] {logging_mixin.py:190} INFO - [2025-12-14T16:28:21.510+0000] {dag.py:3239} INFO - Sync 1 DAGs
[2025-12-14T16:28:21.554+0000] {logging_mixin.py:190} INFO - [2025-12-14T16:28:21.553+0000] {dag.py:4180} INFO - Setting next_dagrun for etl_synthetic_events to None, run_after=None
[2025-12-14T16:28:21.619+0000] {processor.py:208} INFO - Processing /opt/airflow/dags/etl_airflow_dag.py took 1.227 seconds
[2025-12-14T16:28:51.921+0000] {processor.py:186} INFO - Started process (PID=1858) to work on /opt/airflow/dags/etl_airflow_dag.py
[2025-12-14T16:28:51.925+0000] {processor.py:914} INFO - Processing file /opt/airflow/dags/etl_airflow_dag.py for tasks to queue
[2025-12-14T16:28:51.929+0000] {logging_mixin.py:190} INFO - [2025-12-14T16:28:51.928+0000] {dagbag.py:588} INFO - Filling up the DagBag from /opt/airflow/dags/etl_airflow_dag.py
[2025-12-14T16:28:52.940+0000] {processor.py:925} INFO - DAG(s) 'etl_synthetic_events' retrieved from /opt/airflow/dags/etl_airflow_dag.py
[2025-12-14T16:28:53.076+0000] {logging_mixin.py:190} INFO - [2025-12-14T16:28:53.073+0000] {dag.py:3239} INFO - Sync 1 DAGs
[2025-12-14T16:28:53.143+0000] {logging_mixin.py:190} INFO - [2025-12-14T16:28:53.142+0000] {dag.py:4180} INFO - Setting next_dagrun for etl_synthetic_events to None, run_after=None
[2025-12-14T16:28:53.265+0000] {processor.py:208} INFO - Processing /opt/airflow/dags/etl_airflow_dag.py took 1.363 seconds
[2025-12-14T16:29:23.809+0000] {processor.py:186} INFO - Started process (PID=1864) to work on /opt/airflow/dags/etl_airflow_dag.py
[2025-12-14T16:29:23.812+0000] {processor.py:914} INFO - Processing file /opt/airflow/dags/etl_airflow_dag.py for tasks to queue
[2025-12-14T16:29:23.816+0000] {logging_mixin.py:190} INFO - [2025-12-14T16:29:23.815+0000] {dagbag.py:588} INFO - Filling up the DagBag from /opt/airflow/dags/etl_airflow_dag.py
[2025-12-14T16:29:24.777+0000] {processor.py:925} INFO - DAG(s) 'etl_synthetic_events' retrieved from /opt/airflow/dags/etl_airflow_dag.py
[2025-12-14T16:29:24.861+0000] {logging_mixin.py:190} INFO - [2025-12-14T16:29:24.859+0000] {dag.py:3239} INFO - Sync 1 DAGs
[2025-12-14T16:29:24.907+0000] {logging_mixin.py:190} INFO - [2025-12-14T16:29:24.907+0000] {dag.py:4180} INFO - Setting next_dagrun for etl_synthetic_events to None, run_after=None
[2025-12-14T16:29:24.972+0000] {processor.py:208} INFO - Processing /opt/airflow/dags/etl_airflow_dag.py took 1.181 seconds
[2025-12-14T16:29:55.435+0000] {processor.py:186} INFO - Started process (PID=1870) to work on /opt/airflow/dags/etl_airflow_dag.py
[2025-12-14T16:29:55.439+0000] {processor.py:914} INFO - Processing file /opt/airflow/dags/etl_airflow_dag.py for tasks to queue
[2025-12-14T16:29:55.444+0000] {logging_mixin.py:190} INFO - [2025-12-14T16:29:55.443+0000] {dagbag.py:588} INFO - Filling up the DagBag from /opt/airflow/dags/etl_airflow_dag.py
[2025-12-14T16:29:56.449+0000] {processor.py:925} INFO - DAG(s) 'etl_synthetic_events' retrieved from /opt/airflow/dags/etl_airflow_dag.py
[2025-12-14T16:29:56.526+0000] {logging_mixin.py:190} INFO - [2025-12-14T16:29:56.521+0000] {dag.py:3239} INFO - Sync 1 DAGs
[2025-12-14T16:29:56.567+0000] {logging_mixin.py:190} INFO - [2025-12-14T16:29:56.567+0000] {dag.py:4180} INFO - Setting next_dagrun for etl_synthetic_events to None, run_after=None
[2025-12-14T16:29:56.621+0000] {processor.py:208} INFO - Processing /opt/airflow/dags/etl_airflow_dag.py took 1.228 seconds
[2025-12-14T16:30:27.053+0000] {processor.py:186} INFO - Started process (PID=1876) to work on /opt/airflow/dags/etl_airflow_dag.py
[2025-12-14T16:30:27.057+0000] {processor.py:914} INFO - Processing file /opt/airflow/dags/etl_airflow_dag.py for tasks to queue
[2025-12-14T16:30:27.063+0000] {logging_mixin.py:190} INFO - [2025-12-14T16:30:27.061+0000] {dagbag.py:588} INFO - Filling up the DagBag from /opt/airflow/dags/etl_airflow_dag.py
[2025-12-14T16:30:28.140+0000] {processor.py:925} INFO - DAG(s) 'etl_synthetic_events' retrieved from /opt/airflow/dags/etl_airflow_dag.py
[2025-12-14T16:30:28.208+0000] {logging_mixin.py:190} INFO - [2025-12-14T16:30:28.207+0000] {dag.py:3239} INFO - Sync 1 DAGs
[2025-12-14T16:30:28.245+0000] {logging_mixin.py:190} INFO - [2025-12-14T16:30:28.245+0000] {dag.py:4180} INFO - Setting next_dagrun for etl_synthetic_events to None, run_after=None
[2025-12-14T16:30:28.295+0000] {processor.py:208} INFO - Processing /opt/airflow/dags/etl_airflow_dag.py took 1.263 seconds
[2025-12-14T16:30:58.821+0000] {processor.py:186} INFO - Started process (PID=1882) to work on /opt/airflow/dags/etl_airflow_dag.py
[2025-12-14T16:30:58.826+0000] {processor.py:914} INFO - Processing file /opt/airflow/dags/etl_airflow_dag.py for tasks to queue
[2025-12-14T16:30:58.837+0000] {logging_mixin.py:190} INFO - [2025-12-14T16:30:58.835+0000] {dagbag.py:588} INFO - Filling up the DagBag from /opt/airflow/dags/etl_airflow_dag.py
[2025-12-14T16:30:59.822+0000] {processor.py:925} INFO - DAG(s) 'etl_synthetic_events' retrieved from /opt/airflow/dags/etl_airflow_dag.py
[2025-12-14T16:30:59.889+0000] {logging_mixin.py:190} INFO - [2025-12-14T16:30:59.888+0000] {dag.py:3239} INFO - Sync 1 DAGs
[2025-12-14T16:30:59.926+0000] {logging_mixin.py:190} INFO - [2025-12-14T16:30:59.926+0000] {dag.py:4180} INFO - Setting next_dagrun for etl_synthetic_events to None, run_after=None
[2025-12-14T16:30:59.983+0000] {processor.py:208} INFO - Processing /opt/airflow/dags/etl_airflow_dag.py took 1.216 seconds
[2025-12-14T16:31:30.767+0000] {processor.py:186} INFO - Started process (PID=1888) to work on /opt/airflow/dags/etl_airflow_dag.py
[2025-12-14T16:31:30.771+0000] {processor.py:914} INFO - Processing file /opt/airflow/dags/etl_airflow_dag.py for tasks to queue
[2025-12-14T16:31:30.775+0000] {logging_mixin.py:190} INFO - [2025-12-14T16:31:30.774+0000] {dagbag.py:588} INFO - Filling up the DagBag from /opt/airflow/dags/etl_airflow_dag.py
[2025-12-14T16:31:31.797+0000] {processor.py:925} INFO - DAG(s) 'etl_synthetic_events' retrieved from /opt/airflow/dags/etl_airflow_dag.py
[2025-12-14T16:31:31.898+0000] {logging_mixin.py:190} INFO - [2025-12-14T16:31:31.896+0000] {dag.py:3239} INFO - Sync 1 DAGs
[2025-12-14T16:31:31.954+0000] {logging_mixin.py:190} INFO - [2025-12-14T16:31:31.953+0000] {dag.py:4180} INFO - Setting next_dagrun for etl_synthetic_events to None, run_after=None
[2025-12-14T16:31:32.015+0000] {processor.py:208} INFO - Processing /opt/airflow/dags/etl_airflow_dag.py took 1.266 seconds
[2025-12-14T16:32:02.353+0000] {processor.py:186} INFO - Started process (PID=1894) to work on /opt/airflow/dags/etl_airflow_dag.py
[2025-12-14T16:32:02.358+0000] {processor.py:914} INFO - Processing file /opt/airflow/dags/etl_airflow_dag.py for tasks to queue
[2025-12-14T16:32:02.365+0000] {logging_mixin.py:190} INFO - [2025-12-14T16:32:02.362+0000] {dagbag.py:588} INFO - Filling up the DagBag from /opt/airflow/dags/etl_airflow_dag.py
[2025-12-14T16:32:03.502+0000] {processor.py:925} INFO - DAG(s) 'etl_synthetic_events' retrieved from /opt/airflow/dags/etl_airflow_dag.py
[2025-12-14T16:32:03.567+0000] {logging_mixin.py:190} INFO - [2025-12-14T16:32:03.564+0000] {dag.py:3239} INFO - Sync 1 DAGs
[2025-12-14T16:32:03.602+0000] {logging_mixin.py:190} INFO - [2025-12-14T16:32:03.602+0000] {dag.py:4180} INFO - Setting next_dagrun for etl_synthetic_events to None, run_after=None
[2025-12-14T16:32:03.653+0000] {processor.py:208} INFO - Processing /opt/airflow/dags/etl_airflow_dag.py took 1.325 seconds
[2025-12-14T16:32:34.242+0000] {processor.py:186} INFO - Started process (PID=1900) to work on /opt/airflow/dags/etl_airflow_dag.py
[2025-12-14T16:32:34.246+0000] {processor.py:914} INFO - Processing file /opt/airflow/dags/etl_airflow_dag.py for tasks to queue
[2025-12-14T16:32:34.251+0000] {logging_mixin.py:190} INFO - [2025-12-14T16:32:34.250+0000] {dagbag.py:588} INFO - Filling up the DagBag from /opt/airflow/dags/etl_airflow_dag.py
[2025-12-14T16:32:35.283+0000] {processor.py:925} INFO - DAG(s) 'etl_synthetic_events' retrieved from /opt/airflow/dags/etl_airflow_dag.py
[2025-12-14T16:32:35.369+0000] {logging_mixin.py:190} INFO - [2025-12-14T16:32:35.368+0000] {dag.py:3239} INFO - Sync 1 DAGs
[2025-12-14T16:32:35.414+0000] {logging_mixin.py:190} INFO - [2025-12-14T16:32:35.413+0000] {dag.py:4180} INFO - Setting next_dagrun for etl_synthetic_events to None, run_after=None
[2025-12-14T16:32:35.495+0000] {processor.py:208} INFO - Processing /opt/airflow/dags/etl_airflow_dag.py took 1.276 seconds
[2025-12-14T16:33:05.808+0000] {processor.py:186} INFO - Started process (PID=1906) to work on /opt/airflow/dags/etl_airflow_dag.py
[2025-12-14T16:33:05.811+0000] {processor.py:914} INFO - Processing file /opt/airflow/dags/etl_airflow_dag.py for tasks to queue
[2025-12-14T16:33:05.816+0000] {logging_mixin.py:190} INFO - [2025-12-14T16:33:05.815+0000] {dagbag.py:588} INFO - Filling up the DagBag from /opt/airflow/dags/etl_airflow_dag.py
[2025-12-14T16:33:06.832+0000] {processor.py:925} INFO - DAG(s) 'etl_synthetic_events' retrieved from /opt/airflow/dags/etl_airflow_dag.py
[2025-12-14T16:33:06.893+0000] {logging_mixin.py:190} INFO - [2025-12-14T16:33:06.892+0000] {dag.py:3239} INFO - Sync 1 DAGs
[2025-12-14T16:33:06.929+0000] {logging_mixin.py:190} INFO - [2025-12-14T16:33:06.929+0000] {dag.py:4180} INFO - Setting next_dagrun for etl_synthetic_events to None, run_after=None
[2025-12-14T16:33:06.981+0000] {processor.py:208} INFO - Processing /opt/airflow/dags/etl_airflow_dag.py took 1.199 seconds
[2025-12-14T16:33:37.415+0000] {processor.py:186} INFO - Started process (PID=1912) to work on /opt/airflow/dags/etl_airflow_dag.py
[2025-12-14T16:33:37.420+0000] {processor.py:914} INFO - Processing file /opt/airflow/dags/etl_airflow_dag.py for tasks to queue
[2025-12-14T16:33:37.425+0000] {logging_mixin.py:190} INFO - [2025-12-14T16:33:37.423+0000] {dagbag.py:588} INFO - Filling up the DagBag from /opt/airflow/dags/etl_airflow_dag.py
[2025-12-14T16:33:38.370+0000] {processor.py:925} INFO - DAG(s) 'etl_synthetic_events' retrieved from /opt/airflow/dags/etl_airflow_dag.py
[2025-12-14T16:33:38.461+0000] {logging_mixin.py:190} INFO - [2025-12-14T16:33:38.460+0000] {dag.py:3239} INFO - Sync 1 DAGs
[2025-12-14T16:33:38.521+0000] {logging_mixin.py:190} INFO - [2025-12-14T16:33:38.520+0000] {dag.py:4180} INFO - Setting next_dagrun for etl_synthetic_events to None, run_after=None
[2025-12-14T16:33:38.588+0000] {processor.py:208} INFO - Processing /opt/airflow/dags/etl_airflow_dag.py took 1.200 seconds
[2025-12-14T16:34:09.199+0000] {processor.py:186} INFO - Started process (PID=1918) to work on /opt/airflow/dags/etl_airflow_dag.py
[2025-12-14T16:34:09.203+0000] {processor.py:914} INFO - Processing file /opt/airflow/dags/etl_airflow_dag.py for tasks to queue
[2025-12-14T16:34:09.208+0000] {logging_mixin.py:190} INFO - [2025-12-14T16:34:09.206+0000] {dagbag.py:588} INFO - Filling up the DagBag from /opt/airflow/dags/etl_airflow_dag.py
[2025-12-14T16:34:10.179+0000] {processor.py:925} INFO - DAG(s) 'etl_synthetic_events' retrieved from /opt/airflow/dags/etl_airflow_dag.py
[2025-12-14T16:34:10.270+0000] {logging_mixin.py:190} INFO - [2025-12-14T16:34:10.264+0000] {dag.py:3239} INFO - Sync 1 DAGs
[2025-12-14T16:34:10.314+0000] {logging_mixin.py:190} INFO - [2025-12-14T16:34:10.313+0000] {dag.py:4180} INFO - Setting next_dagrun for etl_synthetic_events to None, run_after=None
[2025-12-14T16:34:10.385+0000] {processor.py:208} INFO - Processing /opt/airflow/dags/etl_airflow_dag.py took 1.204 seconds
[2025-12-14T16:34:40.892+0000] {processor.py:186} INFO - Started process (PID=1924) to work on /opt/airflow/dags/etl_airflow_dag.py
[2025-12-14T16:34:40.896+0000] {processor.py:914} INFO - Processing file /opt/airflow/dags/etl_airflow_dag.py for tasks to queue
[2025-12-14T16:34:40.900+0000] {logging_mixin.py:190} INFO - [2025-12-14T16:34:40.899+0000] {dagbag.py:588} INFO - Filling up the DagBag from /opt/airflow/dags/etl_airflow_dag.py
[2025-12-14T16:34:42.183+0000] {processor.py:925} INFO - DAG(s) 'etl_synthetic_events' retrieved from /opt/airflow/dags/etl_airflow_dag.py
[2025-12-14T16:34:42.262+0000] {logging_mixin.py:190} INFO - [2025-12-14T16:34:42.261+0000] {dag.py:3239} INFO - Sync 1 DAGs
[2025-12-14T16:34:42.308+0000] {logging_mixin.py:190} INFO - [2025-12-14T16:34:42.308+0000] {dag.py:4180} INFO - Setting next_dagrun for etl_synthetic_events to None, run_after=None
[2025-12-14T16:34:42.369+0000] {processor.py:208} INFO - Processing /opt/airflow/dags/etl_airflow_dag.py took 1.497 seconds
[2025-12-14T16:35:12.577+0000] {processor.py:186} INFO - Started process (PID=1930) to work on /opt/airflow/dags/etl_airflow_dag.py
[2025-12-14T16:35:12.579+0000] {processor.py:914} INFO - Processing file /opt/airflow/dags/etl_airflow_dag.py for tasks to queue
[2025-12-14T16:35:12.584+0000] {logging_mixin.py:190} INFO - [2025-12-14T16:35:12.582+0000] {dagbag.py:588} INFO - Filling up the DagBag from /opt/airflow/dags/etl_airflow_dag.py
[2025-12-14T16:35:14.002+0000] {processor.py:925} INFO - DAG(s) 'etl_synthetic_events' retrieved from /opt/airflow/dags/etl_airflow_dag.py
[2025-12-14T16:35:14.066+0000] {logging_mixin.py:190} INFO - [2025-12-14T16:35:14.065+0000] {dag.py:3239} INFO - Sync 1 DAGs
[2025-12-14T16:35:14.103+0000] {logging_mixin.py:190} INFO - [2025-12-14T16:35:14.103+0000] {dag.py:4180} INFO - Setting next_dagrun for etl_synthetic_events to None, run_after=None
[2025-12-14T16:35:14.165+0000] {processor.py:208} INFO - Processing /opt/airflow/dags/etl_airflow_dag.py took 1.611 seconds
[2025-12-14T16:35:44.615+0000] {processor.py:186} INFO - Started process (PID=1936) to work on /opt/airflow/dags/etl_airflow_dag.py
[2025-12-14T16:35:44.620+0000] {processor.py:914} INFO - Processing file /opt/airflow/dags/etl_airflow_dag.py for tasks to queue
[2025-12-14T16:35:44.627+0000] {logging_mixin.py:190} INFO - [2025-12-14T16:35:44.626+0000] {dagbag.py:588} INFO - Filling up the DagBag from /opt/airflow/dags/etl_airflow_dag.py
[2025-12-14T16:35:45.751+0000] {processor.py:925} INFO - DAG(s) 'etl_synthetic_events' retrieved from /opt/airflow/dags/etl_airflow_dag.py
[2025-12-14T16:35:45.838+0000] {logging_mixin.py:190} INFO - [2025-12-14T16:35:45.836+0000] {dag.py:3239} INFO - Sync 1 DAGs
[2025-12-14T16:35:45.897+0000] {logging_mixin.py:190} INFO - [2025-12-14T16:35:45.896+0000] {dag.py:4180} INFO - Setting next_dagrun for etl_synthetic_events to None, run_after=None
[2025-12-14T16:35:45.953+0000] {processor.py:208} INFO - Processing /opt/airflow/dags/etl_airflow_dag.py took 1.361 seconds
[2025-12-14T16:36:16.534+0000] {processor.py:186} INFO - Started process (PID=1942) to work on /opt/airflow/dags/etl_airflow_dag.py
[2025-12-14T16:36:16.540+0000] {processor.py:914} INFO - Processing file /opt/airflow/dags/etl_airflow_dag.py for tasks to queue
[2025-12-14T16:36:16.548+0000] {logging_mixin.py:190} INFO - [2025-12-14T16:36:16.546+0000] {dagbag.py:588} INFO - Filling up the DagBag from /opt/airflow/dags/etl_airflow_dag.py
[2025-12-14T16:36:17.655+0000] {processor.py:925} INFO - DAG(s) 'etl_synthetic_events' retrieved from /opt/airflow/dags/etl_airflow_dag.py
[2025-12-14T16:36:17.737+0000] {logging_mixin.py:190} INFO - [2025-12-14T16:36:17.732+0000] {dag.py:3239} INFO - Sync 1 DAGs
[2025-12-14T16:36:17.788+0000] {logging_mixin.py:190} INFO - [2025-12-14T16:36:17.787+0000] {dag.py:4180} INFO - Setting next_dagrun for etl_synthetic_events to None, run_after=None
[2025-12-14T16:36:17.854+0000] {processor.py:208} INFO - Processing /opt/airflow/dags/etl_airflow_dag.py took 1.354 seconds
[2025-12-14T16:36:48.168+0000] {processor.py:186} INFO - Started process (PID=1948) to work on /opt/airflow/dags/etl_airflow_dag.py
[2025-12-14T16:36:48.173+0000] {processor.py:914} INFO - Processing file /opt/airflow/dags/etl_airflow_dag.py for tasks to queue
[2025-12-14T16:36:48.182+0000] {logging_mixin.py:190} INFO - [2025-12-14T16:36:48.180+0000] {dagbag.py:588} INFO - Filling up the DagBag from /opt/airflow/dags/etl_airflow_dag.py
[2025-12-14T16:36:49.342+0000] {processor.py:925} INFO - DAG(s) 'etl_synthetic_events' retrieved from /opt/airflow/dags/etl_airflow_dag.py
[2025-12-14T16:36:49.433+0000] {logging_mixin.py:190} INFO - [2025-12-14T16:36:49.431+0000] {dag.py:3239} INFO - Sync 1 DAGs
[2025-12-14T16:36:49.478+0000] {logging_mixin.py:190} INFO - [2025-12-14T16:36:49.477+0000] {dag.py:4180} INFO - Setting next_dagrun for etl_synthetic_events to None, run_after=None
[2025-12-14T16:36:49.543+0000] {processor.py:208} INFO - Processing /opt/airflow/dags/etl_airflow_dag.py took 1.408 seconds
[2025-12-14T16:37:20.127+0000] {processor.py:186} INFO - Started process (PID=1954) to work on /opt/airflow/dags/etl_airflow_dag.py
[2025-12-14T16:37:20.130+0000] {processor.py:914} INFO - Processing file /opt/airflow/dags/etl_airflow_dag.py for tasks to queue
[2025-12-14T16:37:20.135+0000] {logging_mixin.py:190} INFO - [2025-12-14T16:37:20.133+0000] {dagbag.py:588} INFO - Filling up the DagBag from /opt/airflow/dags/etl_airflow_dag.py
[2025-12-14T16:37:20.941+0000] {processor.py:925} INFO - DAG(s) 'etl_synthetic_events' retrieved from /opt/airflow/dags/etl_airflow_dag.py
[2025-12-14T16:37:21.002+0000] {logging_mixin.py:190} INFO - [2025-12-14T16:37:21.001+0000] {dag.py:3239} INFO - Sync 1 DAGs
[2025-12-14T16:37:21.038+0000] {logging_mixin.py:190} INFO - [2025-12-14T16:37:21.037+0000] {dag.py:4180} INFO - Setting next_dagrun for etl_synthetic_events to None, run_after=None
[2025-12-14T16:37:21.100+0000] {processor.py:208} INFO - Processing /opt/airflow/dags/etl_airflow_dag.py took 0.993 seconds
[2025-12-14T16:37:51.724+0000] {processor.py:186} INFO - Started process (PID=1960) to work on /opt/airflow/dags/etl_airflow_dag.py
[2025-12-14T16:37:51.727+0000] {processor.py:914} INFO - Processing file /opt/airflow/dags/etl_airflow_dag.py for tasks to queue
[2025-12-14T16:37:51.733+0000] {logging_mixin.py:190} INFO - [2025-12-14T16:37:51.731+0000] {dagbag.py:588} INFO - Filling up the DagBag from /opt/airflow/dags/etl_airflow_dag.py
[2025-12-14T16:37:52.781+0000] {processor.py:925} INFO - DAG(s) 'etl_synthetic_events' retrieved from /opt/airflow/dags/etl_airflow_dag.py
[2025-12-14T16:37:52.858+0000] {logging_mixin.py:190} INFO - [2025-12-14T16:37:52.857+0000] {dag.py:3239} INFO - Sync 1 DAGs
[2025-12-14T16:37:52.903+0000] {logging_mixin.py:190} INFO - [2025-12-14T16:37:52.902+0000] {dag.py:4180} INFO - Setting next_dagrun for etl_synthetic_events to None, run_after=None
[2025-12-14T16:37:52.971+0000] {processor.py:208} INFO - Processing /opt/airflow/dags/etl_airflow_dag.py took 1.264 seconds
[2025-12-14T16:38:14.568+0000] {processor.py:186} INFO - Started process (PID=1966) to work on /opt/airflow/dags/etl_airflow_dag.py
[2025-12-14T16:38:14.574+0000] {processor.py:914} INFO - Processing file /opt/airflow/dags/etl_airflow_dag.py for tasks to queue
[2025-12-14T16:38:14.581+0000] {logging_mixin.py:190} INFO - [2025-12-14T16:38:14.578+0000] {dagbag.py:588} INFO - Filling up the DagBag from /opt/airflow/dags/etl_airflow_dag.py
[2025-12-14T16:38:15.613+0000] {processor.py:925} INFO - DAG(s) 'etl_synthetic_events' retrieved from /opt/airflow/dags/etl_airflow_dag.py
[2025-12-14T16:38:15.686+0000] {logging_mixin.py:190} INFO - [2025-12-14T16:38:15.685+0000] {dag.py:3239} INFO - Sync 1 DAGs
[2025-12-14T16:38:15.750+0000] {logging_mixin.py:190} INFO - [2025-12-14T16:38:15.750+0000] {dag.py:4180} INFO - Setting next_dagrun for etl_synthetic_events to None, run_after=None
[2025-12-14T16:38:15.812+0000] {processor.py:208} INFO - Processing /opt/airflow/dags/etl_airflow_dag.py took 1.266 seconds
[2025-12-14T16:38:46.109+0000] {processor.py:186} INFO - Started process (PID=1972) to work on /opt/airflow/dags/etl_airflow_dag.py
[2025-12-14T16:38:46.113+0000] {processor.py:914} INFO - Processing file /opt/airflow/dags/etl_airflow_dag.py for tasks to queue
[2025-12-14T16:38:46.118+0000] {logging_mixin.py:190} INFO - [2025-12-14T16:38:46.117+0000] {dagbag.py:588} INFO - Filling up the DagBag from /opt/airflow/dags/etl_airflow_dag.py
[2025-12-14T16:38:47.272+0000] {processor.py:925} INFO - DAG(s) 'etl_synthetic_events' retrieved from /opt/airflow/dags/etl_airflow_dag.py
[2025-12-14T16:38:47.340+0000] {logging_mixin.py:190} INFO - [2025-12-14T16:38:47.339+0000] {dag.py:3239} INFO - Sync 1 DAGs
[2025-12-14T16:38:47.380+0000] {logging_mixin.py:190} INFO - [2025-12-14T16:38:47.380+0000] {dag.py:4180} INFO - Setting next_dagrun for etl_synthetic_events to None, run_after=None
[2025-12-14T16:38:47.431+0000] {processor.py:208} INFO - Processing /opt/airflow/dags/etl_airflow_dag.py took 1.344 seconds
[2025-12-14T16:39:18.013+0000] {processor.py:186} INFO - Started process (PID=1978) to work on /opt/airflow/dags/etl_airflow_dag.py
[2025-12-14T16:39:18.018+0000] {processor.py:914} INFO - Processing file /opt/airflow/dags/etl_airflow_dag.py for tasks to queue
[2025-12-14T16:39:18.022+0000] {logging_mixin.py:190} INFO - [2025-12-14T16:39:18.021+0000] {dagbag.py:588} INFO - Filling up the DagBag from /opt/airflow/dags/etl_airflow_dag.py
[2025-12-14T16:39:18.958+0000] {processor.py:925} INFO - DAG(s) 'etl_synthetic_events' retrieved from /opt/airflow/dags/etl_airflow_dag.py
[2025-12-14T16:39:19.039+0000] {logging_mixin.py:190} INFO - [2025-12-14T16:39:19.037+0000] {dag.py:3239} INFO - Sync 1 DAGs
[2025-12-14T16:39:19.088+0000] {logging_mixin.py:190} INFO - [2025-12-14T16:39:19.088+0000] {dag.py:4180} INFO - Setting next_dagrun for etl_synthetic_events to None, run_after=None
[2025-12-14T16:39:19.147+0000] {processor.py:208} INFO - Processing /opt/airflow/dags/etl_airflow_dag.py took 1.154 seconds
[2025-12-14T16:39:49.611+0000] {processor.py:186} INFO - Started process (PID=1984) to work on /opt/airflow/dags/etl_airflow_dag.py
[2025-12-14T16:39:49.618+0000] {processor.py:914} INFO - Processing file /opt/airflow/dags/etl_airflow_dag.py for tasks to queue
[2025-12-14T16:39:49.624+0000] {logging_mixin.py:190} INFO - [2025-12-14T16:39:49.622+0000] {dagbag.py:588} INFO - Filling up the DagBag from /opt/airflow/dags/etl_airflow_dag.py
[2025-12-14T16:39:50.602+0000] {processor.py:925} INFO - DAG(s) 'etl_synthetic_events' retrieved from /opt/airflow/dags/etl_airflow_dag.py
[2025-12-14T16:39:50.673+0000] {logging_mixin.py:190} INFO - [2025-12-14T16:39:50.672+0000] {dag.py:3239} INFO - Sync 1 DAGs
[2025-12-14T16:39:50.715+0000] {logging_mixin.py:190} INFO - [2025-12-14T16:39:50.715+0000] {dag.py:4180} INFO - Setting next_dagrun for etl_synthetic_events to None, run_after=None
[2025-12-14T16:39:50.774+0000] {processor.py:208} INFO - Processing /opt/airflow/dags/etl_airflow_dag.py took 1.200 seconds
[2025-12-14T16:40:21.390+0000] {processor.py:186} INFO - Started process (PID=1990) to work on /opt/airflow/dags/etl_airflow_dag.py
[2025-12-14T16:40:21.394+0000] {processor.py:914} INFO - Processing file /opt/airflow/dags/etl_airflow_dag.py for tasks to queue
[2025-12-14T16:40:21.398+0000] {logging_mixin.py:190} INFO - [2025-12-14T16:40:21.397+0000] {dagbag.py:588} INFO - Filling up the DagBag from /opt/airflow/dags/etl_airflow_dag.py
[2025-12-14T16:40:22.477+0000] {processor.py:925} INFO - DAG(s) 'etl_synthetic_events' retrieved from /opt/airflow/dags/etl_airflow_dag.py
[2025-12-14T16:40:22.577+0000] {logging_mixin.py:190} INFO - [2025-12-14T16:40:22.575+0000] {dag.py:3239} INFO - Sync 1 DAGs
[2025-12-14T16:40:22.628+0000] {logging_mixin.py:190} INFO - [2025-12-14T16:40:22.627+0000] {dag.py:4180} INFO - Setting next_dagrun for etl_synthetic_events to None, run_after=None
[2025-12-14T16:40:22.693+0000] {processor.py:208} INFO - Processing /opt/airflow/dags/etl_airflow_dag.py took 1.347 seconds
[2025-12-14T16:40:52.898+0000] {processor.py:186} INFO - Started process (PID=1996) to work on /opt/airflow/dags/etl_airflow_dag.py
[2025-12-14T16:40:52.902+0000] {processor.py:914} INFO - Processing file /opt/airflow/dags/etl_airflow_dag.py for tasks to queue
[2025-12-14T16:40:52.907+0000] {logging_mixin.py:190} INFO - [2025-12-14T16:40:52.906+0000] {dagbag.py:588} INFO - Filling up the DagBag from /opt/airflow/dags/etl_airflow_dag.py
[2025-12-14T16:40:53.827+0000] {processor.py:925} INFO - DAG(s) 'etl_synthetic_events' retrieved from /opt/airflow/dags/etl_airflow_dag.py
[2025-12-14T16:40:53.901+0000] {logging_mixin.py:190} INFO - [2025-12-14T16:40:53.900+0000] {dag.py:3239} INFO - Sync 1 DAGs
[2025-12-14T16:40:53.941+0000] {logging_mixin.py:190} INFO - [2025-12-14T16:40:53.940+0000] {dag.py:4180} INFO - Setting next_dagrun for etl_synthetic_events to None, run_after=None
[2025-12-14T16:40:53.994+0000] {processor.py:208} INFO - Processing /opt/airflow/dags/etl_airflow_dag.py took 1.124 seconds
[2025-12-14T16:41:24.423+0000] {processor.py:186} INFO - Started process (PID=2002) to work on /opt/airflow/dags/etl_airflow_dag.py
[2025-12-14T16:41:24.427+0000] {processor.py:914} INFO - Processing file /opt/airflow/dags/etl_airflow_dag.py for tasks to queue
[2025-12-14T16:41:24.431+0000] {logging_mixin.py:190} INFO - [2025-12-14T16:41:24.430+0000] {dagbag.py:588} INFO - Filling up the DagBag from /opt/airflow/dags/etl_airflow_dag.py
[2025-12-14T16:41:25.563+0000] {processor.py:925} INFO - DAG(s) 'etl_synthetic_events' retrieved from /opt/airflow/dags/etl_airflow_dag.py
[2025-12-14T16:41:25.640+0000] {logging_mixin.py:190} INFO - [2025-12-14T16:41:25.638+0000] {dag.py:3239} INFO - Sync 1 DAGs
[2025-12-14T16:41:25.679+0000] {logging_mixin.py:190} INFO - [2025-12-14T16:41:25.678+0000] {dag.py:4180} INFO - Setting next_dagrun for etl_synthetic_events to None, run_after=None
[2025-12-14T16:41:25.732+0000] {processor.py:208} INFO - Processing /opt/airflow/dags/etl_airflow_dag.py took 1.329 seconds
[2025-12-14T16:41:56.184+0000] {processor.py:186} INFO - Started process (PID=2008) to work on /opt/airflow/dags/etl_airflow_dag.py
[2025-12-14T16:41:56.190+0000] {processor.py:914} INFO - Processing file /opt/airflow/dags/etl_airflow_dag.py for tasks to queue
[2025-12-14T16:41:56.199+0000] {logging_mixin.py:190} INFO - [2025-12-14T16:41:56.197+0000] {dagbag.py:588} INFO - Filling up the DagBag from /opt/airflow/dags/etl_airflow_dag.py
[2025-12-14T16:41:57.185+0000] {processor.py:925} INFO - DAG(s) 'etl_synthetic_events' retrieved from /opt/airflow/dags/etl_airflow_dag.py
[2025-12-14T16:41:57.251+0000] {logging_mixin.py:190} INFO - [2025-12-14T16:41:57.250+0000] {dag.py:3239} INFO - Sync 1 DAGs
[2025-12-14T16:41:57.295+0000] {logging_mixin.py:190} INFO - [2025-12-14T16:41:57.294+0000] {dag.py:4180} INFO - Setting next_dagrun for etl_synthetic_events to None, run_after=None
[2025-12-14T16:41:57.348+0000] {processor.py:208} INFO - Processing /opt/airflow/dags/etl_airflow_dag.py took 1.198 seconds
[2025-12-14T16:48:07.732+0000] {processor.py:186} INFO - Started process (PID=176) to work on /opt/airflow/dags/etl_airflow_dag.py
[2025-12-14T16:48:07.733+0000] {processor.py:914} INFO - Processing file /opt/airflow/dags/etl_airflow_dag.py for tasks to queue
[2025-12-14T16:48:07.737+0000] {logging_mixin.py:190} INFO - [2025-12-14T16:48:07.737+0000] {dagbag.py:588} INFO - Filling up the DagBag from /opt/airflow/dags/etl_airflow_dag.py
[2025-12-14T16:48:09.793+0000] {processor.py:925} INFO - DAG(s) 'etl_synthetic_events' retrieved from /opt/airflow/dags/etl_airflow_dag.py
[2025-12-14T16:48:09.856+0000] {logging_mixin.py:190} INFO - [2025-12-14T16:48:09.855+0000] {dag.py:3239} INFO - Sync 1 DAGs
[2025-12-14T16:48:09.894+0000] {logging_mixin.py:190} INFO - [2025-12-14T16:48:09.893+0000] {dag.py:4180} INFO - Setting next_dagrun for etl_synthetic_events to None, run_after=None
[2025-12-14T16:48:09.947+0000] {processor.py:208} INFO - Processing /opt/airflow/dags/etl_airflow_dag.py took 2.227 seconds
[2025-12-14T16:48:40.226+0000] {processor.py:186} INFO - Started process (PID=182) to work on /opt/airflow/dags/etl_airflow_dag.py
[2025-12-14T16:48:40.229+0000] {processor.py:914} INFO - Processing file /opt/airflow/dags/etl_airflow_dag.py for tasks to queue
[2025-12-14T16:48:40.237+0000] {logging_mixin.py:190} INFO - [2025-12-14T16:48:40.235+0000] {dagbag.py:588} INFO - Filling up the DagBag from /opt/airflow/dags/etl_airflow_dag.py
[2025-12-14T16:48:41.605+0000] {processor.py:925} INFO - DAG(s) 'etl_synthetic_events' retrieved from /opt/airflow/dags/etl_airflow_dag.py
[2025-12-14T16:48:41.658+0000] {logging_mixin.py:190} INFO - [2025-12-14T16:48:41.657+0000] {dag.py:3239} INFO - Sync 1 DAGs
[2025-12-14T16:48:41.707+0000] {logging_mixin.py:190} INFO - [2025-12-14T16:48:41.706+0000] {dag.py:4180} INFO - Setting next_dagrun for etl_synthetic_events to None, run_after=None
[2025-12-14T16:48:41.765+0000] {processor.py:208} INFO - Processing /opt/airflow/dags/etl_airflow_dag.py took 1.557 seconds
[2025-12-14T16:49:12.284+0000] {processor.py:186} INFO - Started process (PID=188) to work on /opt/airflow/dags/etl_airflow_dag.py
[2025-12-14T16:49:12.287+0000] {processor.py:914} INFO - Processing file /opt/airflow/dags/etl_airflow_dag.py for tasks to queue
[2025-12-14T16:49:12.294+0000] {logging_mixin.py:190} INFO - [2025-12-14T16:49:12.294+0000] {dagbag.py:588} INFO - Filling up the DagBag from /opt/airflow/dags/etl_airflow_dag.py
[2025-12-14T16:49:13.517+0000] {processor.py:925} INFO - DAG(s) 'etl_synthetic_events' retrieved from /opt/airflow/dags/etl_airflow_dag.py
[2025-12-14T16:49:13.574+0000] {logging_mixin.py:190} INFO - [2025-12-14T16:49:13.572+0000] {dag.py:3239} INFO - Sync 1 DAGs
[2025-12-14T16:49:13.604+0000] {logging_mixin.py:190} INFO - [2025-12-14T16:49:13.604+0000] {dag.py:4180} INFO - Setting next_dagrun for etl_synthetic_events to None, run_after=None
[2025-12-14T16:49:13.651+0000] {processor.py:208} INFO - Processing /opt/airflow/dags/etl_airflow_dag.py took 1.382 seconds
[2025-12-14T16:49:44.158+0000] {processor.py:186} INFO - Started process (PID=194) to work on /opt/airflow/dags/etl_airflow_dag.py
[2025-12-14T16:49:44.161+0000] {processor.py:914} INFO - Processing file /opt/airflow/dags/etl_airflow_dag.py for tasks to queue
[2025-12-14T16:49:44.168+0000] {logging_mixin.py:190} INFO - [2025-12-14T16:49:44.167+0000] {dagbag.py:588} INFO - Filling up the DagBag from /opt/airflow/dags/etl_airflow_dag.py
[2025-12-14T16:49:45.368+0000] {processor.py:925} INFO - DAG(s) 'etl_synthetic_events' retrieved from /opt/airflow/dags/etl_airflow_dag.py
[2025-12-14T16:49:45.420+0000] {logging_mixin.py:190} INFO - [2025-12-14T16:49:45.419+0000] {dag.py:3239} INFO - Sync 1 DAGs
[2025-12-14T16:49:45.444+0000] {logging_mixin.py:190} INFO - [2025-12-14T16:49:45.443+0000] {dag.py:4180} INFO - Setting next_dagrun for etl_synthetic_events to None, run_after=None
[2025-12-14T16:49:45.491+0000] {processor.py:208} INFO - Processing /opt/airflow/dags/etl_airflow_dag.py took 1.345 seconds
[2025-12-14T16:50:16.000+0000] {processor.py:186} INFO - Started process (PID=200) to work on /opt/airflow/dags/etl_airflow_dag.py
[2025-12-14T16:50:16.004+0000] {processor.py:914} INFO - Processing file /opt/airflow/dags/etl_airflow_dag.py for tasks to queue
[2025-12-14T16:50:16.012+0000] {logging_mixin.py:190} INFO - [2025-12-14T16:50:16.011+0000] {dagbag.py:588} INFO - Filling up the DagBag from /opt/airflow/dags/etl_airflow_dag.py
[2025-12-14T16:50:17.114+0000] {processor.py:925} INFO - DAG(s) 'etl_synthetic_events' retrieved from /opt/airflow/dags/etl_airflow_dag.py
[2025-12-14T16:50:17.167+0000] {logging_mixin.py:190} INFO - [2025-12-14T16:50:17.165+0000] {dag.py:3239} INFO - Sync 1 DAGs
[2025-12-14T16:50:17.192+0000] {logging_mixin.py:190} INFO - [2025-12-14T16:50:17.190+0000] {dag.py:4180} INFO - Setting next_dagrun for etl_synthetic_events to None, run_after=None
[2025-12-14T16:50:17.317+0000] {processor.py:208} INFO - Processing /opt/airflow/dags/etl_airflow_dag.py took 1.333 seconds
[2025-12-14T16:50:47.866+0000] {processor.py:186} INFO - Started process (PID=206) to work on /opt/airflow/dags/etl_airflow_dag.py
[2025-12-14T16:50:47.870+0000] {processor.py:914} INFO - Processing file /opt/airflow/dags/etl_airflow_dag.py for tasks to queue
[2025-12-14T16:50:47.876+0000] {logging_mixin.py:190} INFO - [2025-12-14T16:50:47.875+0000] {dagbag.py:588} INFO - Filling up the DagBag from /opt/airflow/dags/etl_airflow_dag.py
[2025-12-14T16:50:49.268+0000] {processor.py:925} INFO - DAG(s) 'etl_synthetic_events' retrieved from /opt/airflow/dags/etl_airflow_dag.py
[2025-12-14T16:50:49.312+0000] {logging_mixin.py:190} INFO - [2025-12-14T16:50:49.311+0000] {dag.py:3239} INFO - Sync 1 DAGs
[2025-12-14T16:50:49.334+0000] {logging_mixin.py:190} INFO - [2025-12-14T16:50:49.334+0000] {dag.py:4180} INFO - Setting next_dagrun for etl_synthetic_events to None, run_after=None
[2025-12-14T16:50:49.370+0000] {processor.py:208} INFO - Processing /opt/airflow/dags/etl_airflow_dag.py took 1.519 seconds
[2025-12-14T16:51:19.991+0000] {processor.py:186} INFO - Started process (PID=212) to work on /opt/airflow/dags/etl_airflow_dag.py
[2025-12-14T16:51:19.994+0000] {processor.py:914} INFO - Processing file /opt/airflow/dags/etl_airflow_dag.py for tasks to queue
[2025-12-14T16:51:20.001+0000] {logging_mixin.py:190} INFO - [2025-12-14T16:51:20.000+0000] {dagbag.py:588} INFO - Filling up the DagBag from /opt/airflow/dags/etl_airflow_dag.py
[2025-12-14T16:51:21.584+0000] {processor.py:925} INFO - DAG(s) 'etl_synthetic_events' retrieved from /opt/airflow/dags/etl_airflow_dag.py
[2025-12-14T16:51:21.661+0000] {logging_mixin.py:190} INFO - [2025-12-14T16:51:21.660+0000] {dag.py:3239} INFO - Sync 1 DAGs
[2025-12-14T16:51:21.687+0000] {logging_mixin.py:190} INFO - [2025-12-14T16:51:21.687+0000] {dag.py:4180} INFO - Setting next_dagrun for etl_synthetic_events to None, run_after=None
[2025-12-14T16:51:21.736+0000] {processor.py:208} INFO - Processing /opt/airflow/dags/etl_airflow_dag.py took 1.765 seconds
[2025-12-14T16:51:52.342+0000] {processor.py:186} INFO - Started process (PID=218) to work on /opt/airflow/dags/etl_airflow_dag.py
[2025-12-14T16:51:52.346+0000] {processor.py:914} INFO - Processing file /opt/airflow/dags/etl_airflow_dag.py for tasks to queue
[2025-12-14T16:51:52.352+0000] {logging_mixin.py:190} INFO - [2025-12-14T16:51:52.352+0000] {dagbag.py:588} INFO - Filling up the DagBag from /opt/airflow/dags/etl_airflow_dag.py
[2025-12-14T16:51:53.503+0000] {processor.py:925} INFO - DAG(s) 'etl_synthetic_events' retrieved from /opt/airflow/dags/etl_airflow_dag.py
[2025-12-14T16:51:53.556+0000] {logging_mixin.py:190} INFO - [2025-12-14T16:51:53.555+0000] {dag.py:3239} INFO - Sync 1 DAGs
[2025-12-14T16:51:53.588+0000] {logging_mixin.py:190} INFO - [2025-12-14T16:51:53.587+0000] {dag.py:4180} INFO - Setting next_dagrun for etl_synthetic_events to None, run_after=None
[2025-12-14T16:51:53.653+0000] {processor.py:208} INFO - Processing /opt/airflow/dags/etl_airflow_dag.py took 1.327 seconds
[2025-12-14T16:52:24.123+0000] {processor.py:186} INFO - Started process (PID=224) to work on /opt/airflow/dags/etl_airflow_dag.py
[2025-12-14T16:52:24.127+0000] {processor.py:914} INFO - Processing file /opt/airflow/dags/etl_airflow_dag.py for tasks to queue
[2025-12-14T16:52:24.134+0000] {logging_mixin.py:190} INFO - [2025-12-14T16:52:24.133+0000] {dagbag.py:588} INFO - Filling up the DagBag from /opt/airflow/dags/etl_airflow_dag.py
[2025-12-14T16:52:25.123+0000] {processor.py:925} INFO - DAG(s) 'etl_synthetic_events' retrieved from /opt/airflow/dags/etl_airflow_dag.py
[2025-12-14T16:52:25.168+0000] {logging_mixin.py:190} INFO - [2025-12-14T16:52:25.167+0000] {dag.py:3239} INFO - Sync 1 DAGs
[2025-12-14T16:52:25.192+0000] {logging_mixin.py:190} INFO - [2025-12-14T16:52:25.192+0000] {dag.py:4180} INFO - Setting next_dagrun for etl_synthetic_events to None, run_after=None
[2025-12-14T16:52:25.243+0000] {processor.py:208} INFO - Processing /opt/airflow/dags/etl_airflow_dag.py took 1.131 seconds
[2025-12-14T16:52:55.700+0000] {processor.py:186} INFO - Started process (PID=230) to work on /opt/airflow/dags/etl_airflow_dag.py
[2025-12-14T16:52:55.703+0000] {processor.py:914} INFO - Processing file /opt/airflow/dags/etl_airflow_dag.py for tasks to queue
[2025-12-14T16:52:55.708+0000] {logging_mixin.py:190} INFO - [2025-12-14T16:52:55.707+0000] {dagbag.py:588} INFO - Filling up the DagBag from /opt/airflow/dags/etl_airflow_dag.py
[2025-12-14T16:52:56.889+0000] {processor.py:925} INFO - DAG(s) 'etl_synthetic_events' retrieved from /opt/airflow/dags/etl_airflow_dag.py
[2025-12-14T16:52:56.937+0000] {logging_mixin.py:190} INFO - [2025-12-14T16:52:56.936+0000] {dag.py:3239} INFO - Sync 1 DAGs
[2025-12-14T16:52:56.964+0000] {logging_mixin.py:190} INFO - [2025-12-14T16:52:56.964+0000] {dag.py:4180} INFO - Setting next_dagrun for etl_synthetic_events to None, run_after=None
[2025-12-14T16:52:57.002+0000] {processor.py:208} INFO - Processing /opt/airflow/dags/etl_airflow_dag.py took 1.314 seconds
[2025-12-14T16:53:27.286+0000] {processor.py:186} INFO - Started process (PID=236) to work on /opt/airflow/dags/etl_airflow_dag.py
[2025-12-14T16:53:27.289+0000] {processor.py:914} INFO - Processing file /opt/airflow/dags/etl_airflow_dag.py for tasks to queue
[2025-12-14T16:53:27.295+0000] {logging_mixin.py:190} INFO - [2025-12-14T16:53:27.294+0000] {dagbag.py:588} INFO - Filling up the DagBag from /opt/airflow/dags/etl_airflow_dag.py
[2025-12-14T16:53:28.522+0000] {processor.py:925} INFO - DAG(s) 'etl_synthetic_events' retrieved from /opt/airflow/dags/etl_airflow_dag.py
[2025-12-14T16:53:28.577+0000] {logging_mixin.py:190} INFO - [2025-12-14T16:53:28.576+0000] {dag.py:3239} INFO - Sync 1 DAGs
[2025-12-14T16:53:28.603+0000] {logging_mixin.py:190} INFO - [2025-12-14T16:53:28.603+0000] {dag.py:4180} INFO - Setting next_dagrun for etl_synthetic_events to None, run_after=None
[2025-12-14T16:53:28.642+0000] {processor.py:208} INFO - Processing /opt/airflow/dags/etl_airflow_dag.py took 1.369 seconds
[2025-12-14T16:53:58.973+0000] {processor.py:186} INFO - Started process (PID=242) to work on /opt/airflow/dags/etl_airflow_dag.py
[2025-12-14T16:53:58.976+0000] {processor.py:914} INFO - Processing file /opt/airflow/dags/etl_airflow_dag.py for tasks to queue
[2025-12-14T16:53:58.983+0000] {logging_mixin.py:190} INFO - [2025-12-14T16:53:58.982+0000] {dagbag.py:588} INFO - Filling up the DagBag from /opt/airflow/dags/etl_airflow_dag.py
[2025-12-14T16:54:00.075+0000] {processor.py:925} INFO - DAG(s) 'etl_synthetic_events' retrieved from /opt/airflow/dags/etl_airflow_dag.py
[2025-12-14T16:54:00.129+0000] {logging_mixin.py:190} INFO - [2025-12-14T16:54:00.125+0000] {dag.py:3239} INFO - Sync 1 DAGs
[2025-12-14T16:54:00.153+0000] {logging_mixin.py:190} INFO - [2025-12-14T16:54:00.153+0000] {dag.py:4180} INFO - Setting next_dagrun for etl_synthetic_events to None, run_after=None
[2025-12-14T16:54:00.202+0000] {processor.py:208} INFO - Processing /opt/airflow/dags/etl_airflow_dag.py took 1.245 seconds
[2025-12-14T16:54:30.712+0000] {processor.py:186} INFO - Started process (PID=248) to work on /opt/airflow/dags/etl_airflow_dag.py
[2025-12-14T16:54:30.714+0000] {processor.py:914} INFO - Processing file /opt/airflow/dags/etl_airflow_dag.py for tasks to queue
[2025-12-14T16:54:30.720+0000] {logging_mixin.py:190} INFO - [2025-12-14T16:54:30.719+0000] {dagbag.py:588} INFO - Filling up the DagBag from /opt/airflow/dags/etl_airflow_dag.py
[2025-12-14T16:54:32.172+0000] {processor.py:925} INFO - DAG(s) 'etl_synthetic_events' retrieved from /opt/airflow/dags/etl_airflow_dag.py
[2025-12-14T16:54:32.240+0000] {logging_mixin.py:190} INFO - [2025-12-14T16:54:32.239+0000] {dag.py:3239} INFO - Sync 1 DAGs
[2025-12-14T16:54:32.263+0000] {logging_mixin.py:190} INFO - [2025-12-14T16:54:32.263+0000] {dag.py:4180} INFO - Setting next_dagrun for etl_synthetic_events to None, run_after=None
[2025-12-14T16:54:32.306+0000] {processor.py:208} INFO - Processing /opt/airflow/dags/etl_airflow_dag.py took 1.607 seconds
[2025-12-14T16:55:15.184+0000] {processor.py:186} INFO - Started process (PID=164) to work on /opt/airflow/dags/etl_airflow_dag.py
[2025-12-14T16:55:15.187+0000] {processor.py:914} INFO - Processing file /opt/airflow/dags/etl_airflow_dag.py for tasks to queue
[2025-12-14T16:55:15.192+0000] {logging_mixin.py:190} INFO - [2025-12-14T16:55:15.191+0000] {dagbag.py:588} INFO - Filling up the DagBag from /opt/airflow/dags/etl_airflow_dag.py
[2025-12-14T16:55:16.355+0000] {processor.py:925} INFO - DAG(s) 'etl_synthetic_events' retrieved from /opt/airflow/dags/etl_airflow_dag.py
[2025-12-14T16:55:16.404+0000] {logging_mixin.py:190} INFO - [2025-12-14T16:55:16.403+0000] {dag.py:3239} INFO - Sync 1 DAGs
[2025-12-14T16:55:16.433+0000] {logging_mixin.py:190} INFO - [2025-12-14T16:55:16.432+0000] {dag.py:4180} INFO - Setting next_dagrun for etl_synthetic_events to None, run_after=None
[2025-12-14T16:55:16.491+0000] {processor.py:208} INFO - Processing /opt/airflow/dags/etl_airflow_dag.py took 1.323 seconds
[2025-12-14T16:55:46.742+0000] {processor.py:186} INFO - Started process (PID=170) to work on /opt/airflow/dags/etl_airflow_dag.py
[2025-12-14T16:55:46.745+0000] {processor.py:914} INFO - Processing file /opt/airflow/dags/etl_airflow_dag.py for tasks to queue
[2025-12-14T16:55:46.753+0000] {logging_mixin.py:190} INFO - [2025-12-14T16:55:46.752+0000] {dagbag.py:588} INFO - Filling up the DagBag from /opt/airflow/dags/etl_airflow_dag.py
[2025-12-14T16:55:48.023+0000] {processor.py:925} INFO - DAG(s) 'etl_synthetic_events' retrieved from /opt/airflow/dags/etl_airflow_dag.py
[2025-12-14T16:55:48.072+0000] {logging_mixin.py:190} INFO - [2025-12-14T16:55:48.071+0000] {dag.py:3239} INFO - Sync 1 DAGs
[2025-12-14T16:55:48.095+0000] {logging_mixin.py:190} INFO - [2025-12-14T16:55:48.094+0000] {dag.py:4180} INFO - Setting next_dagrun for etl_synthetic_events to None, run_after=None
[2025-12-14T16:55:48.135+0000] {processor.py:208} INFO - Processing /opt/airflow/dags/etl_airflow_dag.py took 1.411 seconds
[2025-12-14T16:56:18.562+0000] {processor.py:186} INFO - Started process (PID=176) to work on /opt/airflow/dags/etl_airflow_dag.py
[2025-12-14T16:56:18.565+0000] {processor.py:914} INFO - Processing file /opt/airflow/dags/etl_airflow_dag.py for tasks to queue
[2025-12-14T16:56:18.571+0000] {logging_mixin.py:190} INFO - [2025-12-14T16:56:18.570+0000] {dagbag.py:588} INFO - Filling up the DagBag from /opt/airflow/dags/etl_airflow_dag.py
[2025-12-14T16:56:20.057+0000] {processor.py:925} INFO - DAG(s) 'etl_synthetic_events' retrieved from /opt/airflow/dags/etl_airflow_dag.py
[2025-12-14T16:56:20.108+0000] {logging_mixin.py:190} INFO - [2025-12-14T16:56:20.106+0000] {dag.py:3239} INFO - Sync 1 DAGs
[2025-12-14T16:56:20.143+0000] {logging_mixin.py:190} INFO - [2025-12-14T16:56:20.142+0000] {dag.py:4180} INFO - Setting next_dagrun for etl_synthetic_events to None, run_after=None
[2025-12-14T16:56:20.187+0000] {processor.py:208} INFO - Processing /opt/airflow/dags/etl_airflow_dag.py took 1.638 seconds
[2025-12-14T16:56:50.824+0000] {processor.py:186} INFO - Started process (PID=182) to work on /opt/airflow/dags/etl_airflow_dag.py
[2025-12-14T16:56:50.828+0000] {processor.py:914} INFO - Processing file /opt/airflow/dags/etl_airflow_dag.py for tasks to queue
[2025-12-14T16:56:50.834+0000] {logging_mixin.py:190} INFO - [2025-12-14T16:56:50.833+0000] {dagbag.py:588} INFO - Filling up the DagBag from /opt/airflow/dags/etl_airflow_dag.py
[2025-12-14T16:56:52.244+0000] {processor.py:925} INFO - DAG(s) 'etl_synthetic_events' retrieved from /opt/airflow/dags/etl_airflow_dag.py
[2025-12-14T16:56:52.320+0000] {logging_mixin.py:190} INFO - [2025-12-14T16:56:52.318+0000] {dag.py:3239} INFO - Sync 1 DAGs
[2025-12-14T16:56:52.368+0000] {logging_mixin.py:190} INFO - [2025-12-14T16:56:52.367+0000] {dag.py:4180} INFO - Setting next_dagrun for etl_synthetic_events to None, run_after=None
[2025-12-14T16:56:52.416+0000] {processor.py:208} INFO - Processing /opt/airflow/dags/etl_airflow_dag.py took 1.606 seconds
[2025-12-14T16:57:22.673+0000] {processor.py:186} INFO - Started process (PID=188) to work on /opt/airflow/dags/etl_airflow_dag.py
[2025-12-14T16:57:22.676+0000] {processor.py:914} INFO - Processing file /opt/airflow/dags/etl_airflow_dag.py for tasks to queue
[2025-12-14T16:57:22.682+0000] {logging_mixin.py:190} INFO - [2025-12-14T16:57:22.681+0000] {dagbag.py:588} INFO - Filling up the DagBag from /opt/airflow/dags/etl_airflow_dag.py
[2025-12-14T16:57:23.889+0000] {processor.py:925} INFO - DAG(s) 'etl_synthetic_events' retrieved from /opt/airflow/dags/etl_airflow_dag.py
[2025-12-14T16:57:23.939+0000] {logging_mixin.py:190} INFO - [2025-12-14T16:57:23.938+0000] {dag.py:3239} INFO - Sync 1 DAGs
[2025-12-14T16:57:23.965+0000] {logging_mixin.py:190} INFO - [2025-12-14T16:57:23.964+0000] {dag.py:4180} INFO - Setting next_dagrun for etl_synthetic_events to None, run_after=None
[2025-12-14T16:57:24.014+0000] {processor.py:208} INFO - Processing /opt/airflow/dags/etl_airflow_dag.py took 1.356 seconds
[2025-12-14T16:57:54.466+0000] {processor.py:186} INFO - Started process (PID=194) to work on /opt/airflow/dags/etl_airflow_dag.py
[2025-12-14T16:57:54.469+0000] {processor.py:914} INFO - Processing file /opt/airflow/dags/etl_airflow_dag.py for tasks to queue
[2025-12-14T16:57:54.473+0000] {logging_mixin.py:190} INFO - [2025-12-14T16:57:54.473+0000] {dagbag.py:588} INFO - Filling up the DagBag from /opt/airflow/dags/etl_airflow_dag.py
[2025-12-14T16:57:55.806+0000] {processor.py:925} INFO - DAG(s) 'etl_synthetic_events' retrieved from /opt/airflow/dags/etl_airflow_dag.py
[2025-12-14T16:57:55.869+0000] {logging_mixin.py:190} INFO - [2025-12-14T16:57:55.868+0000] {dag.py:3239} INFO - Sync 1 DAGs
[2025-12-14T16:57:55.897+0000] {logging_mixin.py:190} INFO - [2025-12-14T16:57:55.897+0000] {dag.py:4180} INFO - Setting next_dagrun for etl_synthetic_events to None, run_after=None
[2025-12-14T16:57:55.941+0000] {processor.py:208} INFO - Processing /opt/airflow/dags/etl_airflow_dag.py took 1.486 seconds
[2025-12-14T16:58:26.163+0000] {processor.py:186} INFO - Started process (PID=200) to work on /opt/airflow/dags/etl_airflow_dag.py
[2025-12-14T16:58:26.166+0000] {processor.py:914} INFO - Processing file /opt/airflow/dags/etl_airflow_dag.py for tasks to queue
[2025-12-14T16:58:26.170+0000] {logging_mixin.py:190} INFO - [2025-12-14T16:58:26.170+0000] {dagbag.py:588} INFO - Filling up the DagBag from /opt/airflow/dags/etl_airflow_dag.py
[2025-12-14T16:58:27.277+0000] {processor.py:925} INFO - DAG(s) 'etl_synthetic_events' retrieved from /opt/airflow/dags/etl_airflow_dag.py
[2025-12-14T16:58:27.318+0000] {logging_mixin.py:190} INFO - [2025-12-14T16:58:27.317+0000] {dag.py:3239} INFO - Sync 1 DAGs
[2025-12-14T16:58:27.342+0000] {logging_mixin.py:190} INFO - [2025-12-14T16:58:27.342+0000] {dag.py:4180} INFO - Setting next_dagrun for etl_synthetic_events to None, run_after=None
[2025-12-14T16:58:27.379+0000] {processor.py:208} INFO - Processing /opt/airflow/dags/etl_airflow_dag.py took 1.229 seconds
[2025-12-14T16:58:57.746+0000] {processor.py:186} INFO - Started process (PID=206) to work on /opt/airflow/dags/etl_airflow_dag.py
[2025-12-14T16:58:57.752+0000] {processor.py:914} INFO - Processing file /opt/airflow/dags/etl_airflow_dag.py for tasks to queue
[2025-12-14T16:58:57.766+0000] {logging_mixin.py:190} INFO - [2025-12-14T16:58:57.765+0000] {dagbag.py:588} INFO - Filling up the DagBag from /opt/airflow/dags/etl_airflow_dag.py
[2025-12-14T16:58:59.157+0000] {processor.py:925} INFO - DAG(s) 'etl_synthetic_events' retrieved from /opt/airflow/dags/etl_airflow_dag.py
[2025-12-14T16:58:59.203+0000] {logging_mixin.py:190} INFO - [2025-12-14T16:58:59.202+0000] {dag.py:3239} INFO - Sync 1 DAGs
[2025-12-14T16:58:59.224+0000] {logging_mixin.py:190} INFO - [2025-12-14T16:58:59.223+0000] {dag.py:4180} INFO - Setting next_dagrun for etl_synthetic_events to None, run_after=None
[2025-12-14T16:58:59.265+0000] {processor.py:208} INFO - Processing /opt/airflow/dags/etl_airflow_dag.py took 1.541 seconds
[2025-12-14T16:59:29.855+0000] {processor.py:186} INFO - Started process (PID=212) to work on /opt/airflow/dags/etl_airflow_dag.py
[2025-12-14T16:59:29.858+0000] {processor.py:914} INFO - Processing file /opt/airflow/dags/etl_airflow_dag.py for tasks to queue
[2025-12-14T16:59:29.868+0000] {logging_mixin.py:190} INFO - [2025-12-14T16:59:29.867+0000] {dagbag.py:588} INFO - Filling up the DagBag from /opt/airflow/dags/etl_airflow_dag.py
[2025-12-14T16:59:31.046+0000] {processor.py:925} INFO - DAG(s) 'etl_synthetic_events' retrieved from /opt/airflow/dags/etl_airflow_dag.py
[2025-12-14T16:59:31.096+0000] {logging_mixin.py:190} INFO - [2025-12-14T16:59:31.095+0000] {dag.py:3239} INFO - Sync 1 DAGs
[2025-12-14T16:59:31.125+0000] {logging_mixin.py:190} INFO - [2025-12-14T16:59:31.125+0000] {dag.py:4180} INFO - Setting next_dagrun for etl_synthetic_events to None, run_after=None
[2025-12-14T16:59:31.172+0000] {processor.py:208} INFO - Processing /opt/airflow/dags/etl_airflow_dag.py took 1.335 seconds
[2025-12-14T17:00:01.870+0000] {processor.py:186} INFO - Started process (PID=218) to work on /opt/airflow/dags/etl_airflow_dag.py
[2025-12-14T17:00:01.873+0000] {processor.py:914} INFO - Processing file /opt/airflow/dags/etl_airflow_dag.py for tasks to queue
[2025-12-14T17:00:01.878+0000] {logging_mixin.py:190} INFO - [2025-12-14T17:00:01.877+0000] {dagbag.py:588} INFO - Filling up the DagBag from /opt/airflow/dags/etl_airflow_dag.py
[2025-12-14T17:00:03.114+0000] {processor.py:925} INFO - DAG(s) 'etl_synthetic_events' retrieved from /opt/airflow/dags/etl_airflow_dag.py
[2025-12-14T17:00:03.164+0000] {logging_mixin.py:190} INFO - [2025-12-14T17:00:03.163+0000] {dag.py:3239} INFO - Sync 1 DAGs
[2025-12-14T17:00:03.188+0000] {logging_mixin.py:190} INFO - [2025-12-14T17:00:03.188+0000] {dag.py:4180} INFO - Setting next_dagrun for etl_synthetic_events to None, run_after=None
[2025-12-14T17:00:03.227+0000] {processor.py:208} INFO - Processing /opt/airflow/dags/etl_airflow_dag.py took 1.369 seconds
[2025-12-14T17:00:33.822+0000] {processor.py:186} INFO - Started process (PID=224) to work on /opt/airflow/dags/etl_airflow_dag.py
[2025-12-14T17:00:33.826+0000] {processor.py:914} INFO - Processing file /opt/airflow/dags/etl_airflow_dag.py for tasks to queue
[2025-12-14T17:00:33.832+0000] {logging_mixin.py:190} INFO - [2025-12-14T17:00:33.831+0000] {dagbag.py:588} INFO - Filling up the DagBag from /opt/airflow/dags/etl_airflow_dag.py
[2025-12-14T17:00:35.176+0000] {processor.py:925} INFO - DAG(s) 'etl_synthetic_events' retrieved from /opt/airflow/dags/etl_airflow_dag.py
[2025-12-14T17:00:35.239+0000] {logging_mixin.py:190} INFO - [2025-12-14T17:00:35.236+0000] {dag.py:3239} INFO - Sync 1 DAGs
[2025-12-14T17:00:35.287+0000] {logging_mixin.py:190} INFO - [2025-12-14T17:00:35.287+0000] {dag.py:4180} INFO - Setting next_dagrun for etl_synthetic_events to None, run_after=None
[2025-12-14T17:00:35.342+0000] {processor.py:208} INFO - Processing /opt/airflow/dags/etl_airflow_dag.py took 1.531 seconds
[2025-12-14T17:01:05.959+0000] {processor.py:186} INFO - Started process (PID=230) to work on /opt/airflow/dags/etl_airflow_dag.py
[2025-12-14T17:01:05.962+0000] {processor.py:914} INFO - Processing file /opt/airflow/dags/etl_airflow_dag.py for tasks to queue
[2025-12-14T17:01:05.969+0000] {logging_mixin.py:190} INFO - [2025-12-14T17:01:05.968+0000] {dagbag.py:588} INFO - Filling up the DagBag from /opt/airflow/dags/etl_airflow_dag.py
[2025-12-14T17:01:07.201+0000] {processor.py:925} INFO - DAG(s) 'etl_synthetic_events' retrieved from /opt/airflow/dags/etl_airflow_dag.py
[2025-12-14T17:01:07.256+0000] {logging_mixin.py:190} INFO - [2025-12-14T17:01:07.253+0000] {dag.py:3239} INFO - Sync 1 DAGs
[2025-12-14T17:01:07.284+0000] {logging_mixin.py:190} INFO - [2025-12-14T17:01:07.284+0000] {dag.py:4180} INFO - Setting next_dagrun for etl_synthetic_events to None, run_after=None
[2025-12-14T17:01:07.325+0000] {processor.py:208} INFO - Processing /opt/airflow/dags/etl_airflow_dag.py took 1.389 seconds
[2025-12-14T17:01:37.916+0000] {processor.py:186} INFO - Started process (PID=236) to work on /opt/airflow/dags/etl_airflow_dag.py
[2025-12-14T17:01:37.919+0000] {processor.py:914} INFO - Processing file /opt/airflow/dags/etl_airflow_dag.py for tasks to queue
[2025-12-14T17:01:37.926+0000] {logging_mixin.py:190} INFO - [2025-12-14T17:01:37.925+0000] {dagbag.py:588} INFO - Filling up the DagBag from /opt/airflow/dags/etl_airflow_dag.py
[2025-12-14T17:01:39.272+0000] {processor.py:925} INFO - DAG(s) 'etl_synthetic_events' retrieved from /opt/airflow/dags/etl_airflow_dag.py
[2025-12-14T17:01:39.323+0000] {logging_mixin.py:190} INFO - [2025-12-14T17:01:39.322+0000] {dag.py:3239} INFO - Sync 1 DAGs
[2025-12-14T17:01:39.347+0000] {logging_mixin.py:190} INFO - [2025-12-14T17:01:39.346+0000] {dag.py:4180} INFO - Setting next_dagrun for etl_synthetic_events to None, run_after=None
[2025-12-14T17:01:39.401+0000] {processor.py:208} INFO - Processing /opt/airflow/dags/etl_airflow_dag.py took 1.501 seconds
[2025-12-14T17:02:10.012+0000] {processor.py:186} INFO - Started process (PID=242) to work on /opt/airflow/dags/etl_airflow_dag.py
[2025-12-14T17:02:10.015+0000] {processor.py:914} INFO - Processing file /opt/airflow/dags/etl_airflow_dag.py for tasks to queue
[2025-12-14T17:02:10.022+0000] {logging_mixin.py:190} INFO - [2025-12-14T17:02:10.021+0000] {dagbag.py:588} INFO - Filling up the DagBag from /opt/airflow/dags/etl_airflow_dag.py
[2025-12-14T17:02:11.287+0000] {processor.py:925} INFO - DAG(s) 'etl_synthetic_events' retrieved from /opt/airflow/dags/etl_airflow_dag.py
[2025-12-14T17:02:11.335+0000] {logging_mixin.py:190} INFO - [2025-12-14T17:02:11.334+0000] {dag.py:3239} INFO - Sync 1 DAGs
[2025-12-14T17:02:11.357+0000] {logging_mixin.py:190} INFO - [2025-12-14T17:02:11.357+0000] {dag.py:4180} INFO - Setting next_dagrun for etl_synthetic_events to None, run_after=None
[2025-12-14T17:02:11.394+0000] {processor.py:208} INFO - Processing /opt/airflow/dags/etl_airflow_dag.py took 1.397 seconds
[2025-12-14T17:02:41.873+0000] {processor.py:186} INFO - Started process (PID=285) to work on /opt/airflow/dags/etl_airflow_dag.py
[2025-12-14T17:02:41.876+0000] {processor.py:914} INFO - Processing file /opt/airflow/dags/etl_airflow_dag.py for tasks to queue
[2025-12-14T17:02:41.883+0000] {logging_mixin.py:190} INFO - [2025-12-14T17:02:41.882+0000] {dagbag.py:588} INFO - Filling up the DagBag from /opt/airflow/dags/etl_airflow_dag.py
[2025-12-14T17:02:44.496+0000] {processor.py:925} INFO - DAG(s) 'etl_synthetic_events' retrieved from /opt/airflow/dags/etl_airflow_dag.py
[2025-12-14T17:02:44.636+0000] {logging_mixin.py:190} INFO - [2025-12-14T17:02:44.634+0000] {dag.py:3239} INFO - Sync 1 DAGs
[2025-12-14T17:02:44.687+0000] {logging_mixin.py:190} INFO - [2025-12-14T17:02:44.687+0000] {dag.py:4180} INFO - Setting next_dagrun for etl_synthetic_events to None, run_after=None
[2025-12-14T17:02:44.753+0000] {processor.py:208} INFO - Processing /opt/airflow/dags/etl_airflow_dag.py took 2.894 seconds
[2025-12-14T17:03:15.417+0000] {processor.py:186} INFO - Started process (PID=298) to work on /opt/airflow/dags/etl_airflow_dag.py
[2025-12-14T17:03:15.420+0000] {processor.py:914} INFO - Processing file /opt/airflow/dags/etl_airflow_dag.py for tasks to queue
[2025-12-14T17:03:15.428+0000] {logging_mixin.py:190} INFO - [2025-12-14T17:03:15.427+0000] {dagbag.py:588} INFO - Filling up the DagBag from /opt/airflow/dags/etl_airflow_dag.py
[2025-12-14T17:03:16.782+0000] {processor.py:925} INFO - DAG(s) 'etl_synthetic_events' retrieved from /opt/airflow/dags/etl_airflow_dag.py
[2025-12-14T17:03:16.836+0000] {logging_mixin.py:190} INFO - [2025-12-14T17:03:16.833+0000] {dag.py:3239} INFO - Sync 1 DAGs
[2025-12-14T17:03:16.865+0000] {logging_mixin.py:190} INFO - [2025-12-14T17:03:16.864+0000] {dag.py:4180} INFO - Setting next_dagrun for etl_synthetic_events to None, run_after=None
[2025-12-14T17:03:16.918+0000] {processor.py:208} INFO - Processing /opt/airflow/dags/etl_airflow_dag.py took 1.518 seconds
[2025-12-14T17:03:47.511+0000] {processor.py:186} INFO - Started process (PID=304) to work on /opt/airflow/dags/etl_airflow_dag.py
[2025-12-14T17:03:47.513+0000] {processor.py:914} INFO - Processing file /opt/airflow/dags/etl_airflow_dag.py for tasks to queue
[2025-12-14T17:03:47.520+0000] {logging_mixin.py:190} INFO - [2025-12-14T17:03:47.519+0000] {dagbag.py:588} INFO - Filling up the DagBag from /opt/airflow/dags/etl_airflow_dag.py
[2025-12-14T17:03:48.638+0000] {processor.py:925} INFO - DAG(s) 'etl_synthetic_events' retrieved from /opt/airflow/dags/etl_airflow_dag.py
[2025-12-14T17:03:48.686+0000] {logging_mixin.py:190} INFO - [2025-12-14T17:03:48.685+0000] {dag.py:3239} INFO - Sync 1 DAGs
[2025-12-14T17:03:48.711+0000] {logging_mixin.py:190} INFO - [2025-12-14T17:03:48.710+0000] {dag.py:4180} INFO - Setting next_dagrun for etl_synthetic_events to None, run_after=None
[2025-12-14T17:03:48.758+0000] {processor.py:208} INFO - Processing /opt/airflow/dags/etl_airflow_dag.py took 1.266 seconds
[2025-12-14T17:04:18.982+0000] {processor.py:186} INFO - Started process (PID=320) to work on /opt/airflow/dags/etl_airflow_dag.py
[2025-12-14T17:04:18.985+0000] {processor.py:914} INFO - Processing file /opt/airflow/dags/etl_airflow_dag.py for tasks to queue
[2025-12-14T17:04:18.992+0000] {logging_mixin.py:190} INFO - [2025-12-14T17:04:18.991+0000] {dagbag.py:588} INFO - Filling up the DagBag from /opt/airflow/dags/etl_airflow_dag.py
[2025-12-14T17:04:20.207+0000] {processor.py:925} INFO - DAG(s) 'etl_synthetic_events' retrieved from /opt/airflow/dags/etl_airflow_dag.py
[2025-12-14T17:04:20.269+0000] {logging_mixin.py:190} INFO - [2025-12-14T17:04:20.266+0000] {dag.py:3239} INFO - Sync 1 DAGs
[2025-12-14T17:04:20.293+0000] {logging_mixin.py:190} INFO - [2025-12-14T17:04:20.292+0000] {dag.py:4180} INFO - Setting next_dagrun for etl_synthetic_events to None, run_after=None
[2025-12-14T17:04:20.329+0000] {processor.py:208} INFO - Processing /opt/airflow/dags/etl_airflow_dag.py took 1.364 seconds
[2025-12-14T17:04:50.763+0000] {processor.py:186} INFO - Started process (PID=336) to work on /opt/airflow/dags/etl_airflow_dag.py
[2025-12-14T17:04:50.766+0000] {processor.py:914} INFO - Processing file /opt/airflow/dags/etl_airflow_dag.py for tasks to queue
[2025-12-14T17:04:50.771+0000] {logging_mixin.py:190} INFO - [2025-12-14T17:04:50.770+0000] {dagbag.py:588} INFO - Filling up the DagBag from /opt/airflow/dags/etl_airflow_dag.py
[2025-12-14T17:04:51.979+0000] {processor.py:925} INFO - DAG(s) 'etl_synthetic_events' retrieved from /opt/airflow/dags/etl_airflow_dag.py
[2025-12-14T17:04:52.025+0000] {logging_mixin.py:190} INFO - [2025-12-14T17:04:52.024+0000] {dag.py:3239} INFO - Sync 1 DAGs
[2025-12-14T17:04:52.054+0000] {logging_mixin.py:190} INFO - [2025-12-14T17:04:52.053+0000] {dag.py:4180} INFO - Setting next_dagrun for etl_synthetic_events to None, run_after=None
[2025-12-14T17:04:52.091+0000] {processor.py:208} INFO - Processing /opt/airflow/dags/etl_airflow_dag.py took 1.342 seconds
[2025-12-14T17:05:22.345+0000] {processor.py:186} INFO - Started process (PID=374) to work on /opt/airflow/dags/etl_airflow_dag.py
[2025-12-14T17:05:22.348+0000] {processor.py:914} INFO - Processing file /opt/airflow/dags/etl_airflow_dag.py for tasks to queue
[2025-12-14T17:05:22.354+0000] {logging_mixin.py:190} INFO - [2025-12-14T17:05:22.353+0000] {dagbag.py:588} INFO - Filling up the DagBag from /opt/airflow/dags/etl_airflow_dag.py
[2025-12-14T17:05:23.807+0000] {processor.py:925} INFO - DAG(s) 'etl_synthetic_events' retrieved from /opt/airflow/dags/etl_airflow_dag.py
[2025-12-14T17:05:23.864+0000] {logging_mixin.py:190} INFO - [2025-12-14T17:05:23.861+0000] {dag.py:3239} INFO - Sync 1 DAGs
[2025-12-14T17:05:23.885+0000] {logging_mixin.py:190} INFO - [2025-12-14T17:05:23.885+0000] {dag.py:4180} INFO - Setting next_dagrun for etl_synthetic_events to None, run_after=None
[2025-12-14T17:05:23.930+0000] {processor.py:208} INFO - Processing /opt/airflow/dags/etl_airflow_dag.py took 1.600 seconds
[2025-12-14T17:05:54.265+0000] {processor.py:186} INFO - Started process (PID=380) to work on /opt/airflow/dags/etl_airflow_dag.py
[2025-12-14T17:05:54.268+0000] {processor.py:914} INFO - Processing file /opt/airflow/dags/etl_airflow_dag.py for tasks to queue
[2025-12-14T17:05:54.276+0000] {logging_mixin.py:190} INFO - [2025-12-14T17:05:54.275+0000] {dagbag.py:588} INFO - Filling up the DagBag from /opt/airflow/dags/etl_airflow_dag.py
[2025-12-14T17:05:55.406+0000] {processor.py:925} INFO - DAG(s) 'etl_synthetic_events' retrieved from /opt/airflow/dags/etl_airflow_dag.py
[2025-12-14T17:05:55.453+0000] {logging_mixin.py:190} INFO - [2025-12-14T17:05:55.452+0000] {dag.py:3239} INFO - Sync 1 DAGs
[2025-12-14T17:05:55.478+0000] {logging_mixin.py:190} INFO - [2025-12-14T17:05:55.478+0000] {dag.py:4180} INFO - Setting next_dagrun for etl_synthetic_events to None, run_after=None
[2025-12-14T17:05:55.511+0000] {processor.py:208} INFO - Processing /opt/airflow/dags/etl_airflow_dag.py took 1.260 seconds
[2025-12-14T17:06:26.010+0000] {processor.py:186} INFO - Started process (PID=386) to work on /opt/airflow/dags/etl_airflow_dag.py
[2025-12-14T17:06:26.014+0000] {processor.py:914} INFO - Processing file /opt/airflow/dags/etl_airflow_dag.py for tasks to queue
[2025-12-14T17:06:26.020+0000] {logging_mixin.py:190} INFO - [2025-12-14T17:06:26.019+0000] {dagbag.py:588} INFO - Filling up the DagBag from /opt/airflow/dags/etl_airflow_dag.py
[2025-12-14T17:06:27.152+0000] {processor.py:925} INFO - DAG(s) 'etl_synthetic_events' retrieved from /opt/airflow/dags/etl_airflow_dag.py
[2025-12-14T17:06:27.198+0000] {logging_mixin.py:190} INFO - [2025-12-14T17:06:27.197+0000] {dag.py:3239} INFO - Sync 1 DAGs
[2025-12-14T17:06:27.226+0000] {logging_mixin.py:190} INFO - [2025-12-14T17:06:27.226+0000] {dag.py:4180} INFO - Setting next_dagrun for etl_synthetic_events to None, run_after=None
[2025-12-14T17:06:27.268+0000] {processor.py:208} INFO - Processing /opt/airflow/dags/etl_airflow_dag.py took 1.275 seconds
[2025-12-14T17:06:57.588+0000] {processor.py:186} INFO - Started process (PID=404) to work on /opt/airflow/dags/etl_airflow_dag.py
[2025-12-14T17:06:57.592+0000] {processor.py:914} INFO - Processing file /opt/airflow/dags/etl_airflow_dag.py for tasks to queue
[2025-12-14T17:06:57.600+0000] {logging_mixin.py:190} INFO - [2025-12-14T17:06:57.598+0000] {dagbag.py:588} INFO - Filling up the DagBag from /opt/airflow/dags/etl_airflow_dag.py
[2025-12-14T17:06:58.904+0000] {processor.py:925} INFO - DAG(s) 'etl_synthetic_events' retrieved from /opt/airflow/dags/etl_airflow_dag.py
[2025-12-14T17:06:58.955+0000] {logging_mixin.py:190} INFO - [2025-12-14T17:06:58.954+0000] {dag.py:3239} INFO - Sync 1 DAGs
[2025-12-14T17:06:58.984+0000] {logging_mixin.py:190} INFO - [2025-12-14T17:06:58.983+0000] {dag.py:4180} INFO - Setting next_dagrun for etl_synthetic_events to None, run_after=None
[2025-12-14T17:06:59.029+0000] {processor.py:208} INFO - Processing /opt/airflow/dags/etl_airflow_dag.py took 1.459 seconds
[2025-12-14T17:07:29.280+0000] {processor.py:186} INFO - Started process (PID=442) to work on /opt/airflow/dags/etl_airflow_dag.py
[2025-12-14T17:07:29.283+0000] {processor.py:914} INFO - Processing file /opt/airflow/dags/etl_airflow_dag.py for tasks to queue
[2025-12-14T17:07:29.290+0000] {logging_mixin.py:190} INFO - [2025-12-14T17:07:29.289+0000] {dagbag.py:588} INFO - Filling up the DagBag from /opt/airflow/dags/etl_airflow_dag.py
[2025-12-14T17:07:30.527+0000] {processor.py:925} INFO - DAG(s) 'etl_synthetic_events' retrieved from /opt/airflow/dags/etl_airflow_dag.py
[2025-12-14T17:07:30.604+0000] {logging_mixin.py:190} INFO - [2025-12-14T17:07:30.597+0000] {dag.py:3239} INFO - Sync 1 DAGs
[2025-12-14T17:07:30.652+0000] {logging_mixin.py:190} INFO - [2025-12-14T17:07:30.652+0000] {dag.py:4180} INFO - Setting next_dagrun for etl_synthetic_events to None, run_after=None
[2025-12-14T17:07:30.723+0000] {processor.py:208} INFO - Processing /opt/airflow/dags/etl_airflow_dag.py took 1.459 seconds
[2025-12-14T17:08:01.075+0000] {processor.py:186} INFO - Started process (PID=448) to work on /opt/airflow/dags/etl_airflow_dag.py
[2025-12-14T17:08:01.077+0000] {processor.py:914} INFO - Processing file /opt/airflow/dags/etl_airflow_dag.py for tasks to queue
[2025-12-14T17:08:01.083+0000] {logging_mixin.py:190} INFO - [2025-12-14T17:08:01.082+0000] {dagbag.py:588} INFO - Filling up the DagBag from /opt/airflow/dags/etl_airflow_dag.py
[2025-12-14T17:08:02.241+0000] {processor.py:925} INFO - DAG(s) 'etl_synthetic_events' retrieved from /opt/airflow/dags/etl_airflow_dag.py
[2025-12-14T17:08:02.286+0000] {logging_mixin.py:190} INFO - [2025-12-14T17:08:02.285+0000] {dag.py:3239} INFO - Sync 1 DAGs
[2025-12-14T17:08:02.308+0000] {logging_mixin.py:190} INFO - [2025-12-14T17:08:02.307+0000] {dag.py:4180} INFO - Setting next_dagrun for etl_synthetic_events to None, run_after=None
[2025-12-14T17:08:02.345+0000] {processor.py:208} INFO - Processing /opt/airflow/dags/etl_airflow_dag.py took 1.285 seconds
[2025-12-14T17:08:32.909+0000] {processor.py:186} INFO - Started process (PID=454) to work on /opt/airflow/dags/etl_airflow_dag.py
[2025-12-14T17:08:32.912+0000] {processor.py:914} INFO - Processing file /opt/airflow/dags/etl_airflow_dag.py for tasks to queue
[2025-12-14T17:08:32.925+0000] {logging_mixin.py:190} INFO - [2025-12-14T17:08:32.923+0000] {dagbag.py:588} INFO - Filling up the DagBag from /opt/airflow/dags/etl_airflow_dag.py
[2025-12-14T17:08:34.737+0000] {processor.py:925} INFO - DAG(s) 'etl_synthetic_events' retrieved from /opt/airflow/dags/etl_airflow_dag.py
[2025-12-14T17:08:34.861+0000] {logging_mixin.py:190} INFO - [2025-12-14T17:08:34.859+0000] {dag.py:3239} INFO - Sync 1 DAGs
[2025-12-14T17:08:34.912+0000] {logging_mixin.py:190} INFO - [2025-12-14T17:08:34.912+0000] {dag.py:4180} INFO - Setting next_dagrun for etl_synthetic_events to None, run_after=None
[2025-12-14T17:08:34.964+0000] {processor.py:208} INFO - Processing /opt/airflow/dags/etl_airflow_dag.py took 2.091 seconds
[2025-12-14T17:09:05.377+0000] {processor.py:186} INFO - Started process (PID=460) to work on /opt/airflow/dags/etl_airflow_dag.py
[2025-12-14T17:09:05.381+0000] {processor.py:914} INFO - Processing file /opt/airflow/dags/etl_airflow_dag.py for tasks to queue
[2025-12-14T17:09:05.391+0000] {logging_mixin.py:190} INFO - [2025-12-14T17:09:05.388+0000] {dagbag.py:588} INFO - Filling up the DagBag from /opt/airflow/dags/etl_airflow_dag.py
[2025-12-14T17:09:06.477+0000] {processor.py:925} INFO - DAG(s) 'etl_synthetic_events' retrieved from /opt/airflow/dags/etl_airflow_dag.py
[2025-12-14T17:09:06.528+0000] {logging_mixin.py:190} INFO - [2025-12-14T17:09:06.527+0000] {dag.py:3239} INFO - Sync 1 DAGs
[2025-12-14T17:09:06.561+0000] {logging_mixin.py:190} INFO - [2025-12-14T17:09:06.561+0000] {dag.py:4180} INFO - Setting next_dagrun for etl_synthetic_events to None, run_after=None
[2025-12-14T17:09:06.606+0000] {processor.py:208} INFO - Processing /opt/airflow/dags/etl_airflow_dag.py took 1.259 seconds
[2025-12-14T17:09:36.968+0000] {processor.py:186} INFO - Started process (PID=466) to work on /opt/airflow/dags/etl_airflow_dag.py
[2025-12-14T17:09:36.971+0000] {processor.py:914} INFO - Processing file /opt/airflow/dags/etl_airflow_dag.py for tasks to queue
[2025-12-14T17:09:36.977+0000] {logging_mixin.py:190} INFO - [2025-12-14T17:09:36.976+0000] {dagbag.py:588} INFO - Filling up the DagBag from /opt/airflow/dags/etl_airflow_dag.py
[2025-12-14T17:09:38.397+0000] {processor.py:925} INFO - DAG(s) 'etl_synthetic_events' retrieved from /opt/airflow/dags/etl_airflow_dag.py
[2025-12-14T17:09:38.458+0000] {logging_mixin.py:190} INFO - [2025-12-14T17:09:38.455+0000] {dag.py:3239} INFO - Sync 1 DAGs
[2025-12-14T17:09:38.484+0000] {logging_mixin.py:190} INFO - [2025-12-14T17:09:38.484+0000] {dag.py:4180} INFO - Setting next_dagrun for etl_synthetic_events to None, run_after=None
[2025-12-14T17:09:38.535+0000] {processor.py:208} INFO - Processing /opt/airflow/dags/etl_airflow_dag.py took 1.581 seconds
[2025-12-14T17:10:09.080+0000] {processor.py:186} INFO - Started process (PID=472) to work on /opt/airflow/dags/etl_airflow_dag.py
[2025-12-14T17:10:09.083+0000] {processor.py:914} INFO - Processing file /opt/airflow/dags/etl_airflow_dag.py for tasks to queue
[2025-12-14T17:10:09.091+0000] {logging_mixin.py:190} INFO - [2025-12-14T17:10:09.089+0000] {dagbag.py:588} INFO - Filling up the DagBag from /opt/airflow/dags/etl_airflow_dag.py
[2025-12-14T17:10:10.199+0000] {processor.py:925} INFO - DAG(s) 'etl_synthetic_events' retrieved from /opt/airflow/dags/etl_airflow_dag.py
[2025-12-14T17:10:10.256+0000] {logging_mixin.py:190} INFO - [2025-12-14T17:10:10.255+0000] {dag.py:3239} INFO - Sync 1 DAGs
[2025-12-14T17:10:10.291+0000] {logging_mixin.py:190} INFO - [2025-12-14T17:10:10.290+0000] {dag.py:4180} INFO - Setting next_dagrun for etl_synthetic_events to None, run_after=None
[2025-12-14T17:10:10.331+0000] {processor.py:208} INFO - Processing /opt/airflow/dags/etl_airflow_dag.py took 1.267 seconds
[2025-12-14T17:10:40.585+0000] {processor.py:186} INFO - Started process (PID=478) to work on /opt/airflow/dags/etl_airflow_dag.py
[2025-12-14T17:10:40.588+0000] {processor.py:914} INFO - Processing file /opt/airflow/dags/etl_airflow_dag.py for tasks to queue
[2025-12-14T17:10:40.592+0000] {logging_mixin.py:190} INFO - [2025-12-14T17:10:40.592+0000] {dagbag.py:588} INFO - Filling up the DagBag from /opt/airflow/dags/etl_airflow_dag.py
[2025-12-14T17:10:41.714+0000] {processor.py:925} INFO - DAG(s) 'etl_synthetic_events' retrieved from /opt/airflow/dags/etl_airflow_dag.py
[2025-12-14T17:10:41.762+0000] {logging_mixin.py:190} INFO - [2025-12-14T17:10:41.761+0000] {dag.py:3239} INFO - Sync 1 DAGs
[2025-12-14T17:10:41.788+0000] {logging_mixin.py:190} INFO - [2025-12-14T17:10:41.787+0000] {dag.py:4180} INFO - Setting next_dagrun for etl_synthetic_events to None, run_after=None
[2025-12-14T17:10:41.833+0000] {processor.py:208} INFO - Processing /opt/airflow/dags/etl_airflow_dag.py took 1.263 seconds
[2025-12-14T17:11:12.275+0000] {processor.py:186} INFO - Started process (PID=484) to work on /opt/airflow/dags/etl_airflow_dag.py
[2025-12-14T17:11:12.277+0000] {processor.py:914} INFO - Processing file /opt/airflow/dags/etl_airflow_dag.py for tasks to queue
[2025-12-14T17:11:12.282+0000] {logging_mixin.py:190} INFO - [2025-12-14T17:11:12.282+0000] {dagbag.py:588} INFO - Filling up the DagBag from /opt/airflow/dags/etl_airflow_dag.py
[2025-12-14T17:11:13.517+0000] {processor.py:925} INFO - DAG(s) 'etl_synthetic_events' retrieved from /opt/airflow/dags/etl_airflow_dag.py
[2025-12-14T17:11:13.588+0000] {logging_mixin.py:190} INFO - [2025-12-14T17:11:13.586+0000] {dag.py:3239} INFO - Sync 1 DAGs
[2025-12-14T17:11:13.618+0000] {logging_mixin.py:190} INFO - [2025-12-14T17:11:13.618+0000] {dag.py:4180} INFO - Setting next_dagrun for etl_synthetic_events to None, run_after=None
[2025-12-14T17:11:13.679+0000] {processor.py:208} INFO - Processing /opt/airflow/dags/etl_airflow_dag.py took 1.417 seconds
[2025-12-14T17:11:44.203+0000] {processor.py:186} INFO - Started process (PID=490) to work on /opt/airflow/dags/etl_airflow_dag.py
[2025-12-14T17:11:44.206+0000] {processor.py:914} INFO - Processing file /opt/airflow/dags/etl_airflow_dag.py for tasks to queue
[2025-12-14T17:11:44.212+0000] {logging_mixin.py:190} INFO - [2025-12-14T17:11:44.211+0000] {dagbag.py:588} INFO - Filling up the DagBag from /opt/airflow/dags/etl_airflow_dag.py
[2025-12-14T17:11:45.408+0000] {processor.py:925} INFO - DAG(s) 'etl_synthetic_events' retrieved from /opt/airflow/dags/etl_airflow_dag.py
[2025-12-14T17:11:45.456+0000] {logging_mixin.py:190} INFO - [2025-12-14T17:11:45.455+0000] {dag.py:3239} INFO - Sync 1 DAGs
[2025-12-14T17:11:45.482+0000] {logging_mixin.py:190} INFO - [2025-12-14T17:11:45.481+0000] {dag.py:4180} INFO - Setting next_dagrun for etl_synthetic_events to None, run_after=None
[2025-12-14T17:11:45.527+0000] {processor.py:208} INFO - Processing /opt/airflow/dags/etl_airflow_dag.py took 1.337 seconds
[2025-12-14T17:12:15.703+0000] {processor.py:186} INFO - Started process (PID=496) to work on /opt/airflow/dags/etl_airflow_dag.py
[2025-12-14T17:12:15.706+0000] {processor.py:914} INFO - Processing file /opt/airflow/dags/etl_airflow_dag.py for tasks to queue
[2025-12-14T17:12:15.712+0000] {logging_mixin.py:190} INFO - [2025-12-14T17:12:15.711+0000] {dagbag.py:588} INFO - Filling up the DagBag from /opt/airflow/dags/etl_airflow_dag.py
[2025-12-14T17:12:16.959+0000] {processor.py:925} INFO - DAG(s) 'etl_synthetic_events' retrieved from /opt/airflow/dags/etl_airflow_dag.py
[2025-12-14T17:12:17.015+0000] {logging_mixin.py:190} INFO - [2025-12-14T17:12:17.013+0000] {dag.py:3239} INFO - Sync 1 DAGs
[2025-12-14T17:12:17.061+0000] {logging_mixin.py:190} INFO - [2025-12-14T17:12:17.060+0000] {dag.py:4180} INFO - Setting next_dagrun for etl_synthetic_events to None, run_after=None
[2025-12-14T17:12:17.110+0000] {processor.py:208} INFO - Processing /opt/airflow/dags/etl_airflow_dag.py took 1.420 seconds
[2025-12-14T17:12:47.574+0000] {processor.py:186} INFO - Started process (PID=502) to work on /opt/airflow/dags/etl_airflow_dag.py
[2025-12-14T17:12:47.576+0000] {processor.py:914} INFO - Processing file /opt/airflow/dags/etl_airflow_dag.py for tasks to queue
[2025-12-14T17:12:47.583+0000] {logging_mixin.py:190} INFO - [2025-12-14T17:12:47.581+0000] {dagbag.py:588} INFO - Filling up the DagBag from /opt/airflow/dags/etl_airflow_dag.py
[2025-12-14T17:12:49.138+0000] {processor.py:925} INFO - DAG(s) 'etl_synthetic_events' retrieved from /opt/airflow/dags/etl_airflow_dag.py
[2025-12-14T17:12:49.221+0000] {logging_mixin.py:190} INFO - [2025-12-14T17:12:49.219+0000] {dag.py:3239} INFO - Sync 1 DAGs
[2025-12-14T17:12:49.270+0000] {logging_mixin.py:190} INFO - [2025-12-14T17:12:49.269+0000] {dag.py:4180} INFO - Setting next_dagrun for etl_synthetic_events to None, run_after=None
[2025-12-14T17:12:49.329+0000] {processor.py:208} INFO - Processing /opt/airflow/dags/etl_airflow_dag.py took 1.770 seconds
[2025-12-14T17:13:19.918+0000] {processor.py:186} INFO - Started process (PID=508) to work on /opt/airflow/dags/etl_airflow_dag.py
[2025-12-14T17:13:19.921+0000] {processor.py:914} INFO - Processing file /opt/airflow/dags/etl_airflow_dag.py for tasks to queue
[2025-12-14T17:13:19.927+0000] {logging_mixin.py:190} INFO - [2025-12-14T17:13:19.926+0000] {dagbag.py:588} INFO - Filling up the DagBag from /opt/airflow/dags/etl_airflow_dag.py
[2025-12-14T17:13:21.270+0000] {processor.py:925} INFO - DAG(s) 'etl_synthetic_events' retrieved from /opt/airflow/dags/etl_airflow_dag.py
[2025-12-14T17:13:21.332+0000] {logging_mixin.py:190} INFO - [2025-12-14T17:13:21.331+0000] {dag.py:3239} INFO - Sync 1 DAGs
[2025-12-14T17:13:21.373+0000] {logging_mixin.py:190} INFO - [2025-12-14T17:13:21.373+0000] {dag.py:4180} INFO - Setting next_dagrun for etl_synthetic_events to None, run_after=None
[2025-12-14T17:13:21.423+0000] {processor.py:208} INFO - Processing /opt/airflow/dags/etl_airflow_dag.py took 1.521 seconds
[2025-12-14T17:13:51.981+0000] {processor.py:186} INFO - Started process (PID=514) to work on /opt/airflow/dags/etl_airflow_dag.py
[2025-12-14T17:13:51.984+0000] {processor.py:914} INFO - Processing file /opt/airflow/dags/etl_airflow_dag.py for tasks to queue
[2025-12-14T17:13:51.990+0000] {logging_mixin.py:190} INFO - [2025-12-14T17:13:51.989+0000] {dagbag.py:588} INFO - Filling up the DagBag from /opt/airflow/dags/etl_airflow_dag.py
[2025-12-14T17:13:53.723+0000] {processor.py:925} INFO - DAG(s) 'etl_synthetic_events' retrieved from /opt/airflow/dags/etl_airflow_dag.py
[2025-12-14T17:13:53.787+0000] {logging_mixin.py:190} INFO - [2025-12-14T17:13:53.786+0000] {dag.py:3239} INFO - Sync 1 DAGs
[2025-12-14T17:13:53.830+0000] {logging_mixin.py:190} INFO - [2025-12-14T17:13:53.829+0000] {dag.py:4180} INFO - Setting next_dagrun for etl_synthetic_events to None, run_after=None
[2025-12-14T17:13:53.890+0000] {processor.py:208} INFO - Processing /opt/airflow/dags/etl_airflow_dag.py took 1.932 seconds
[2025-12-14T17:14:24.471+0000] {processor.py:186} INFO - Started process (PID=520) to work on /opt/airflow/dags/etl_airflow_dag.py
[2025-12-14T17:14:24.474+0000] {processor.py:914} INFO - Processing file /opt/airflow/dags/etl_airflow_dag.py for tasks to queue
[2025-12-14T17:14:24.480+0000] {logging_mixin.py:190} INFO - [2025-12-14T17:14:24.479+0000] {dagbag.py:588} INFO - Filling up the DagBag from /opt/airflow/dags/etl_airflow_dag.py
[2025-12-14T17:14:25.719+0000] {processor.py:925} INFO - DAG(s) 'etl_synthetic_events' retrieved from /opt/airflow/dags/etl_airflow_dag.py
[2025-12-14T17:14:25.779+0000] {logging_mixin.py:190} INFO - [2025-12-14T17:14:25.778+0000] {dag.py:3239} INFO - Sync 1 DAGs
[2025-12-14T17:14:25.812+0000] {logging_mixin.py:190} INFO - [2025-12-14T17:14:25.811+0000] {dag.py:4180} INFO - Setting next_dagrun for etl_synthetic_events to None, run_after=None
[2025-12-14T17:14:25.862+0000] {processor.py:208} INFO - Processing /opt/airflow/dags/etl_airflow_dag.py took 1.426 seconds
[2025-12-14T17:14:56.406+0000] {processor.py:186} INFO - Started process (PID=526) to work on /opt/airflow/dags/etl_airflow_dag.py
[2025-12-14T17:14:56.410+0000] {processor.py:914} INFO - Processing file /opt/airflow/dags/etl_airflow_dag.py for tasks to queue
[2025-12-14T17:14:56.415+0000] {logging_mixin.py:190} INFO - [2025-12-14T17:14:56.414+0000] {dagbag.py:588} INFO - Filling up the DagBag from /opt/airflow/dags/etl_airflow_dag.py
[2025-12-14T17:14:57.560+0000] {processor.py:925} INFO - DAG(s) 'etl_synthetic_events' retrieved from /opt/airflow/dags/etl_airflow_dag.py
[2025-12-14T17:14:57.613+0000] {logging_mixin.py:190} INFO - [2025-12-14T17:14:57.612+0000] {dag.py:3239} INFO - Sync 1 DAGs
[2025-12-14T17:14:57.640+0000] {logging_mixin.py:190} INFO - [2025-12-14T17:14:57.639+0000] {dag.py:4180} INFO - Setting next_dagrun for etl_synthetic_events to None, run_after=None
[2025-12-14T17:14:57.688+0000] {processor.py:208} INFO - Processing /opt/airflow/dags/etl_airflow_dag.py took 1.296 seconds
[2025-12-14T17:15:27.926+0000] {processor.py:186} INFO - Started process (PID=532) to work on /opt/airflow/dags/etl_airflow_dag.py
[2025-12-14T17:15:27.930+0000] {processor.py:914} INFO - Processing file /opt/airflow/dags/etl_airflow_dag.py for tasks to queue
[2025-12-14T17:15:27.936+0000] {logging_mixin.py:190} INFO - [2025-12-14T17:15:27.935+0000] {dagbag.py:588} INFO - Filling up the DagBag from /opt/airflow/dags/etl_airflow_dag.py
[2025-12-14T17:15:29.306+0000] {processor.py:925} INFO - DAG(s) 'etl_synthetic_events' retrieved from /opt/airflow/dags/etl_airflow_dag.py
[2025-12-14T17:15:29.361+0000] {logging_mixin.py:190} INFO - [2025-12-14T17:15:29.359+0000] {dag.py:3239} INFO - Sync 1 DAGs
[2025-12-14T17:15:29.395+0000] {logging_mixin.py:190} INFO - [2025-12-14T17:15:29.394+0000] {dag.py:4180} INFO - Setting next_dagrun for etl_synthetic_events to None, run_after=None
[2025-12-14T17:15:29.451+0000] {processor.py:208} INFO - Processing /opt/airflow/dags/etl_airflow_dag.py took 1.540 seconds
[2025-12-14T17:15:59.643+0000] {processor.py:186} INFO - Started process (PID=538) to work on /opt/airflow/dags/etl_airflow_dag.py
[2025-12-14T17:15:59.647+0000] {processor.py:914} INFO - Processing file /opt/airflow/dags/etl_airflow_dag.py for tasks to queue
[2025-12-14T17:15:59.656+0000] {logging_mixin.py:190} INFO - [2025-12-14T17:15:59.655+0000] {dagbag.py:588} INFO - Filling up the DagBag from /opt/airflow/dags/etl_airflow_dag.py
[2025-12-14T17:16:01.124+0000] {processor.py:925} INFO - DAG(s) 'etl_synthetic_events' retrieved from /opt/airflow/dags/etl_airflow_dag.py
[2025-12-14T17:16:01.206+0000] {logging_mixin.py:190} INFO - [2025-12-14T17:16:01.205+0000] {dag.py:3239} INFO - Sync 1 DAGs
[2025-12-14T17:16:01.262+0000] {logging_mixin.py:190} INFO - [2025-12-14T17:16:01.262+0000] {dag.py:4180} INFO - Setting next_dagrun for etl_synthetic_events to None, run_after=None
[2025-12-14T17:16:01.312+0000] {processor.py:208} INFO - Processing /opt/airflow/dags/etl_airflow_dag.py took 1.688 seconds
[2025-12-14T17:16:31.866+0000] {processor.py:186} INFO - Started process (PID=544) to work on /opt/airflow/dags/etl_airflow_dag.py
[2025-12-14T17:16:31.868+0000] {processor.py:914} INFO - Processing file /opt/airflow/dags/etl_airflow_dag.py for tasks to queue
[2025-12-14T17:16:31.875+0000] {logging_mixin.py:190} INFO - [2025-12-14T17:16:31.874+0000] {dagbag.py:588} INFO - Filling up the DagBag from /opt/airflow/dags/etl_airflow_dag.py
[2025-12-14T17:16:33.739+0000] {processor.py:925} INFO - DAG(s) 'etl_synthetic_events' retrieved from /opt/airflow/dags/etl_airflow_dag.py
[2025-12-14T17:16:33.791+0000] {logging_mixin.py:190} INFO - [2025-12-14T17:16:33.791+0000] {dag.py:3239} INFO - Sync 1 DAGs
[2025-12-14T17:16:33.820+0000] {logging_mixin.py:190} INFO - [2025-12-14T17:16:33.819+0000] {dag.py:4180} INFO - Setting next_dagrun for etl_synthetic_events to None, run_after=None
[2025-12-14T17:16:33.868+0000] {processor.py:208} INFO - Processing /opt/airflow/dags/etl_airflow_dag.py took 2.016 seconds
[2025-12-14T17:17:04.295+0000] {processor.py:186} INFO - Started process (PID=550) to work on /opt/airflow/dags/etl_airflow_dag.py
[2025-12-14T17:17:04.297+0000] {processor.py:914} INFO - Processing file /opt/airflow/dags/etl_airflow_dag.py for tasks to queue
[2025-12-14T17:17:04.304+0000] {logging_mixin.py:190} INFO - [2025-12-14T17:17:04.303+0000] {dagbag.py:588} INFO - Filling up the DagBag from /opt/airflow/dags/etl_airflow_dag.py
[2025-12-14T17:17:05.619+0000] {processor.py:925} INFO - DAG(s) 'etl_synthetic_events' retrieved from /opt/airflow/dags/etl_airflow_dag.py
[2025-12-14T17:17:05.667+0000] {logging_mixin.py:190} INFO - [2025-12-14T17:17:05.666+0000] {dag.py:3239} INFO - Sync 1 DAGs
[2025-12-14T17:17:05.692+0000] {logging_mixin.py:190} INFO - [2025-12-14T17:17:05.692+0000] {dag.py:4180} INFO - Setting next_dagrun for etl_synthetic_events to None, run_after=None
[2025-12-14T17:17:05.731+0000] {processor.py:208} INFO - Processing /opt/airflow/dags/etl_airflow_dag.py took 1.451 seconds
[2025-12-14T17:17:36.249+0000] {processor.py:186} INFO - Started process (PID=556) to work on /opt/airflow/dags/etl_airflow_dag.py
[2025-12-14T17:17:36.252+0000] {processor.py:914} INFO - Processing file /opt/airflow/dags/etl_airflow_dag.py for tasks to queue
[2025-12-14T17:17:36.258+0000] {logging_mixin.py:190} INFO - [2025-12-14T17:17:36.257+0000] {dagbag.py:588} INFO - Filling up the DagBag from /opt/airflow/dags/etl_airflow_dag.py
[2025-12-14T17:17:37.342+0000] {processor.py:925} INFO - DAG(s) 'etl_synthetic_events' retrieved from /opt/airflow/dags/etl_airflow_dag.py
[2025-12-14T17:17:37.394+0000] {logging_mixin.py:190} INFO - [2025-12-14T17:17:37.392+0000] {dag.py:3239} INFO - Sync 1 DAGs
[2025-12-14T17:17:37.426+0000] {logging_mixin.py:190} INFO - [2025-12-14T17:17:37.425+0000] {dag.py:4180} INFO - Setting next_dagrun for etl_synthetic_events to None, run_after=None
[2025-12-14T17:17:37.473+0000] {processor.py:208} INFO - Processing /opt/airflow/dags/etl_airflow_dag.py took 1.242 seconds
[2025-12-14T17:18:07.644+0000] {processor.py:186} INFO - Started process (PID=562) to work on /opt/airflow/dags/etl_airflow_dag.py
[2025-12-14T17:18:07.647+0000] {processor.py:914} INFO - Processing file /opt/airflow/dags/etl_airflow_dag.py for tasks to queue
[2025-12-14T17:18:07.652+0000] {logging_mixin.py:190} INFO - [2025-12-14T17:18:07.651+0000] {dagbag.py:588} INFO - Filling up the DagBag from /opt/airflow/dags/etl_airflow_dag.py
[2025-12-14T17:18:08.779+0000] {processor.py:925} INFO - DAG(s) 'etl_synthetic_events' retrieved from /opt/airflow/dags/etl_airflow_dag.py
[2025-12-14T17:18:08.831+0000] {logging_mixin.py:190} INFO - [2025-12-14T17:18:08.830+0000] {dag.py:3239} INFO - Sync 1 DAGs
[2025-12-14T17:18:08.862+0000] {logging_mixin.py:190} INFO - [2025-12-14T17:18:08.862+0000] {dag.py:4180} INFO - Setting next_dagrun for etl_synthetic_events to None, run_after=None
[2025-12-14T17:18:08.913+0000] {processor.py:208} INFO - Processing /opt/airflow/dags/etl_airflow_dag.py took 1.281 seconds
[2025-12-14T17:18:39.484+0000] {processor.py:186} INFO - Started process (PID=568) to work on /opt/airflow/dags/etl_airflow_dag.py
[2025-12-14T17:18:39.488+0000] {processor.py:914} INFO - Processing file /opt/airflow/dags/etl_airflow_dag.py for tasks to queue
[2025-12-14T17:18:39.495+0000] {logging_mixin.py:190} INFO - [2025-12-14T17:18:39.494+0000] {dagbag.py:588} INFO - Filling up the DagBag from /opt/airflow/dags/etl_airflow_dag.py
[2025-12-14T17:18:40.620+0000] {processor.py:925} INFO - DAG(s) 'etl_synthetic_events' retrieved from /opt/airflow/dags/etl_airflow_dag.py
[2025-12-14T17:18:40.695+0000] {logging_mixin.py:190} INFO - [2025-12-14T17:18:40.693+0000] {dag.py:3239} INFO - Sync 1 DAGs
[2025-12-14T17:18:40.720+0000] {logging_mixin.py:190} INFO - [2025-12-14T17:18:40.720+0000] {dag.py:4180} INFO - Setting next_dagrun for etl_synthetic_events to None, run_after=None
[2025-12-14T17:18:40.762+0000] {processor.py:208} INFO - Processing /opt/airflow/dags/etl_airflow_dag.py took 1.295 seconds
[2025-12-14T17:19:10.938+0000] {processor.py:186} INFO - Started process (PID=574) to work on /opt/airflow/dags/etl_airflow_dag.py
[2025-12-14T17:19:10.941+0000] {processor.py:914} INFO - Processing file /opt/airflow/dags/etl_airflow_dag.py for tasks to queue
[2025-12-14T17:19:10.947+0000] {logging_mixin.py:190} INFO - [2025-12-14T17:19:10.945+0000] {dagbag.py:588} INFO - Filling up the DagBag from /opt/airflow/dags/etl_airflow_dag.py
[2025-12-14T17:19:12.267+0000] {processor.py:925} INFO - DAG(s) 'etl_synthetic_events' retrieved from /opt/airflow/dags/etl_airflow_dag.py
[2025-12-14T17:19:12.337+0000] {logging_mixin.py:190} INFO - [2025-12-14T17:19:12.336+0000] {dag.py:3239} INFO - Sync 1 DAGs
[2025-12-14T17:19:12.370+0000] {logging_mixin.py:190} INFO - [2025-12-14T17:19:12.370+0000] {dag.py:4180} INFO - Setting next_dagrun for etl_synthetic_events to None, run_after=None
[2025-12-14T17:19:12.434+0000] {processor.py:208} INFO - Processing /opt/airflow/dags/etl_airflow_dag.py took 1.516 seconds
[2025-12-14T17:19:42.684+0000] {processor.py:186} INFO - Started process (PID=580) to work on /opt/airflow/dags/etl_airflow_dag.py
[2025-12-14T17:19:42.687+0000] {processor.py:914} INFO - Processing file /opt/airflow/dags/etl_airflow_dag.py for tasks to queue
[2025-12-14T17:19:42.693+0000] {logging_mixin.py:190} INFO - [2025-12-14T17:19:42.692+0000] {dagbag.py:588} INFO - Filling up the DagBag from /opt/airflow/dags/etl_airflow_dag.py
[2025-12-14T17:19:43.903+0000] {processor.py:925} INFO - DAG(s) 'etl_synthetic_events' retrieved from /opt/airflow/dags/etl_airflow_dag.py
[2025-12-14T17:19:43.956+0000] {logging_mixin.py:190} INFO - [2025-12-14T17:19:43.955+0000] {dag.py:3239} INFO - Sync 1 DAGs
[2025-12-14T17:19:43.982+0000] {logging_mixin.py:190} INFO - [2025-12-14T17:19:43.981+0000] {dag.py:4180} INFO - Setting next_dagrun for etl_synthetic_events to None, run_after=None
[2025-12-14T17:19:44.034+0000] {processor.py:208} INFO - Processing /opt/airflow/dags/etl_airflow_dag.py took 1.362 seconds
[2025-12-14T17:20:14.440+0000] {processor.py:186} INFO - Started process (PID=586) to work on /opt/airflow/dags/etl_airflow_dag.py
[2025-12-14T17:20:14.442+0000] {processor.py:914} INFO - Processing file /opt/airflow/dags/etl_airflow_dag.py for tasks to queue
[2025-12-14T17:20:14.448+0000] {logging_mixin.py:190} INFO - [2025-12-14T17:20:14.447+0000] {dagbag.py:588} INFO - Filling up the DagBag from /opt/airflow/dags/etl_airflow_dag.py
[2025-12-14T17:20:15.551+0000] {processor.py:925} INFO - DAG(s) 'etl_synthetic_events' retrieved from /opt/airflow/dags/etl_airflow_dag.py
[2025-12-14T17:20:15.600+0000] {logging_mixin.py:190} INFO - [2025-12-14T17:20:15.599+0000] {dag.py:3239} INFO - Sync 1 DAGs
[2025-12-14T17:20:15.628+0000] {logging_mixin.py:190} INFO - [2025-12-14T17:20:15.627+0000] {dag.py:4180} INFO - Setting next_dagrun for etl_synthetic_events to None, run_after=None
[2025-12-14T17:20:15.684+0000] {processor.py:208} INFO - Processing /opt/airflow/dags/etl_airflow_dag.py took 1.259 seconds
[2025-12-14T17:20:45.944+0000] {processor.py:186} INFO - Started process (PID=592) to work on /opt/airflow/dags/etl_airflow_dag.py
[2025-12-14T17:20:45.947+0000] {processor.py:914} INFO - Processing file /opt/airflow/dags/etl_airflow_dag.py for tasks to queue
[2025-12-14T17:20:45.954+0000] {logging_mixin.py:190} INFO - [2025-12-14T17:20:45.953+0000] {dagbag.py:588} INFO - Filling up the DagBag from /opt/airflow/dags/etl_airflow_dag.py
[2025-12-14T17:20:47.008+0000] {processor.py:925} INFO - DAG(s) 'etl_synthetic_events' retrieved from /opt/airflow/dags/etl_airflow_dag.py
[2025-12-14T17:20:47.063+0000] {logging_mixin.py:190} INFO - [2025-12-14T17:20:47.061+0000] {dag.py:3239} INFO - Sync 1 DAGs
[2025-12-14T17:20:47.089+0000] {logging_mixin.py:190} INFO - [2025-12-14T17:20:47.089+0000] {dag.py:4180} INFO - Setting next_dagrun for etl_synthetic_events to None, run_after=None
[2025-12-14T17:20:47.127+0000] {processor.py:208} INFO - Processing /opt/airflow/dags/etl_airflow_dag.py took 1.195 seconds
[2025-12-14T17:21:17.352+0000] {processor.py:186} INFO - Started process (PID=598) to work on /opt/airflow/dags/etl_airflow_dag.py
[2025-12-14T17:21:17.354+0000] {processor.py:914} INFO - Processing file /opt/airflow/dags/etl_airflow_dag.py for tasks to queue
[2025-12-14T17:21:17.359+0000] {logging_mixin.py:190} INFO - [2025-12-14T17:21:17.358+0000] {dagbag.py:588} INFO - Filling up the DagBag from /opt/airflow/dags/etl_airflow_dag.py
[2025-12-14T17:21:18.418+0000] {processor.py:925} INFO - DAG(s) 'etl_synthetic_events' retrieved from /opt/airflow/dags/etl_airflow_dag.py
[2025-12-14T17:21:18.464+0000] {logging_mixin.py:190} INFO - [2025-12-14T17:21:18.463+0000] {dag.py:3239} INFO - Sync 1 DAGs
[2025-12-14T17:21:18.488+0000] {logging_mixin.py:190} INFO - [2025-12-14T17:21:18.488+0000] {dag.py:4180} INFO - Setting next_dagrun for etl_synthetic_events to None, run_after=None
[2025-12-14T17:21:18.527+0000] {processor.py:208} INFO - Processing /opt/airflow/dags/etl_airflow_dag.py took 1.188 seconds
[2025-12-14T17:21:49.053+0000] {processor.py:186} INFO - Started process (PID=604) to work on /opt/airflow/dags/etl_airflow_dag.py
[2025-12-14T17:21:49.055+0000] {processor.py:914} INFO - Processing file /opt/airflow/dags/etl_airflow_dag.py for tasks to queue
[2025-12-14T17:21:49.062+0000] {logging_mixin.py:190} INFO - [2025-12-14T17:21:49.061+0000] {dagbag.py:588} INFO - Filling up the DagBag from /opt/airflow/dags/etl_airflow_dag.py
[2025-12-14T17:21:50.309+0000] {processor.py:925} INFO - DAG(s) 'etl_synthetic_events' retrieved from /opt/airflow/dags/etl_airflow_dag.py
[2025-12-14T17:21:50.355+0000] {logging_mixin.py:190} INFO - [2025-12-14T17:21:50.354+0000] {dag.py:3239} INFO - Sync 1 DAGs
[2025-12-14T17:21:50.382+0000] {logging_mixin.py:190} INFO - [2025-12-14T17:21:50.381+0000] {dag.py:4180} INFO - Setting next_dagrun for etl_synthetic_events to None, run_after=None
[2025-12-14T17:21:50.425+0000] {processor.py:208} INFO - Processing /opt/airflow/dags/etl_airflow_dag.py took 1.386 seconds
[2025-12-14T17:22:20.946+0000] {processor.py:186} INFO - Started process (PID=610) to work on /opt/airflow/dags/etl_airflow_dag.py
[2025-12-14T17:22:20.948+0000] {processor.py:914} INFO - Processing file /opt/airflow/dags/etl_airflow_dag.py for tasks to queue
[2025-12-14T17:22:20.954+0000] {logging_mixin.py:190} INFO - [2025-12-14T17:22:20.953+0000] {dagbag.py:588} INFO - Filling up the DagBag from /opt/airflow/dags/etl_airflow_dag.py
[2025-12-14T17:22:22.110+0000] {processor.py:925} INFO - DAG(s) 'etl_synthetic_events' retrieved from /opt/airflow/dags/etl_airflow_dag.py
[2025-12-14T17:22:22.156+0000] {logging_mixin.py:190} INFO - [2025-12-14T17:22:22.155+0000] {dag.py:3239} INFO - Sync 1 DAGs
[2025-12-14T17:22:22.182+0000] {logging_mixin.py:190} INFO - [2025-12-14T17:22:22.182+0000] {dag.py:4180} INFO - Setting next_dagrun for etl_synthetic_events to None, run_after=None
[2025-12-14T17:22:22.227+0000] {processor.py:208} INFO - Processing /opt/airflow/dags/etl_airflow_dag.py took 1.293 seconds
[2025-12-14T17:22:52.838+0000] {processor.py:186} INFO - Started process (PID=616) to work on /opt/airflow/dags/etl_airflow_dag.py
[2025-12-14T17:22:52.841+0000] {processor.py:914} INFO - Processing file /opt/airflow/dags/etl_airflow_dag.py for tasks to queue
[2025-12-14T17:22:52.846+0000] {logging_mixin.py:190} INFO - [2025-12-14T17:22:52.845+0000] {dagbag.py:588} INFO - Filling up the DagBag from /opt/airflow/dags/etl_airflow_dag.py
[2025-12-14T17:22:54.068+0000] {processor.py:925} INFO - DAG(s) 'etl_synthetic_events' retrieved from /opt/airflow/dags/etl_airflow_dag.py
[2025-12-14T17:22:54.117+0000] {logging_mixin.py:190} INFO - [2025-12-14T17:22:54.116+0000] {dag.py:3239} INFO - Sync 1 DAGs
[2025-12-14T17:22:54.143+0000] {logging_mixin.py:190} INFO - [2025-12-14T17:22:54.142+0000] {dag.py:4180} INFO - Setting next_dagrun for etl_synthetic_events to None, run_after=None
[2025-12-14T17:22:54.189+0000] {processor.py:208} INFO - Processing /opt/airflow/dags/etl_airflow_dag.py took 1.363 seconds
[2025-12-14T17:23:24.701+0000] {processor.py:186} INFO - Started process (PID=622) to work on /opt/airflow/dags/etl_airflow_dag.py
[2025-12-14T17:23:24.707+0000] {processor.py:914} INFO - Processing file /opt/airflow/dags/etl_airflow_dag.py for tasks to queue
[2025-12-14T17:23:24.714+0000] {logging_mixin.py:190} INFO - [2025-12-14T17:23:24.713+0000] {dagbag.py:588} INFO - Filling up the DagBag from /opt/airflow/dags/etl_airflow_dag.py
[2025-12-14T17:23:25.831+0000] {processor.py:925} INFO - DAG(s) 'etl_synthetic_events' retrieved from /opt/airflow/dags/etl_airflow_dag.py
[2025-12-14T17:23:25.878+0000] {logging_mixin.py:190} INFO - [2025-12-14T17:23:25.877+0000] {dag.py:3239} INFO - Sync 1 DAGs
[2025-12-14T17:23:25.903+0000] {logging_mixin.py:190} INFO - [2025-12-14T17:23:25.903+0000] {dag.py:4180} INFO - Setting next_dagrun for etl_synthetic_events to None, run_after=None
[2025-12-14T17:23:25.944+0000] {processor.py:208} INFO - Processing /opt/airflow/dags/etl_airflow_dag.py took 1.260 seconds
[2025-12-14T17:23:56.206+0000] {processor.py:186} INFO - Started process (PID=628) to work on /opt/airflow/dags/etl_airflow_dag.py
[2025-12-14T17:23:56.208+0000] {processor.py:914} INFO - Processing file /opt/airflow/dags/etl_airflow_dag.py for tasks to queue
[2025-12-14T17:23:56.215+0000] {logging_mixin.py:190} INFO - [2025-12-14T17:23:56.214+0000] {dagbag.py:588} INFO - Filling up the DagBag from /opt/airflow/dags/etl_airflow_dag.py
[2025-12-14T17:23:57.349+0000] {processor.py:925} INFO - DAG(s) 'etl_synthetic_events' retrieved from /opt/airflow/dags/etl_airflow_dag.py
[2025-12-14T17:23:57.409+0000] {logging_mixin.py:190} INFO - [2025-12-14T17:23:57.408+0000] {dag.py:3239} INFO - Sync 1 DAGs
[2025-12-14T17:23:57.439+0000] {logging_mixin.py:190} INFO - [2025-12-14T17:23:57.438+0000] {dag.py:4180} INFO - Setting next_dagrun for etl_synthetic_events to None, run_after=None
[2025-12-14T17:23:57.477+0000] {processor.py:208} INFO - Processing /opt/airflow/dags/etl_airflow_dag.py took 1.287 seconds
[2025-12-14T17:24:27.838+0000] {processor.py:186} INFO - Started process (PID=634) to work on /opt/airflow/dags/etl_airflow_dag.py
[2025-12-14T17:24:27.840+0000] {processor.py:914} INFO - Processing file /opt/airflow/dags/etl_airflow_dag.py for tasks to queue
[2025-12-14T17:24:27.845+0000] {logging_mixin.py:190} INFO - [2025-12-14T17:24:27.845+0000] {dagbag.py:588} INFO - Filling up the DagBag from /opt/airflow/dags/etl_airflow_dag.py
[2025-12-14T17:24:28.857+0000] {processor.py:925} INFO - DAG(s) 'etl_synthetic_events' retrieved from /opt/airflow/dags/etl_airflow_dag.py
[2025-12-14T17:24:28.907+0000] {logging_mixin.py:190} INFO - [2025-12-14T17:24:28.906+0000] {dag.py:3239} INFO - Sync 1 DAGs
[2025-12-14T17:24:28.934+0000] {logging_mixin.py:190} INFO - [2025-12-14T17:24:28.933+0000] {dag.py:4180} INFO - Setting next_dagrun for etl_synthetic_events to None, run_after=None
[2025-12-14T17:24:28.978+0000] {processor.py:208} INFO - Processing /opt/airflow/dags/etl_airflow_dag.py took 1.152 seconds
[2025-12-14T17:24:59.376+0000] {processor.py:186} INFO - Started process (PID=640) to work on /opt/airflow/dags/etl_airflow_dag.py
[2025-12-14T17:24:59.379+0000] {processor.py:914} INFO - Processing file /opt/airflow/dags/etl_airflow_dag.py for tasks to queue
[2025-12-14T17:24:59.385+0000] {logging_mixin.py:190} INFO - [2025-12-14T17:24:59.384+0000] {dagbag.py:588} INFO - Filling up the DagBag from /opt/airflow/dags/etl_airflow_dag.py
[2025-12-14T17:25:00.567+0000] {processor.py:925} INFO - DAG(s) 'etl_synthetic_events' retrieved from /opt/airflow/dags/etl_airflow_dag.py
[2025-12-14T17:25:00.618+0000] {logging_mixin.py:190} INFO - [2025-12-14T17:25:00.617+0000] {dag.py:3239} INFO - Sync 1 DAGs
[2025-12-14T17:25:00.643+0000] {logging_mixin.py:190} INFO - [2025-12-14T17:25:00.643+0000] {dag.py:4180} INFO - Setting next_dagrun for etl_synthetic_events to None, run_after=None
[2025-12-14T17:25:00.692+0000] {processor.py:208} INFO - Processing /opt/airflow/dags/etl_airflow_dag.py took 1.331 seconds
[2025-12-14T17:25:30.874+0000] {processor.py:186} INFO - Started process (PID=646) to work on /opt/airflow/dags/etl_airflow_dag.py
[2025-12-14T17:25:30.876+0000] {processor.py:914} INFO - Processing file /opt/airflow/dags/etl_airflow_dag.py for tasks to queue
[2025-12-14T17:25:30.881+0000] {logging_mixin.py:190} INFO - [2025-12-14T17:25:30.881+0000] {dagbag.py:588} INFO - Filling up the DagBag from /opt/airflow/dags/etl_airflow_dag.py
[2025-12-14T17:25:31.954+0000] {processor.py:925} INFO - DAG(s) 'etl_synthetic_events' retrieved from /opt/airflow/dags/etl_airflow_dag.py
[2025-12-14T17:25:32.003+0000] {logging_mixin.py:190} INFO - [2025-12-14T17:25:32.001+0000] {dag.py:3239} INFO - Sync 1 DAGs
[2025-12-14T17:25:32.027+0000] {logging_mixin.py:190} INFO - [2025-12-14T17:25:32.027+0000] {dag.py:4180} INFO - Setting next_dagrun for etl_synthetic_events to None, run_after=None
[2025-12-14T17:25:32.074+0000] {processor.py:208} INFO - Processing /opt/airflow/dags/etl_airflow_dag.py took 1.212 seconds
[2025-12-14T17:26:02.348+0000] {processor.py:186} INFO - Started process (PID=652) to work on /opt/airflow/dags/etl_airflow_dag.py
[2025-12-14T17:26:02.351+0000] {processor.py:914} INFO - Processing file /opt/airflow/dags/etl_airflow_dag.py for tasks to queue
[2025-12-14T17:26:02.356+0000] {logging_mixin.py:190} INFO - [2025-12-14T17:26:02.356+0000] {dagbag.py:588} INFO - Filling up the DagBag from /opt/airflow/dags/etl_airflow_dag.py
[2025-12-14T17:26:03.647+0000] {processor.py:925} INFO - DAG(s) 'etl_synthetic_events' retrieved from /opt/airflow/dags/etl_airflow_dag.py
[2025-12-14T17:26:03.708+0000] {logging_mixin.py:190} INFO - [2025-12-14T17:26:03.707+0000] {dag.py:3239} INFO - Sync 1 DAGs
[2025-12-14T17:26:03.738+0000] {logging_mixin.py:190} INFO - [2025-12-14T17:26:03.737+0000] {dag.py:4180} INFO - Setting next_dagrun for etl_synthetic_events to None, run_after=None
[2025-12-14T17:26:03.786+0000] {processor.py:208} INFO - Processing /opt/airflow/dags/etl_airflow_dag.py took 1.453 seconds
[2025-12-14T17:26:33.979+0000] {processor.py:186} INFO - Started process (PID=658) to work on /opt/airflow/dags/etl_airflow_dag.py
[2025-12-14T17:26:33.981+0000] {processor.py:914} INFO - Processing file /opt/airflow/dags/etl_airflow_dag.py for tasks to queue
[2025-12-14T17:26:33.987+0000] {logging_mixin.py:190} INFO - [2025-12-14T17:26:33.986+0000] {dagbag.py:588} INFO - Filling up the DagBag from /opt/airflow/dags/etl_airflow_dag.py
[2025-12-14T17:26:35.155+0000] {processor.py:925} INFO - DAG(s) 'etl_synthetic_events' retrieved from /opt/airflow/dags/etl_airflow_dag.py
[2025-12-14T17:26:35.207+0000] {logging_mixin.py:190} INFO - [2025-12-14T17:26:35.206+0000] {dag.py:3239} INFO - Sync 1 DAGs
[2025-12-14T17:26:35.239+0000] {logging_mixin.py:190} INFO - [2025-12-14T17:26:35.238+0000] {dag.py:4180} INFO - Setting next_dagrun for etl_synthetic_events to None, run_after=None
[2025-12-14T17:26:35.289+0000] {processor.py:208} INFO - Processing /opt/airflow/dags/etl_airflow_dag.py took 1.325 seconds
[2025-12-14T17:27:05.665+0000] {processor.py:186} INFO - Started process (PID=664) to work on /opt/airflow/dags/etl_airflow_dag.py
[2025-12-14T17:27:05.668+0000] {processor.py:914} INFO - Processing file /opt/airflow/dags/etl_airflow_dag.py for tasks to queue
[2025-12-14T17:27:05.674+0000] {logging_mixin.py:190} INFO - [2025-12-14T17:27:05.673+0000] {dagbag.py:588} INFO - Filling up the DagBag from /opt/airflow/dags/etl_airflow_dag.py
[2025-12-14T17:27:06.847+0000] {processor.py:925} INFO - DAG(s) 'etl_synthetic_events' retrieved from /opt/airflow/dags/etl_airflow_dag.py
[2025-12-14T17:27:06.913+0000] {logging_mixin.py:190} INFO - [2025-12-14T17:27:06.913+0000] {dag.py:3239} INFO - Sync 1 DAGs
[2025-12-14T17:27:06.985+0000] {logging_mixin.py:190} INFO - [2025-12-14T17:27:06.981+0000] {dag.py:4180} INFO - Setting next_dagrun for etl_synthetic_events to None, run_after=None
[2025-12-14T17:27:07.067+0000] {processor.py:208} INFO - Processing /opt/airflow/dags/etl_airflow_dag.py took 1.420 seconds
[2025-12-14T17:27:37.591+0000] {processor.py:186} INFO - Started process (PID=670) to work on /opt/airflow/dags/etl_airflow_dag.py
[2025-12-14T17:27:37.594+0000] {processor.py:914} INFO - Processing file /opt/airflow/dags/etl_airflow_dag.py for tasks to queue
[2025-12-14T17:27:37.599+0000] {logging_mixin.py:190} INFO - [2025-12-14T17:27:37.598+0000] {dagbag.py:588} INFO - Filling up the DagBag from /opt/airflow/dags/etl_airflow_dag.py
[2025-12-14T17:27:38.612+0000] {processor.py:925} INFO - DAG(s) 'etl_synthetic_events' retrieved from /opt/airflow/dags/etl_airflow_dag.py
[2025-12-14T17:27:38.665+0000] {logging_mixin.py:190} INFO - [2025-12-14T17:27:38.664+0000] {dag.py:3239} INFO - Sync 1 DAGs
[2025-12-14T17:27:38.692+0000] {logging_mixin.py:190} INFO - [2025-12-14T17:27:38.691+0000] {dag.py:4180} INFO - Setting next_dagrun for etl_synthetic_events to None, run_after=None
[2025-12-14T17:27:38.744+0000] {processor.py:208} INFO - Processing /opt/airflow/dags/etl_airflow_dag.py took 1.165 seconds
[2025-12-14T17:28:09.056+0000] {processor.py:186} INFO - Started process (PID=676) to work on /opt/airflow/dags/etl_airflow_dag.py
[2025-12-14T17:28:09.059+0000] {processor.py:914} INFO - Processing file /opt/airflow/dags/etl_airflow_dag.py for tasks to queue
[2025-12-14T17:28:09.064+0000] {logging_mixin.py:190} INFO - [2025-12-14T17:28:09.064+0000] {dagbag.py:588} INFO - Filling up the DagBag from /opt/airflow/dags/etl_airflow_dag.py
[2025-12-14T17:28:10.155+0000] {processor.py:925} INFO - DAG(s) 'etl_synthetic_events' retrieved from /opt/airflow/dags/etl_airflow_dag.py
[2025-12-14T17:28:10.200+0000] {logging_mixin.py:190} INFO - [2025-12-14T17:28:10.199+0000] {dag.py:3239} INFO - Sync 1 DAGs
[2025-12-14T17:28:10.231+0000] {logging_mixin.py:190} INFO - [2025-12-14T17:28:10.230+0000] {dag.py:4180} INFO - Setting next_dagrun for etl_synthetic_events to None, run_after=None
[2025-12-14T17:28:10.276+0000] {processor.py:208} INFO - Processing /opt/airflow/dags/etl_airflow_dag.py took 1.234 seconds
[2025-12-14T17:28:40.676+0000] {processor.py:186} INFO - Started process (PID=682) to work on /opt/airflow/dags/etl_airflow_dag.py
[2025-12-14T17:28:40.679+0000] {processor.py:914} INFO - Processing file /opt/airflow/dags/etl_airflow_dag.py for tasks to queue
[2025-12-14T17:28:40.684+0000] {logging_mixin.py:190} INFO - [2025-12-14T17:28:40.683+0000] {dagbag.py:588} INFO - Filling up the DagBag from /opt/airflow/dags/etl_airflow_dag.py
[2025-12-14T17:28:41.742+0000] {processor.py:925} INFO - DAG(s) 'etl_synthetic_events' retrieved from /opt/airflow/dags/etl_airflow_dag.py
[2025-12-14T17:28:41.789+0000] {logging_mixin.py:190} INFO - [2025-12-14T17:28:41.788+0000] {dag.py:3239} INFO - Sync 1 DAGs
[2025-12-14T17:28:41.816+0000] {logging_mixin.py:190} INFO - [2025-12-14T17:28:41.816+0000] {dag.py:4180} INFO - Setting next_dagrun for etl_synthetic_events to None, run_after=None
[2025-12-14T17:28:41.861+0000] {processor.py:208} INFO - Processing /opt/airflow/dags/etl_airflow_dag.py took 1.198 seconds
[2025-12-14T17:29:12.168+0000] {processor.py:186} INFO - Started process (PID=688) to work on /opt/airflow/dags/etl_airflow_dag.py
[2025-12-14T17:29:12.170+0000] {processor.py:914} INFO - Processing file /opt/airflow/dags/etl_airflow_dag.py for tasks to queue
[2025-12-14T17:29:12.176+0000] {logging_mixin.py:190} INFO - [2025-12-14T17:29:12.175+0000] {dagbag.py:588} INFO - Filling up the DagBag from /opt/airflow/dags/etl_airflow_dag.py
[2025-12-14T17:29:13.370+0000] {processor.py:925} INFO - DAG(s) 'etl_synthetic_events' retrieved from /opt/airflow/dags/etl_airflow_dag.py
[2025-12-14T17:29:13.423+0000] {logging_mixin.py:190} INFO - [2025-12-14T17:29:13.422+0000] {dag.py:3239} INFO - Sync 1 DAGs
[2025-12-14T17:29:13.450+0000] {logging_mixin.py:190} INFO - [2025-12-14T17:29:13.449+0000] {dag.py:4180} INFO - Setting next_dagrun for etl_synthetic_events to None, run_after=None
[2025-12-14T17:29:13.500+0000] {processor.py:208} INFO - Processing /opt/airflow/dags/etl_airflow_dag.py took 1.347 seconds
[2025-12-14T17:29:43.798+0000] {processor.py:186} INFO - Started process (PID=694) to work on /opt/airflow/dags/etl_airflow_dag.py
[2025-12-14T17:29:43.802+0000] {processor.py:914} INFO - Processing file /opt/airflow/dags/etl_airflow_dag.py for tasks to queue
[2025-12-14T17:29:43.815+0000] {logging_mixin.py:190} INFO - [2025-12-14T17:29:43.814+0000] {dagbag.py:588} INFO - Filling up the DagBag from /opt/airflow/dags/etl_airflow_dag.py
[2025-12-14T17:29:45.094+0000] {processor.py:925} INFO - DAG(s) 'etl_synthetic_events' retrieved from /opt/airflow/dags/etl_airflow_dag.py
[2025-12-14T17:29:45.141+0000] {logging_mixin.py:190} INFO - [2025-12-14T17:29:45.140+0000] {dag.py:3239} INFO - Sync 1 DAGs
[2025-12-14T17:29:45.166+0000] {logging_mixin.py:190} INFO - [2025-12-14T17:29:45.166+0000] {dag.py:4180} INFO - Setting next_dagrun for etl_synthetic_events to None, run_after=None
[2025-12-14T17:29:45.213+0000] {processor.py:208} INFO - Processing /opt/airflow/dags/etl_airflow_dag.py took 1.443 seconds
[2025-12-14T17:30:15.463+0000] {processor.py:186} INFO - Started process (PID=700) to work on /opt/airflow/dags/etl_airflow_dag.py
[2025-12-14T17:30:15.466+0000] {processor.py:914} INFO - Processing file /opt/airflow/dags/etl_airflow_dag.py for tasks to queue
[2025-12-14T17:30:15.472+0000] {logging_mixin.py:190} INFO - [2025-12-14T17:30:15.470+0000] {dagbag.py:588} INFO - Filling up the DagBag from /opt/airflow/dags/etl_airflow_dag.py
[2025-12-14T17:30:16.590+0000] {processor.py:925} INFO - DAG(s) 'etl_synthetic_events' retrieved from /opt/airflow/dags/etl_airflow_dag.py
[2025-12-14T17:30:16.642+0000] {logging_mixin.py:190} INFO - [2025-12-14T17:30:16.641+0000] {dag.py:3239} INFO - Sync 1 DAGs
[2025-12-14T17:30:16.674+0000] {logging_mixin.py:190} INFO - [2025-12-14T17:30:16.673+0000] {dag.py:4180} INFO - Setting next_dagrun for etl_synthetic_events to None, run_after=None
[2025-12-14T17:30:16.721+0000] {processor.py:208} INFO - Processing /opt/airflow/dags/etl_airflow_dag.py took 1.283 seconds
[2025-12-14T17:30:47.218+0000] {processor.py:186} INFO - Started process (PID=706) to work on /opt/airflow/dags/etl_airflow_dag.py
[2025-12-14T17:30:47.221+0000] {processor.py:914} INFO - Processing file /opt/airflow/dags/etl_airflow_dag.py for tasks to queue
[2025-12-14T17:30:47.226+0000] {logging_mixin.py:190} INFO - [2025-12-14T17:30:47.226+0000] {dagbag.py:588} INFO - Filling up the DagBag from /opt/airflow/dags/etl_airflow_dag.py
[2025-12-14T17:30:48.359+0000] {processor.py:925} INFO - DAG(s) 'etl_synthetic_events' retrieved from /opt/airflow/dags/etl_airflow_dag.py
[2025-12-14T17:30:48.407+0000] {logging_mixin.py:190} INFO - [2025-12-14T17:30:48.406+0000] {dag.py:3239} INFO - Sync 1 DAGs
[2025-12-14T17:30:48.441+0000] {logging_mixin.py:190} INFO - [2025-12-14T17:30:48.441+0000] {dag.py:4180} INFO - Setting next_dagrun for etl_synthetic_events to None, run_after=None
[2025-12-14T17:30:48.487+0000] {processor.py:208} INFO - Processing /opt/airflow/dags/etl_airflow_dag.py took 1.282 seconds
[2025-12-14T17:31:18.664+0000] {processor.py:186} INFO - Started process (PID=712) to work on /opt/airflow/dags/etl_airflow_dag.py
[2025-12-14T17:31:18.666+0000] {processor.py:914} INFO - Processing file /opt/airflow/dags/etl_airflow_dag.py for tasks to queue
[2025-12-14T17:31:18.672+0000] {logging_mixin.py:190} INFO - [2025-12-14T17:31:18.671+0000] {dagbag.py:588} INFO - Filling up the DagBag from /opt/airflow/dags/etl_airflow_dag.py
[2025-12-14T17:31:20.017+0000] {processor.py:925} INFO - DAG(s) 'etl_synthetic_events' retrieved from /opt/airflow/dags/etl_airflow_dag.py
[2025-12-14T17:31:20.080+0000] {logging_mixin.py:190} INFO - [2025-12-14T17:31:20.080+0000] {dag.py:3239} INFO - Sync 1 DAGs
[2025-12-14T17:31:20.107+0000] {logging_mixin.py:190} INFO - [2025-12-14T17:31:20.106+0000] {dag.py:4180} INFO - Setting next_dagrun for etl_synthetic_events to None, run_after=None
[2025-12-14T17:31:20.155+0000] {processor.py:208} INFO - Processing /opt/airflow/dags/etl_airflow_dag.py took 1.506 seconds
[2025-12-14T17:31:50.570+0000] {processor.py:186} INFO - Started process (PID=718) to work on /opt/airflow/dags/etl_airflow_dag.py
[2025-12-14T17:31:50.573+0000] {processor.py:914} INFO - Processing file /opt/airflow/dags/etl_airflow_dag.py for tasks to queue
[2025-12-14T17:31:50.580+0000] {logging_mixin.py:190} INFO - [2025-12-14T17:31:50.579+0000] {dagbag.py:588} INFO - Filling up the DagBag from /opt/airflow/dags/etl_airflow_dag.py
[2025-12-14T17:31:52.013+0000] {processor.py:925} INFO - DAG(s) 'etl_synthetic_events' retrieved from /opt/airflow/dags/etl_airflow_dag.py
[2025-12-14T17:31:52.085+0000] {logging_mixin.py:190} INFO - [2025-12-14T17:31:52.083+0000] {dag.py:3239} INFO - Sync 1 DAGs
[2025-12-14T17:31:52.120+0000] {logging_mixin.py:190} INFO - [2025-12-14T17:31:52.119+0000] {dag.py:4180} INFO - Setting next_dagrun for etl_synthetic_events to None, run_after=None
[2025-12-14T17:31:52.189+0000] {processor.py:208} INFO - Processing /opt/airflow/dags/etl_airflow_dag.py took 1.640 seconds
[2025-12-14T17:32:22.774+0000] {processor.py:186} INFO - Started process (PID=724) to work on /opt/airflow/dags/etl_airflow_dag.py
[2025-12-14T17:32:22.777+0000] {processor.py:914} INFO - Processing file /opt/airflow/dags/etl_airflow_dag.py for tasks to queue
[2025-12-14T17:32:22.783+0000] {logging_mixin.py:190} INFO - [2025-12-14T17:32:22.782+0000] {dagbag.py:588} INFO - Filling up the DagBag from /opt/airflow/dags/etl_airflow_dag.py
[2025-12-14T17:32:24.086+0000] {processor.py:925} INFO - DAG(s) 'etl_synthetic_events' retrieved from /opt/airflow/dags/etl_airflow_dag.py
[2025-12-14T17:32:24.155+0000] {logging_mixin.py:190} INFO - [2025-12-14T17:32:24.154+0000] {dag.py:3239} INFO - Sync 1 DAGs
[2025-12-14T17:32:24.184+0000] {logging_mixin.py:190} INFO - [2025-12-14T17:32:24.184+0000] {dag.py:4180} INFO - Setting next_dagrun for etl_synthetic_events to None, run_after=None
[2025-12-14T17:32:24.230+0000] {processor.py:208} INFO - Processing /opt/airflow/dags/etl_airflow_dag.py took 1.474 seconds
[2025-12-14T17:32:54.498+0000] {processor.py:186} INFO - Started process (PID=730) to work on /opt/airflow/dags/etl_airflow_dag.py
[2025-12-14T17:32:54.501+0000] {processor.py:914} INFO - Processing file /opt/airflow/dags/etl_airflow_dag.py for tasks to queue
[2025-12-14T17:32:54.506+0000] {logging_mixin.py:190} INFO - [2025-12-14T17:32:54.505+0000] {dagbag.py:588} INFO - Filling up the DagBag from /opt/airflow/dags/etl_airflow_dag.py
[2025-12-14T17:32:55.622+0000] {processor.py:925} INFO - DAG(s) 'etl_synthetic_events' retrieved from /opt/airflow/dags/etl_airflow_dag.py
[2025-12-14T17:32:55.669+0000] {logging_mixin.py:190} INFO - [2025-12-14T17:32:55.668+0000] {dag.py:3239} INFO - Sync 1 DAGs
[2025-12-14T17:32:55.699+0000] {logging_mixin.py:190} INFO - [2025-12-14T17:32:55.698+0000] {dag.py:4180} INFO - Setting next_dagrun for etl_synthetic_events to None, run_after=None
[2025-12-14T17:32:55.748+0000] {processor.py:208} INFO - Processing /opt/airflow/dags/etl_airflow_dag.py took 1.266 seconds
[2025-12-14T17:33:26.113+0000] {processor.py:186} INFO - Started process (PID=736) to work on /opt/airflow/dags/etl_airflow_dag.py
[2025-12-14T17:33:26.115+0000] {processor.py:914} INFO - Processing file /opt/airflow/dags/etl_airflow_dag.py for tasks to queue
[2025-12-14T17:33:26.121+0000] {logging_mixin.py:190} INFO - [2025-12-14T17:33:26.120+0000] {dagbag.py:588} INFO - Filling up the DagBag from /opt/airflow/dags/etl_airflow_dag.py
[2025-12-14T17:33:27.164+0000] {processor.py:925} INFO - DAG(s) 'etl_synthetic_events' retrieved from /opt/airflow/dags/etl_airflow_dag.py
[2025-12-14T17:33:27.217+0000] {logging_mixin.py:190} INFO - [2025-12-14T17:33:27.216+0000] {dag.py:3239} INFO - Sync 1 DAGs
[2025-12-14T17:33:27.242+0000] {logging_mixin.py:190} INFO - [2025-12-14T17:33:27.241+0000] {dag.py:4180} INFO - Setting next_dagrun for etl_synthetic_events to None, run_after=None
[2025-12-14T17:33:27.279+0000] {processor.py:208} INFO - Processing /opt/airflow/dags/etl_airflow_dag.py took 1.181 seconds
[2025-12-14T17:33:57.678+0000] {processor.py:186} INFO - Started process (PID=742) to work on /opt/airflow/dags/etl_airflow_dag.py
[2025-12-14T17:33:57.680+0000] {processor.py:914} INFO - Processing file /opt/airflow/dags/etl_airflow_dag.py for tasks to queue
[2025-12-14T17:33:57.687+0000] {logging_mixin.py:190} INFO - [2025-12-14T17:33:57.686+0000] {dagbag.py:588} INFO - Filling up the DagBag from /opt/airflow/dags/etl_airflow_dag.py
[2025-12-14T17:33:58.766+0000] {processor.py:925} INFO - DAG(s) 'etl_synthetic_events' retrieved from /opt/airflow/dags/etl_airflow_dag.py
[2025-12-14T17:33:58.819+0000] {logging_mixin.py:190} INFO - [2025-12-14T17:33:58.817+0000] {dag.py:3239} INFO - Sync 1 DAGs
[2025-12-14T17:33:58.844+0000] {logging_mixin.py:190} INFO - [2025-12-14T17:33:58.843+0000] {dag.py:4180} INFO - Setting next_dagrun for etl_synthetic_events to None, run_after=None
[2025-12-14T17:33:58.894+0000] {processor.py:208} INFO - Processing /opt/airflow/dags/etl_airflow_dag.py took 1.232 seconds
[2025-12-14T17:34:29.180+0000] {processor.py:186} INFO - Started process (PID=748) to work on /opt/airflow/dags/etl_airflow_dag.py
[2025-12-14T17:34:29.182+0000] {processor.py:914} INFO - Processing file /opt/airflow/dags/etl_airflow_dag.py for tasks to queue
[2025-12-14T17:34:29.189+0000] {logging_mixin.py:190} INFO - [2025-12-14T17:34:29.188+0000] {dagbag.py:588} INFO - Filling up the DagBag from /opt/airflow/dags/etl_airflow_dag.py
[2025-12-14T17:34:30.251+0000] {processor.py:925} INFO - DAG(s) 'etl_synthetic_events' retrieved from /opt/airflow/dags/etl_airflow_dag.py
[2025-12-14T17:34:30.297+0000] {logging_mixin.py:190} INFO - [2025-12-14T17:34:30.296+0000] {dag.py:3239} INFO - Sync 1 DAGs
[2025-12-14T17:34:30.324+0000] {logging_mixin.py:190} INFO - [2025-12-14T17:34:30.323+0000] {dag.py:4180} INFO - Setting next_dagrun for etl_synthetic_events to None, run_after=None
[2025-12-14T17:34:30.373+0000] {processor.py:208} INFO - Processing /opt/airflow/dags/etl_airflow_dag.py took 1.208 seconds
[2025-12-14T17:35:00.793+0000] {processor.py:186} INFO - Started process (PID=754) to work on /opt/airflow/dags/etl_airflow_dag.py
[2025-12-14T17:35:00.796+0000] {processor.py:914} INFO - Processing file /opt/airflow/dags/etl_airflow_dag.py for tasks to queue
[2025-12-14T17:35:00.802+0000] {logging_mixin.py:190} INFO - [2025-12-14T17:35:00.801+0000] {dagbag.py:588} INFO - Filling up the DagBag from /opt/airflow/dags/etl_airflow_dag.py
[2025-12-14T17:35:01.908+0000] {processor.py:925} INFO - DAG(s) 'etl_synthetic_events' retrieved from /opt/airflow/dags/etl_airflow_dag.py
[2025-12-14T17:35:01.951+0000] {logging_mixin.py:190} INFO - [2025-12-14T17:35:01.950+0000] {dag.py:3239} INFO - Sync 1 DAGs
[2025-12-14T17:35:01.975+0000] {logging_mixin.py:190} INFO - [2025-12-14T17:35:01.975+0000] {dag.py:4180} INFO - Setting next_dagrun for etl_synthetic_events to None, run_after=None
[2025-12-14T17:35:02.019+0000] {processor.py:208} INFO - Processing /opt/airflow/dags/etl_airflow_dag.py took 1.240 seconds
[2025-12-14T17:35:32.346+0000] {processor.py:186} INFO - Started process (PID=760) to work on /opt/airflow/dags/etl_airflow_dag.py
[2025-12-14T17:35:32.349+0000] {processor.py:914} INFO - Processing file /opt/airflow/dags/etl_airflow_dag.py for tasks to queue
[2025-12-14T17:35:32.354+0000] {logging_mixin.py:190} INFO - [2025-12-14T17:35:32.353+0000] {dagbag.py:588} INFO - Filling up the DagBag from /opt/airflow/dags/etl_airflow_dag.py
[2025-12-14T17:35:33.483+0000] {processor.py:925} INFO - DAG(s) 'etl_synthetic_events' retrieved from /opt/airflow/dags/etl_airflow_dag.py
[2025-12-14T17:35:33.536+0000] {logging_mixin.py:190} INFO - [2025-12-14T17:35:33.535+0000] {dag.py:3239} INFO - Sync 1 DAGs
[2025-12-14T17:35:33.561+0000] {logging_mixin.py:190} INFO - [2025-12-14T17:35:33.560+0000] {dag.py:4180} INFO - Setting next_dagrun for etl_synthetic_events to None, run_after=None
[2025-12-14T17:35:33.601+0000] {processor.py:208} INFO - Processing /opt/airflow/dags/etl_airflow_dag.py took 1.267 seconds
[2025-12-14T17:36:04.052+0000] {processor.py:186} INFO - Started process (PID=766) to work on /opt/airflow/dags/etl_airflow_dag.py
[2025-12-14T17:36:04.056+0000] {processor.py:914} INFO - Processing file /opt/airflow/dags/etl_airflow_dag.py for tasks to queue
[2025-12-14T17:36:04.063+0000] {logging_mixin.py:190} INFO - [2025-12-14T17:36:04.062+0000] {dagbag.py:588} INFO - Filling up the DagBag from /opt/airflow/dags/etl_airflow_dag.py
[2025-12-14T17:36:05.200+0000] {processor.py:925} INFO - DAG(s) 'etl_synthetic_events' retrieved from /opt/airflow/dags/etl_airflow_dag.py
[2025-12-14T17:36:05.254+0000] {logging_mixin.py:190} INFO - [2025-12-14T17:36:05.252+0000] {dag.py:3239} INFO - Sync 1 DAGs
[2025-12-14T17:36:05.307+0000] {logging_mixin.py:190} INFO - [2025-12-14T17:36:05.306+0000] {dag.py:4180} INFO - Setting next_dagrun for etl_synthetic_events to None, run_after=None
[2025-12-14T17:36:05.370+0000] {processor.py:208} INFO - Processing /opt/airflow/dags/etl_airflow_dag.py took 1.336 seconds
[2025-12-14T17:36:35.862+0000] {processor.py:186} INFO - Started process (PID=772) to work on /opt/airflow/dags/etl_airflow_dag.py
[2025-12-14T17:36:35.864+0000] {processor.py:914} INFO - Processing file /opt/airflow/dags/etl_airflow_dag.py for tasks to queue
[2025-12-14T17:36:35.869+0000] {logging_mixin.py:190} INFO - [2025-12-14T17:36:35.869+0000] {dagbag.py:588} INFO - Filling up the DagBag from /opt/airflow/dags/etl_airflow_dag.py
[2025-12-14T17:36:36.946+0000] {processor.py:925} INFO - DAG(s) 'etl_synthetic_events' retrieved from /opt/airflow/dags/etl_airflow_dag.py
[2025-12-14T17:36:36.991+0000] {logging_mixin.py:190} INFO - [2025-12-14T17:36:36.990+0000] {dag.py:3239} INFO - Sync 1 DAGs
[2025-12-14T17:36:37.018+0000] {logging_mixin.py:190} INFO - [2025-12-14T17:36:37.018+0000] {dag.py:4180} INFO - Setting next_dagrun for etl_synthetic_events to None, run_after=None
[2025-12-14T17:36:37.064+0000] {processor.py:208} INFO - Processing /opt/airflow/dags/etl_airflow_dag.py took 1.226 seconds
[2025-12-14T17:37:07.254+0000] {processor.py:186} INFO - Started process (PID=778) to work on /opt/airflow/dags/etl_airflow_dag.py
[2025-12-14T17:37:07.257+0000] {processor.py:914} INFO - Processing file /opt/airflow/dags/etl_airflow_dag.py for tasks to queue
[2025-12-14T17:37:07.262+0000] {logging_mixin.py:190} INFO - [2025-12-14T17:37:07.261+0000] {dagbag.py:588} INFO - Filling up the DagBag from /opt/airflow/dags/etl_airflow_dag.py
[2025-12-14T17:37:08.253+0000] {processor.py:925} INFO - DAG(s) 'etl_synthetic_events' retrieved from /opt/airflow/dags/etl_airflow_dag.py
[2025-12-14T17:37:08.304+0000] {logging_mixin.py:190} INFO - [2025-12-14T17:37:08.302+0000] {dag.py:3239} INFO - Sync 1 DAGs
[2025-12-14T17:37:08.334+0000] {logging_mixin.py:190} INFO - [2025-12-14T17:37:08.334+0000] {dag.py:4180} INFO - Setting next_dagrun for etl_synthetic_events to None, run_after=None
[2025-12-14T17:37:08.381+0000] {processor.py:208} INFO - Processing /opt/airflow/dags/etl_airflow_dag.py took 1.139 seconds
[2025-12-14T17:37:38.665+0000] {processor.py:186} INFO - Started process (PID=784) to work on /opt/airflow/dags/etl_airflow_dag.py
[2025-12-14T17:37:38.667+0000] {processor.py:914} INFO - Processing file /opt/airflow/dags/etl_airflow_dag.py for tasks to queue
[2025-12-14T17:37:38.672+0000] {logging_mixin.py:190} INFO - [2025-12-14T17:37:38.671+0000] {dagbag.py:588} INFO - Filling up the DagBag from /opt/airflow/dags/etl_airflow_dag.py
[2025-12-14T17:37:39.778+0000] {processor.py:925} INFO - DAG(s) 'etl_synthetic_events' retrieved from /opt/airflow/dags/etl_airflow_dag.py
[2025-12-14T17:37:39.831+0000] {logging_mixin.py:190} INFO - [2025-12-14T17:37:39.830+0000] {dag.py:3239} INFO - Sync 1 DAGs
[2025-12-14T17:37:39.857+0000] {logging_mixin.py:190} INFO - [2025-12-14T17:37:39.857+0000] {dag.py:4180} INFO - Setting next_dagrun for etl_synthetic_events to None, run_after=None
[2025-12-14T17:37:39.907+0000] {processor.py:208} INFO - Processing /opt/airflow/dags/etl_airflow_dag.py took 1.254 seconds
[2025-12-14T17:38:10.264+0000] {processor.py:186} INFO - Started process (PID=790) to work on /opt/airflow/dags/etl_airflow_dag.py
[2025-12-14T17:38:10.267+0000] {processor.py:914} INFO - Processing file /opt/airflow/dags/etl_airflow_dag.py for tasks to queue
[2025-12-14T17:38:10.272+0000] {logging_mixin.py:190} INFO - [2025-12-14T17:38:10.271+0000] {dagbag.py:588} INFO - Filling up the DagBag from /opt/airflow/dags/etl_airflow_dag.py
[2025-12-14T17:38:11.497+0000] {processor.py:925} INFO - DAG(s) 'etl_synthetic_events' retrieved from /opt/airflow/dags/etl_airflow_dag.py
[2025-12-14T17:38:11.552+0000] {logging_mixin.py:190} INFO - [2025-12-14T17:38:11.551+0000] {dag.py:3239} INFO - Sync 1 DAGs
[2025-12-14T17:38:11.580+0000] {logging_mixin.py:190} INFO - [2025-12-14T17:38:11.579+0000] {dag.py:4180} INFO - Setting next_dagrun for etl_synthetic_events to None, run_after=None
[2025-12-14T17:38:11.627+0000] {processor.py:208} INFO - Processing /opt/airflow/dags/etl_airflow_dag.py took 1.376 seconds
