[2025-12-16T14:48:41.587+0000] {processor.py:186} INFO - Started process (PID=185) to work on /opt/airflow/dags/etl_airflow_dag.py
[2025-12-16T14:48:41.589+0000] {processor.py:914} INFO - Processing file /opt/airflow/dags/etl_airflow_dag.py for tasks to queue
[2025-12-16T14:48:41.594+0000] {logging_mixin.py:190} INFO - [2025-12-16T14:48:41.593+0000] {dagbag.py:588} INFO - Filling up the DagBag from /opt/airflow/dags/etl_airflow_dag.py
[2025-12-16T14:48:43.587+0000] {processor.py:925} INFO - DAG(s) 'etl_synthetic_events' retrieved from /opt/airflow/dags/etl_airflow_dag.py
[2025-12-16T14:48:43.925+0000] {logging_mixin.py:190} INFO - [2025-12-16T14:48:43.924+0000] {dag.py:3239} INFO - Sync 1 DAGs
[2025-12-16T14:48:43.973+0000] {logging_mixin.py:190} INFO - [2025-12-16T14:48:43.973+0000] {dag.py:4180} INFO - Setting next_dagrun for etl_synthetic_events to None, run_after=None
[2025-12-16T14:48:44.029+0000] {processor.py:208} INFO - Processing /opt/airflow/dags/etl_airflow_dag.py took 2.456 seconds
[2025-12-16T14:49:14.536+0000] {processor.py:186} INFO - Started process (PID=191) to work on /opt/airflow/dags/etl_airflow_dag.py
[2025-12-16T14:49:14.539+0000] {processor.py:914} INFO - Processing file /opt/airflow/dags/etl_airflow_dag.py for tasks to queue
[2025-12-16T14:49:14.545+0000] {logging_mixin.py:190} INFO - [2025-12-16T14:49:14.544+0000] {dagbag.py:588} INFO - Filling up the DagBag from /opt/airflow/dags/etl_airflow_dag.py
[2025-12-16T14:49:15.687+0000] {processor.py:925} INFO - DAG(s) 'etl_synthetic_events' retrieved from /opt/airflow/dags/etl_airflow_dag.py
[2025-12-16T14:49:15.750+0000] {logging_mixin.py:190} INFO - [2025-12-16T14:49:15.748+0000] {dag.py:3239} INFO - Sync 1 DAGs
[2025-12-16T14:49:15.807+0000] {logging_mixin.py:190} INFO - [2025-12-16T14:49:15.805+0000] {dag.py:4180} INFO - Setting next_dagrun for etl_synthetic_events to None, run_after=None
[2025-12-16T14:49:15.903+0000] {processor.py:208} INFO - Processing /opt/airflow/dags/etl_airflow_dag.py took 1.380 seconds
[2025-12-16T14:49:46.534+0000] {processor.py:186} INFO - Started process (PID=197) to work on /opt/airflow/dags/etl_airflow_dag.py
[2025-12-16T14:49:46.537+0000] {processor.py:914} INFO - Processing file /opt/airflow/dags/etl_airflow_dag.py for tasks to queue
[2025-12-16T14:49:46.547+0000] {logging_mixin.py:190} INFO - [2025-12-16T14:49:46.546+0000] {dagbag.py:588} INFO - Filling up the DagBag from /opt/airflow/dags/etl_airflow_dag.py
[2025-12-16T14:49:47.858+0000] {processor.py:925} INFO - DAG(s) 'etl_synthetic_events' retrieved from /opt/airflow/dags/etl_airflow_dag.py
[2025-12-16T14:49:47.908+0000] {logging_mixin.py:190} INFO - [2025-12-16T14:49:47.907+0000] {dag.py:3239} INFO - Sync 1 DAGs
[2025-12-16T14:49:47.932+0000] {logging_mixin.py:190} INFO - [2025-12-16T14:49:47.931+0000] {dag.py:4180} INFO - Setting next_dagrun for etl_synthetic_events to None, run_after=None
[2025-12-16T14:49:47.974+0000] {processor.py:208} INFO - Processing /opt/airflow/dags/etl_airflow_dag.py took 1.459 seconds
[2025-12-16T14:50:18.561+0000] {processor.py:186} INFO - Started process (PID=203) to work on /opt/airflow/dags/etl_airflow_dag.py
[2025-12-16T14:50:18.566+0000] {processor.py:914} INFO - Processing file /opt/airflow/dags/etl_airflow_dag.py for tasks to queue
[2025-12-16T14:50:18.580+0000] {logging_mixin.py:190} INFO - [2025-12-16T14:50:18.577+0000] {dagbag.py:588} INFO - Filling up the DagBag from /opt/airflow/dags/etl_airflow_dag.py
[2025-12-16T14:50:19.976+0000] {processor.py:925} INFO - DAG(s) 'etl_synthetic_events' retrieved from /opt/airflow/dags/etl_airflow_dag.py
[2025-12-16T14:50:20.043+0000] {logging_mixin.py:190} INFO - [2025-12-16T14:50:20.042+0000] {dag.py:3239} INFO - Sync 1 DAGs
[2025-12-16T14:50:20.076+0000] {logging_mixin.py:190} INFO - [2025-12-16T14:50:20.075+0000] {dag.py:4180} INFO - Setting next_dagrun for etl_synthetic_events to None, run_after=None
[2025-12-16T14:50:20.126+0000] {processor.py:208} INFO - Processing /opt/airflow/dags/etl_airflow_dag.py took 1.583 seconds
[2025-12-16T14:50:50.756+0000] {processor.py:186} INFO - Started process (PID=209) to work on /opt/airflow/dags/etl_airflow_dag.py
[2025-12-16T14:50:50.761+0000] {processor.py:914} INFO - Processing file /opt/airflow/dags/etl_airflow_dag.py for tasks to queue
[2025-12-16T14:50:50.774+0000] {logging_mixin.py:190} INFO - [2025-12-16T14:50:50.772+0000] {dagbag.py:588} INFO - Filling up the DagBag from /opt/airflow/dags/etl_airflow_dag.py
[2025-12-16T14:50:52.342+0000] {processor.py:925} INFO - DAG(s) 'etl_synthetic_events' retrieved from /opt/airflow/dags/etl_airflow_dag.py
[2025-12-16T14:50:52.399+0000] {logging_mixin.py:190} INFO - [2025-12-16T14:50:52.398+0000] {dag.py:3239} INFO - Sync 1 DAGs
[2025-12-16T14:50:52.428+0000] {logging_mixin.py:190} INFO - [2025-12-16T14:50:52.428+0000] {dag.py:4180} INFO - Setting next_dagrun for etl_synthetic_events to None, run_after=None
[2025-12-16T14:50:52.480+0000] {processor.py:208} INFO - Processing /opt/airflow/dags/etl_airflow_dag.py took 1.760 seconds
[2025-12-16T14:51:14.408+0000] {processor.py:186} INFO - Started process (PID=215) to work on /opt/airflow/dags/etl_airflow_dag.py
[2025-12-16T14:51:14.411+0000] {processor.py:914} INFO - Processing file /opt/airflow/dags/etl_airflow_dag.py for tasks to queue
[2025-12-16T14:51:14.418+0000] {logging_mixin.py:190} INFO - [2025-12-16T14:51:14.417+0000] {dagbag.py:588} INFO - Filling up the DagBag from /opt/airflow/dags/etl_airflow_dag.py
[2025-12-16T14:51:15.825+0000] {processor.py:925} INFO - DAG(s) 'etl_synthetic_events' retrieved from /opt/airflow/dags/etl_airflow_dag.py
[2025-12-16T14:51:16.419+0000] {logging_mixin.py:190} INFO - [2025-12-16T14:51:16.418+0000] {dag.py:3239} INFO - Sync 1 DAGs
[2025-12-16T14:51:16.443+0000] {logging_mixin.py:190} INFO - [2025-12-16T14:51:16.442+0000] {dag.py:4180} INFO - Setting next_dagrun for etl_synthetic_events to None, run_after=None
[2025-12-16T14:51:16.506+0000] {processor.py:208} INFO - Processing /opt/airflow/dags/etl_airflow_dag.py took 2.114 seconds
[2025-12-16T14:51:17.478+0000] {processor.py:186} INFO - Started process (PID=221) to work on /opt/airflow/dags/etl_airflow_dag.py
[2025-12-16T14:51:17.481+0000] {processor.py:914} INFO - Processing file /opt/airflow/dags/etl_airflow_dag.py for tasks to queue
[2025-12-16T14:51:17.486+0000] {logging_mixin.py:190} INFO - [2025-12-16T14:51:17.485+0000] {dagbag.py:588} INFO - Filling up the DagBag from /opt/airflow/dags/etl_airflow_dag.py
[2025-12-16T14:51:19.028+0000] {processor.py:925} INFO - DAG(s) 'etl_synthetic_events' retrieved from /opt/airflow/dags/etl_airflow_dag.py
[2025-12-16T14:51:19.051+0000] {logging_mixin.py:190} INFO - [2025-12-16T14:51:19.050+0000] {dag.py:3239} INFO - Sync 1 DAGs
[2025-12-16T14:51:19.075+0000] {logging_mixin.py:190} INFO - [2025-12-16T14:51:19.075+0000] {dag.py:4180} INFO - Setting next_dagrun for etl_synthetic_events to None, run_after=None
[2025-12-16T14:51:19.126+0000] {processor.py:208} INFO - Processing /opt/airflow/dags/etl_airflow_dag.py took 1.661 seconds
[2025-12-16T14:51:49.768+0000] {processor.py:186} INFO - Started process (PID=227) to work on /opt/airflow/dags/etl_airflow_dag.py
[2025-12-16T14:51:49.772+0000] {processor.py:914} INFO - Processing file /opt/airflow/dags/etl_airflow_dag.py for tasks to queue
[2025-12-16T14:51:49.779+0000] {logging_mixin.py:190} INFO - [2025-12-16T14:51:49.778+0000] {dagbag.py:588} INFO - Filling up the DagBag from /opt/airflow/dags/etl_airflow_dag.py
[2025-12-16T14:51:51.301+0000] {processor.py:925} INFO - DAG(s) 'etl_synthetic_events' retrieved from /opt/airflow/dags/etl_airflow_dag.py
[2025-12-16T14:51:51.364+0000] {logging_mixin.py:190} INFO - [2025-12-16T14:51:51.363+0000] {dag.py:3239} INFO - Sync 1 DAGs
[2025-12-16T14:51:51.394+0000] {logging_mixin.py:190} INFO - [2025-12-16T14:51:51.394+0000] {dag.py:4180} INFO - Setting next_dagrun for etl_synthetic_events to None, run_after=None
[2025-12-16T14:51:51.445+0000] {processor.py:208} INFO - Processing /opt/airflow/dags/etl_airflow_dag.py took 1.695 seconds
[2025-12-16T14:52:21.690+0000] {processor.py:186} INFO - Started process (PID=233) to work on /opt/airflow/dags/etl_airflow_dag.py
[2025-12-16T14:52:21.694+0000] {processor.py:914} INFO - Processing file /opt/airflow/dags/etl_airflow_dag.py for tasks to queue
[2025-12-16T14:52:21.704+0000] {logging_mixin.py:190} INFO - [2025-12-16T14:52:21.702+0000] {dagbag.py:588} INFO - Filling up the DagBag from /opt/airflow/dags/etl_airflow_dag.py
[2025-12-16T14:52:23.262+0000] {processor.py:925} INFO - DAG(s) 'etl_synthetic_events' retrieved from /opt/airflow/dags/etl_airflow_dag.py
[2025-12-16T14:52:23.335+0000] {logging_mixin.py:190} INFO - [2025-12-16T14:52:23.333+0000] {dag.py:3239} INFO - Sync 1 DAGs
[2025-12-16T14:52:23.372+0000] {logging_mixin.py:190} INFO - [2025-12-16T14:52:23.371+0000] {dag.py:4180} INFO - Setting next_dagrun for etl_synthetic_events to None, run_after=None
[2025-12-16T14:52:23.424+0000] {processor.py:208} INFO - Processing /opt/airflow/dags/etl_airflow_dag.py took 1.758 seconds
[2025-12-16T14:52:52.116+0000] {processor.py:186} INFO - Started process (PID=239) to work on /opt/airflow/dags/etl_airflow_dag.py
[2025-12-16T14:52:52.120+0000] {processor.py:914} INFO - Processing file /opt/airflow/dags/etl_airflow_dag.py for tasks to queue
[2025-12-16T14:52:52.128+0000] {logging_mixin.py:190} INFO - [2025-12-16T14:52:52.128+0000] {dagbag.py:588} INFO - Filling up the DagBag from /opt/airflow/dags/etl_airflow_dag.py
[2025-12-16T14:52:54.054+0000] {processor.py:925} INFO - DAG(s) 'etl_synthetic_events' retrieved from /opt/airflow/dags/etl_airflow_dag.py
[2025-12-16T14:52:54.371+0000] {logging_mixin.py:190} INFO - [2025-12-16T14:52:54.369+0000] {dag.py:3239} INFO - Sync 1 DAGs
[2025-12-16T14:52:54.406+0000] {logging_mixin.py:190} INFO - [2025-12-16T14:52:54.405+0000] {dag.py:4180} INFO - Setting next_dagrun for etl_synthetic_events to None, run_after=None
[2025-12-16T14:52:54.483+0000] {processor.py:208} INFO - Processing /opt/airflow/dags/etl_airflow_dag.py took 2.385 seconds
[2025-12-16T14:53:25.122+0000] {processor.py:186} INFO - Started process (PID=245) to work on /opt/airflow/dags/etl_airflow_dag.py
[2025-12-16T14:53:25.125+0000] {processor.py:914} INFO - Processing file /opt/airflow/dags/etl_airflow_dag.py for tasks to queue
[2025-12-16T14:53:25.132+0000] {logging_mixin.py:190} INFO - [2025-12-16T14:53:25.131+0000] {dagbag.py:588} INFO - Filling up the DagBag from /opt/airflow/dags/etl_airflow_dag.py
[2025-12-16T14:53:26.622+0000] {processor.py:925} INFO - DAG(s) 'etl_synthetic_events' retrieved from /opt/airflow/dags/etl_airflow_dag.py
[2025-12-16T14:53:26.666+0000] {logging_mixin.py:190} INFO - [2025-12-16T14:53:26.665+0000] {dag.py:3239} INFO - Sync 1 DAGs
[2025-12-16T14:53:26.689+0000] {logging_mixin.py:190} INFO - [2025-12-16T14:53:26.689+0000] {dag.py:4180} INFO - Setting next_dagrun for etl_synthetic_events to None, run_after=None
[2025-12-16T14:53:26.732+0000] {processor.py:208} INFO - Processing /opt/airflow/dags/etl_airflow_dag.py took 1.630 seconds
[2025-12-16T14:53:57.696+0000] {processor.py:186} INFO - Started process (PID=251) to work on /opt/airflow/dags/etl_airflow_dag.py
[2025-12-16T14:53:57.699+0000] {processor.py:914} INFO - Processing file /opt/airflow/dags/etl_airflow_dag.py for tasks to queue
[2025-12-16T14:53:57.708+0000] {logging_mixin.py:190} INFO - [2025-12-16T14:53:57.706+0000] {dagbag.py:588} INFO - Filling up the DagBag from /opt/airflow/dags/etl_airflow_dag.py
[2025-12-16T14:53:59.055+0000] {processor.py:925} INFO - DAG(s) 'etl_synthetic_events' retrieved from /opt/airflow/dags/etl_airflow_dag.py
[2025-12-16T14:53:59.136+0000] {logging_mixin.py:190} INFO - [2025-12-16T14:53:59.134+0000] {dag.py:3239} INFO - Sync 1 DAGs
[2025-12-16T14:53:59.192+0000] {logging_mixin.py:190} INFO - [2025-12-16T14:53:59.191+0000] {dag.py:4180} INFO - Setting next_dagrun for etl_synthetic_events to None, run_after=None
[2025-12-16T14:53:59.256+0000] {processor.py:208} INFO - Processing /opt/airflow/dags/etl_airflow_dag.py took 1.578 seconds
[2025-12-16T14:54:29.820+0000] {processor.py:186} INFO - Started process (PID=257) to work on /opt/airflow/dags/etl_airflow_dag.py
[2025-12-16T14:54:29.824+0000] {processor.py:914} INFO - Processing file /opt/airflow/dags/etl_airflow_dag.py for tasks to queue
[2025-12-16T14:54:29.831+0000] {logging_mixin.py:190} INFO - [2025-12-16T14:54:29.830+0000] {dagbag.py:588} INFO - Filling up the DagBag from /opt/airflow/dags/etl_airflow_dag.py
[2025-12-16T14:54:31.044+0000] {processor.py:925} INFO - DAG(s) 'etl_synthetic_events' retrieved from /opt/airflow/dags/etl_airflow_dag.py
[2025-12-16T14:54:31.091+0000] {logging_mixin.py:190} INFO - [2025-12-16T14:54:31.088+0000] {dag.py:3239} INFO - Sync 1 DAGs
[2025-12-16T14:54:31.113+0000] {logging_mixin.py:190} INFO - [2025-12-16T14:54:31.113+0000] {dag.py:4180} INFO - Setting next_dagrun for etl_synthetic_events to None, run_after=None
[2025-12-16T14:54:31.150+0000] {processor.py:208} INFO - Processing /opt/airflow/dags/etl_airflow_dag.py took 1.347 seconds
[2025-12-16T14:55:01.731+0000] {processor.py:186} INFO - Started process (PID=263) to work on /opt/airflow/dags/etl_airflow_dag.py
[2025-12-16T14:55:01.734+0000] {processor.py:914} INFO - Processing file /opt/airflow/dags/etl_airflow_dag.py for tasks to queue
[2025-12-16T14:55:01.745+0000] {logging_mixin.py:190} INFO - [2025-12-16T14:55:01.744+0000] {dagbag.py:588} INFO - Filling up the DagBag from /opt/airflow/dags/etl_airflow_dag.py
[2025-12-16T14:55:03.202+0000] {processor.py:925} INFO - DAG(s) 'etl_synthetic_events' retrieved from /opt/airflow/dags/etl_airflow_dag.py
[2025-12-16T14:55:03.264+0000] {logging_mixin.py:190} INFO - [2025-12-16T14:55:03.263+0000] {dag.py:3239} INFO - Sync 1 DAGs
[2025-12-16T14:55:03.293+0000] {logging_mixin.py:190} INFO - [2025-12-16T14:55:03.292+0000] {dag.py:4180} INFO - Setting next_dagrun for etl_synthetic_events to None, run_after=None
[2025-12-16T14:55:03.350+0000] {processor.py:208} INFO - Processing /opt/airflow/dags/etl_airflow_dag.py took 1.637 seconds
[2025-12-16T14:55:33.980+0000] {processor.py:186} INFO - Started process (PID=269) to work on /opt/airflow/dags/etl_airflow_dag.py
[2025-12-16T14:55:33.984+0000] {processor.py:914} INFO - Processing file /opt/airflow/dags/etl_airflow_dag.py for tasks to queue
[2025-12-16T14:55:33.994+0000] {logging_mixin.py:190} INFO - [2025-12-16T14:55:33.993+0000] {dagbag.py:588} INFO - Filling up the DagBag from /opt/airflow/dags/etl_airflow_dag.py
[2025-12-16T14:55:35.359+0000] {processor.py:925} INFO - DAG(s) 'etl_synthetic_events' retrieved from /opt/airflow/dags/etl_airflow_dag.py
[2025-12-16T14:55:35.417+0000] {logging_mixin.py:190} INFO - [2025-12-16T14:55:35.416+0000] {dag.py:3239} INFO - Sync 1 DAGs
[2025-12-16T14:55:35.444+0000] {logging_mixin.py:190} INFO - [2025-12-16T14:55:35.444+0000] {dag.py:4180} INFO - Setting next_dagrun for etl_synthetic_events to None, run_after=None
[2025-12-16T14:55:35.494+0000] {processor.py:208} INFO - Processing /opt/airflow/dags/etl_airflow_dag.py took 1.538 seconds
[2025-12-16T14:56:05.673+0000] {processor.py:186} INFO - Started process (PID=275) to work on /opt/airflow/dags/etl_airflow_dag.py
[2025-12-16T14:56:05.675+0000] {processor.py:914} INFO - Processing file /opt/airflow/dags/etl_airflow_dag.py for tasks to queue
[2025-12-16T14:56:05.682+0000] {logging_mixin.py:190} INFO - [2025-12-16T14:56:05.680+0000] {dagbag.py:588} INFO - Filling up the DagBag from /opt/airflow/dags/etl_airflow_dag.py
[2025-12-16T14:56:07.118+0000] {processor.py:925} INFO - DAG(s) 'etl_synthetic_events' retrieved from /opt/airflow/dags/etl_airflow_dag.py
[2025-12-16T14:56:07.175+0000] {logging_mixin.py:190} INFO - [2025-12-16T14:56:07.174+0000] {dag.py:3239} INFO - Sync 1 DAGs
[2025-12-16T14:56:07.206+0000] {logging_mixin.py:190} INFO - [2025-12-16T14:56:07.205+0000] {dag.py:4180} INFO - Setting next_dagrun for etl_synthetic_events to None, run_after=None
[2025-12-16T14:56:07.255+0000] {processor.py:208} INFO - Processing /opt/airflow/dags/etl_airflow_dag.py took 1.597 seconds
[2025-12-16T14:56:37.629+0000] {processor.py:186} INFO - Started process (PID=281) to work on /opt/airflow/dags/etl_airflow_dag.py
[2025-12-16T14:56:37.633+0000] {processor.py:914} INFO - Processing file /opt/airflow/dags/etl_airflow_dag.py for tasks to queue
[2025-12-16T14:56:37.640+0000] {logging_mixin.py:190} INFO - [2025-12-16T14:56:37.639+0000] {dagbag.py:588} INFO - Filling up the DagBag from /opt/airflow/dags/etl_airflow_dag.py
[2025-12-16T14:56:38.939+0000] {processor.py:925} INFO - DAG(s) 'etl_synthetic_events' retrieved from /opt/airflow/dags/etl_airflow_dag.py
[2025-12-16T14:56:38.992+0000] {logging_mixin.py:190} INFO - [2025-12-16T14:56:38.989+0000] {dag.py:3239} INFO - Sync 1 DAGs
[2025-12-16T14:56:39.020+0000] {logging_mixin.py:190} INFO - [2025-12-16T14:56:39.020+0000] {dag.py:4180} INFO - Setting next_dagrun for etl_synthetic_events to None, run_after=None
[2025-12-16T14:56:39.069+0000] {processor.py:208} INFO - Processing /opt/airflow/dags/etl_airflow_dag.py took 1.460 seconds
[2025-12-16T14:57:09.451+0000] {processor.py:186} INFO - Started process (PID=287) to work on /opt/airflow/dags/etl_airflow_dag.py
[2025-12-16T14:57:09.454+0000] {processor.py:914} INFO - Processing file /opt/airflow/dags/etl_airflow_dag.py for tasks to queue
[2025-12-16T14:57:09.462+0000] {logging_mixin.py:190} INFO - [2025-12-16T14:57:09.461+0000] {dagbag.py:588} INFO - Filling up the DagBag from /opt/airflow/dags/etl_airflow_dag.py
[2025-12-16T14:57:11.206+0000] {processor.py:925} INFO - DAG(s) 'etl_synthetic_events' retrieved from /opt/airflow/dags/etl_airflow_dag.py
[2025-12-16T14:57:11.279+0000] {logging_mixin.py:190} INFO - [2025-12-16T14:57:11.277+0000] {dag.py:3239} INFO - Sync 1 DAGs
[2025-12-16T14:57:11.311+0000] {logging_mixin.py:190} INFO - [2025-12-16T14:57:11.311+0000] {dag.py:4180} INFO - Setting next_dagrun for etl_synthetic_events to None, run_after=None
[2025-12-16T14:57:11.365+0000] {processor.py:208} INFO - Processing /opt/airflow/dags/etl_airflow_dag.py took 1.931 seconds
[2025-12-16T14:57:41.939+0000] {processor.py:186} INFO - Started process (PID=301) to work on /opt/airflow/dags/etl_airflow_dag.py
[2025-12-16T14:57:41.942+0000] {processor.py:914} INFO - Processing file /opt/airflow/dags/etl_airflow_dag.py for tasks to queue
[2025-12-16T14:57:41.949+0000] {logging_mixin.py:190} INFO - [2025-12-16T14:57:41.948+0000] {dagbag.py:588} INFO - Filling up the DagBag from /opt/airflow/dags/etl_airflow_dag.py
[2025-12-16T14:57:43.040+0000] {processor.py:925} INFO - DAG(s) 'etl_synthetic_events' retrieved from /opt/airflow/dags/etl_airflow_dag.py
[2025-12-16T14:57:43.084+0000] {logging_mixin.py:190} INFO - [2025-12-16T14:57:43.084+0000] {dag.py:3239} INFO - Sync 1 DAGs
[2025-12-16T14:57:43.109+0000] {logging_mixin.py:190} INFO - [2025-12-16T14:57:43.108+0000] {dag.py:4180} INFO - Setting next_dagrun for etl_synthetic_events to None, run_after=None
[2025-12-16T14:57:43.151+0000] {processor.py:208} INFO - Processing /opt/airflow/dags/etl_airflow_dag.py took 1.225 seconds
[2025-12-16T14:58:13.503+0000] {processor.py:186} INFO - Started process (PID=307) to work on /opt/airflow/dags/etl_airflow_dag.py
[2025-12-16T14:58:13.506+0000] {processor.py:914} INFO - Processing file /opt/airflow/dags/etl_airflow_dag.py for tasks to queue
[2025-12-16T14:58:13.516+0000] {logging_mixin.py:190} INFO - [2025-12-16T14:58:13.514+0000] {dagbag.py:588} INFO - Filling up the DagBag from /opt/airflow/dags/etl_airflow_dag.py
[2025-12-16T14:58:14.847+0000] {processor.py:925} INFO - DAG(s) 'etl_synthetic_events' retrieved from /opt/airflow/dags/etl_airflow_dag.py
[2025-12-16T14:58:14.901+0000] {logging_mixin.py:190} INFO - [2025-12-16T14:58:14.900+0000] {dag.py:3239} INFO - Sync 1 DAGs
[2025-12-16T14:58:14.934+0000] {logging_mixin.py:190} INFO - [2025-12-16T14:58:14.933+0000] {dag.py:4180} INFO - Setting next_dagrun for etl_synthetic_events to None, run_after=None
[2025-12-16T14:58:14.980+0000] {processor.py:208} INFO - Processing /opt/airflow/dags/etl_airflow_dag.py took 1.495 seconds
[2025-12-16T14:58:45.255+0000] {processor.py:186} INFO - Started process (PID=313) to work on /opt/airflow/dags/etl_airflow_dag.py
[2025-12-16T14:58:45.258+0000] {processor.py:914} INFO - Processing file /opt/airflow/dags/etl_airflow_dag.py for tasks to queue
[2025-12-16T14:58:45.264+0000] {logging_mixin.py:190} INFO - [2025-12-16T14:58:45.263+0000] {dagbag.py:588} INFO - Filling up the DagBag from /opt/airflow/dags/etl_airflow_dag.py
[2025-12-16T14:58:46.653+0000] {processor.py:925} INFO - DAG(s) 'etl_synthetic_events' retrieved from /opt/airflow/dags/etl_airflow_dag.py
[2025-12-16T14:58:46.709+0000] {logging_mixin.py:190} INFO - [2025-12-16T14:58:46.706+0000] {dag.py:3239} INFO - Sync 1 DAGs
[2025-12-16T14:58:46.741+0000] {logging_mixin.py:190} INFO - [2025-12-16T14:58:46.740+0000] {dag.py:4180} INFO - Setting next_dagrun for etl_synthetic_events to None, run_after=None
[2025-12-16T14:58:46.793+0000] {processor.py:208} INFO - Processing /opt/airflow/dags/etl_airflow_dag.py took 1.551 seconds
[2025-12-16T14:59:17.184+0000] {processor.py:186} INFO - Started process (PID=319) to work on /opt/airflow/dags/etl_airflow_dag.py
[2025-12-16T14:59:17.187+0000] {processor.py:914} INFO - Processing file /opt/airflow/dags/etl_airflow_dag.py for tasks to queue
[2025-12-16T14:59:17.193+0000] {logging_mixin.py:190} INFO - [2025-12-16T14:59:17.192+0000] {dagbag.py:588} INFO - Filling up the DagBag from /opt/airflow/dags/etl_airflow_dag.py
[2025-12-16T14:59:18.573+0000] {processor.py:925} INFO - DAG(s) 'etl_synthetic_events' retrieved from /opt/airflow/dags/etl_airflow_dag.py
[2025-12-16T14:59:18.663+0000] {logging_mixin.py:190} INFO - [2025-12-16T14:59:18.661+0000] {dag.py:3239} INFO - Sync 1 DAGs
[2025-12-16T14:59:18.707+0000] {logging_mixin.py:190} INFO - [2025-12-16T14:59:18.707+0000] {dag.py:4180} INFO - Setting next_dagrun for etl_synthetic_events to None, run_after=None
[2025-12-16T14:59:18.770+0000] {processor.py:208} INFO - Processing /opt/airflow/dags/etl_airflow_dag.py took 1.604 seconds
[2025-12-16T14:59:48.979+0000] {processor.py:186} INFO - Started process (PID=325) to work on /opt/airflow/dags/etl_airflow_dag.py
[2025-12-16T14:59:48.981+0000] {processor.py:914} INFO - Processing file /opt/airflow/dags/etl_airflow_dag.py for tasks to queue
[2025-12-16T14:59:48.989+0000] {logging_mixin.py:190} INFO - [2025-12-16T14:59:48.988+0000] {dagbag.py:588} INFO - Filling up the DagBag from /opt/airflow/dags/etl_airflow_dag.py
[2025-12-16T14:59:50.271+0000] {processor.py:925} INFO - DAG(s) 'etl_synthetic_events' retrieved from /opt/airflow/dags/etl_airflow_dag.py
[2025-12-16T14:59:50.320+0000] {logging_mixin.py:190} INFO - [2025-12-16T14:59:50.319+0000] {dag.py:3239} INFO - Sync 1 DAGs
[2025-12-16T14:59:50.346+0000] {logging_mixin.py:190} INFO - [2025-12-16T14:59:50.345+0000] {dag.py:4180} INFO - Setting next_dagrun for etl_synthetic_events to None, run_after=None
[2025-12-16T14:59:50.389+0000] {processor.py:208} INFO - Processing /opt/airflow/dags/etl_airflow_dag.py took 1.432 seconds
[2025-12-16T15:00:20.832+0000] {processor.py:186} INFO - Started process (PID=331) to work on /opt/airflow/dags/etl_airflow_dag.py
[2025-12-16T15:00:20.835+0000] {processor.py:914} INFO - Processing file /opt/airflow/dags/etl_airflow_dag.py for tasks to queue
[2025-12-16T15:00:20.844+0000] {logging_mixin.py:190} INFO - [2025-12-16T15:00:20.843+0000] {dagbag.py:588} INFO - Filling up the DagBag from /opt/airflow/dags/etl_airflow_dag.py
[2025-12-16T15:00:22.025+0000] {processor.py:925} INFO - DAG(s) 'etl_synthetic_events' retrieved from /opt/airflow/dags/etl_airflow_dag.py
[2025-12-16T15:00:22.094+0000] {logging_mixin.py:190} INFO - [2025-12-16T15:00:22.092+0000] {dag.py:3239} INFO - Sync 1 DAGs
[2025-12-16T15:00:22.155+0000] {logging_mixin.py:190} INFO - [2025-12-16T15:00:22.154+0000] {dag.py:4180} INFO - Setting next_dagrun for etl_synthetic_events to None, run_after=None
[2025-12-16T15:00:22.213+0000] {processor.py:208} INFO - Processing /opt/airflow/dags/etl_airflow_dag.py took 1.399 seconds
[2025-12-16T15:00:52.413+0000] {processor.py:186} INFO - Started process (PID=337) to work on /opt/airflow/dags/etl_airflow_dag.py
[2025-12-16T15:00:52.416+0000] {processor.py:914} INFO - Processing file /opt/airflow/dags/etl_airflow_dag.py for tasks to queue
[2025-12-16T15:00:52.422+0000] {logging_mixin.py:190} INFO - [2025-12-16T15:00:52.421+0000] {dagbag.py:588} INFO - Filling up the DagBag from /opt/airflow/dags/etl_airflow_dag.py
[2025-12-16T15:00:53.760+0000] {processor.py:925} INFO - DAG(s) 'etl_synthetic_events' retrieved from /opt/airflow/dags/etl_airflow_dag.py
[2025-12-16T15:00:53.813+0000] {logging_mixin.py:190} INFO - [2025-12-16T15:00:53.810+0000] {dag.py:3239} INFO - Sync 1 DAGs
[2025-12-16T15:00:53.840+0000] {logging_mixin.py:190} INFO - [2025-12-16T15:00:53.840+0000] {dag.py:4180} INFO - Setting next_dagrun for etl_synthetic_events to None, run_after=None
[2025-12-16T15:00:53.889+0000] {processor.py:208} INFO - Processing /opt/airflow/dags/etl_airflow_dag.py took 1.494 seconds
[2025-12-16T15:01:24.275+0000] {processor.py:186} INFO - Started process (PID=343) to work on /opt/airflow/dags/etl_airflow_dag.py
[2025-12-16T15:01:24.278+0000] {processor.py:914} INFO - Processing file /opt/airflow/dags/etl_airflow_dag.py for tasks to queue
[2025-12-16T15:01:24.284+0000] {logging_mixin.py:190} INFO - [2025-12-16T15:01:24.283+0000] {dagbag.py:588} INFO - Filling up the DagBag from /opt/airflow/dags/etl_airflow_dag.py
[2025-12-16T15:01:25.367+0000] {processor.py:925} INFO - DAG(s) 'etl_synthetic_events' retrieved from /opt/airflow/dags/etl_airflow_dag.py
[2025-12-16T15:01:25.413+0000] {logging_mixin.py:190} INFO - [2025-12-16T15:01:25.412+0000] {dag.py:3239} INFO - Sync 1 DAGs
[2025-12-16T15:01:25.437+0000] {logging_mixin.py:190} INFO - [2025-12-16T15:01:25.436+0000] {dag.py:4180} INFO - Setting next_dagrun for etl_synthetic_events to None, run_after=None
[2025-12-16T15:01:25.479+0000] {processor.py:208} INFO - Processing /opt/airflow/dags/etl_airflow_dag.py took 1.222 seconds
[2025-12-16T15:01:26.621+0000] {processor.py:186} INFO - Started process (PID=349) to work on /opt/airflow/dags/etl_airflow_dag.py
[2025-12-16T15:01:26.626+0000] {processor.py:914} INFO - Processing file /opt/airflow/dags/etl_airflow_dag.py for tasks to queue
[2025-12-16T15:01:26.636+0000] {logging_mixin.py:190} INFO - [2025-12-16T15:01:26.634+0000] {dagbag.py:588} INFO - Filling up the DagBag from /opt/airflow/dags/etl_airflow_dag.py
[2025-12-16T15:01:26.682+0000] {logging_mixin.py:190} INFO - [2025-12-16T15:01:26.681+0000] {dagbag.py:366} INFO - File /opt/airflow/dags/etl_airflow_dag.py assumed to contain no DAGs. Skipping.
[2025-12-16T15:01:26.685+0000] {processor.py:927} WARNING - No viable dags retrieved from /opt/airflow/dags/etl_airflow_dag.py
[2025-12-16T15:01:26.731+0000] {processor.py:208} INFO - Processing /opt/airflow/dags/etl_airflow_dag.py took 0.140 seconds
[2025-12-16T15:01:27.721+0000] {processor.py:186} INFO - Started process (PID=354) to work on /opt/airflow/dags/etl_airflow_dag.py
[2025-12-16T15:01:27.724+0000] {processor.py:914} INFO - Processing file /opt/airflow/dags/etl_airflow_dag.py for tasks to queue
[2025-12-16T15:01:27.730+0000] {logging_mixin.py:190} INFO - [2025-12-16T15:01:27.729+0000] {dagbag.py:588} INFO - Filling up the DagBag from /opt/airflow/dags/etl_airflow_dag.py
[2025-12-16T15:01:29.599+0000] {processor.py:925} INFO - DAG(s) 'etl_synthetic_events' retrieved from /opt/airflow/dags/etl_airflow_dag.py
[2025-12-16T15:01:29.738+0000] {logging_mixin.py:190} INFO - [2025-12-16T15:01:29.737+0000] {dag.py:3239} INFO - Sync 1 DAGs
[2025-12-16T15:01:29.788+0000] {logging_mixin.py:190} INFO - [2025-12-16T15:01:29.788+0000] {dag.py:4180} INFO - Setting next_dagrun for etl_synthetic_events to None, run_after=None
[2025-12-16T15:01:29.847+0000] {processor.py:208} INFO - Processing /opt/airflow/dags/etl_airflow_dag.py took 2.141 seconds
[2025-12-16T15:02:00.510+0000] {processor.py:186} INFO - Started process (PID=360) to work on /opt/airflow/dags/etl_airflow_dag.py
[2025-12-16T15:02:00.513+0000] {processor.py:914} INFO - Processing file /opt/airflow/dags/etl_airflow_dag.py for tasks to queue
[2025-12-16T15:02:00.521+0000] {logging_mixin.py:190} INFO - [2025-12-16T15:02:00.520+0000] {dagbag.py:588} INFO - Filling up the DagBag from /opt/airflow/dags/etl_airflow_dag.py
[2025-12-16T15:02:01.750+0000] {processor.py:925} INFO - DAG(s) 'etl_synthetic_events' retrieved from /opt/airflow/dags/etl_airflow_dag.py
[2025-12-16T15:02:01.795+0000] {logging_mixin.py:190} INFO - [2025-12-16T15:02:01.794+0000] {dag.py:3239} INFO - Sync 1 DAGs
[2025-12-16T15:02:01.818+0000] {logging_mixin.py:190} INFO - [2025-12-16T15:02:01.817+0000] {dag.py:4180} INFO - Setting next_dagrun for etl_synthetic_events to None, run_after=None
[2025-12-16T15:02:01.860+0000] {processor.py:208} INFO - Processing /opt/airflow/dags/etl_airflow_dag.py took 1.367 seconds
[2025-12-16T15:02:32.015+0000] {processor.py:186} INFO - Started process (PID=366) to work on /opt/airflow/dags/etl_airflow_dag.py
[2025-12-16T15:02:32.018+0000] {processor.py:914} INFO - Processing file /opt/airflow/dags/etl_airflow_dag.py for tasks to queue
[2025-12-16T15:02:32.024+0000] {logging_mixin.py:190} INFO - [2025-12-16T15:02:32.024+0000] {dagbag.py:588} INFO - Filling up the DagBag from /opt/airflow/dags/etl_airflow_dag.py
[2025-12-16T15:02:33.334+0000] {processor.py:925} INFO - DAG(s) 'etl_synthetic_events' retrieved from /opt/airflow/dags/etl_airflow_dag.py
[2025-12-16T15:02:33.388+0000] {logging_mixin.py:190} INFO - [2025-12-16T15:02:33.388+0000] {dag.py:3239} INFO - Sync 1 DAGs
[2025-12-16T15:02:33.414+0000] {logging_mixin.py:190} INFO - [2025-12-16T15:02:33.414+0000] {dag.py:4180} INFO - Setting next_dagrun for etl_synthetic_events to None, run_after=None
[2025-12-16T15:02:33.453+0000] {processor.py:208} INFO - Processing /opt/airflow/dags/etl_airflow_dag.py took 1.452 seconds
[2025-12-16T15:03:03.975+0000] {processor.py:186} INFO - Started process (PID=384) to work on /opt/airflow/dags/etl_airflow_dag.py
[2025-12-16T15:03:03.979+0000] {processor.py:914} INFO - Processing file /opt/airflow/dags/etl_airflow_dag.py for tasks to queue
[2025-12-16T15:03:03.988+0000] {logging_mixin.py:190} INFO - [2025-12-16T15:03:03.987+0000] {dagbag.py:588} INFO - Filling up the DagBag from /opt/airflow/dags/etl_airflow_dag.py
[2025-12-16T15:03:06.046+0000] {processor.py:925} INFO - DAG(s) 'etl_synthetic_events' retrieved from /opt/airflow/dags/etl_airflow_dag.py
[2025-12-16T15:03:06.103+0000] {logging_mixin.py:190} INFO - [2025-12-16T15:03:06.102+0000] {dag.py:3239} INFO - Sync 1 DAGs
[2025-12-16T15:03:06.130+0000] {logging_mixin.py:190} INFO - [2025-12-16T15:03:06.130+0000] {dag.py:4180} INFO - Setting next_dagrun for etl_synthetic_events to None, run_after=None
[2025-12-16T15:03:06.183+0000] {processor.py:208} INFO - Processing /opt/airflow/dags/etl_airflow_dag.py took 2.234 seconds
[2025-12-16T15:03:36.861+0000] {processor.py:186} INFO - Started process (PID=422) to work on /opt/airflow/dags/etl_airflow_dag.py
[2025-12-16T15:03:36.864+0000] {processor.py:914} INFO - Processing file /opt/airflow/dags/etl_airflow_dag.py for tasks to queue
[2025-12-16T15:03:36.872+0000] {logging_mixin.py:190} INFO - [2025-12-16T15:03:36.872+0000] {dagbag.py:588} INFO - Filling up the DagBag from /opt/airflow/dags/etl_airflow_dag.py
[2025-12-16T15:03:38.074+0000] {processor.py:925} INFO - DAG(s) 'etl_synthetic_events' retrieved from /opt/airflow/dags/etl_airflow_dag.py
[2025-12-16T15:03:38.126+0000] {logging_mixin.py:190} INFO - [2025-12-16T15:03:38.124+0000] {dag.py:3239} INFO - Sync 1 DAGs
[2025-12-16T15:03:38.152+0000] {logging_mixin.py:190} INFO - [2025-12-16T15:03:38.152+0000] {dag.py:4180} INFO - Setting next_dagrun for etl_synthetic_events to None, run_after=None
[2025-12-16T15:03:38.200+0000] {processor.py:208} INFO - Processing /opt/airflow/dags/etl_airflow_dag.py took 1.355 seconds
[2025-12-16T15:04:09.134+0000] {processor.py:186} INFO - Started process (PID=428) to work on /opt/airflow/dags/etl_airflow_dag.py
[2025-12-16T15:04:09.137+0000] {processor.py:914} INFO - Processing file /opt/airflow/dags/etl_airflow_dag.py for tasks to queue
[2025-12-16T15:04:09.143+0000] {logging_mixin.py:190} INFO - [2025-12-16T15:04:09.142+0000] {dagbag.py:588} INFO - Filling up the DagBag from /opt/airflow/dags/etl_airflow_dag.py
[2025-12-16T15:04:10.332+0000] {processor.py:925} INFO - DAG(s) 'etl_synthetic_events' retrieved from /opt/airflow/dags/etl_airflow_dag.py
[2025-12-16T15:04:10.379+0000] {logging_mixin.py:190} INFO - [2025-12-16T15:04:10.378+0000] {dag.py:3239} INFO - Sync 1 DAGs
[2025-12-16T15:04:10.404+0000] {logging_mixin.py:190} INFO - [2025-12-16T15:04:10.403+0000] {dag.py:4180} INFO - Setting next_dagrun for etl_synthetic_events to None, run_after=None
[2025-12-16T15:04:10.453+0000] {processor.py:208} INFO - Processing /opt/airflow/dags/etl_airflow_dag.py took 1.334 seconds
[2025-12-16T15:04:40.854+0000] {processor.py:186} INFO - Started process (PID=434) to work on /opt/airflow/dags/etl_airflow_dag.py
[2025-12-16T15:04:40.857+0000] {processor.py:914} INFO - Processing file /opt/airflow/dags/etl_airflow_dag.py for tasks to queue
[2025-12-16T15:04:40.863+0000] {logging_mixin.py:190} INFO - [2025-12-16T15:04:40.862+0000] {dagbag.py:588} INFO - Filling up the DagBag from /opt/airflow/dags/etl_airflow_dag.py
[2025-12-16T15:04:42.056+0000] {processor.py:925} INFO - DAG(s) 'etl_synthetic_events' retrieved from /opt/airflow/dags/etl_airflow_dag.py
[2025-12-16T15:04:42.099+0000] {logging_mixin.py:190} INFO - [2025-12-16T15:04:42.098+0000] {dag.py:3239} INFO - Sync 1 DAGs
[2025-12-16T15:04:42.124+0000] {logging_mixin.py:190} INFO - [2025-12-16T15:04:42.123+0000] {dag.py:4180} INFO - Setting next_dagrun for etl_synthetic_events to None, run_after=None
[2025-12-16T15:04:42.167+0000] {processor.py:208} INFO - Processing /opt/airflow/dags/etl_airflow_dag.py took 1.326 seconds
[2025-12-16T15:05:12.574+0000] {processor.py:186} INFO - Started process (PID=440) to work on /opt/airflow/dags/etl_airflow_dag.py
[2025-12-16T15:05:12.577+0000] {processor.py:914} INFO - Processing file /opt/airflow/dags/etl_airflow_dag.py for tasks to queue
[2025-12-16T15:05:12.585+0000] {logging_mixin.py:190} INFO - [2025-12-16T15:05:12.584+0000] {dagbag.py:588} INFO - Filling up the DagBag from /opt/airflow/dags/etl_airflow_dag.py
[2025-12-16T15:05:13.638+0000] {processor.py:925} INFO - DAG(s) 'etl_synthetic_events' retrieved from /opt/airflow/dags/etl_airflow_dag.py
[2025-12-16T15:05:13.688+0000] {logging_mixin.py:190} INFO - [2025-12-16T15:05:13.686+0000] {dag.py:3239} INFO - Sync 1 DAGs
[2025-12-16T15:05:13.715+0000] {logging_mixin.py:190} INFO - [2025-12-16T15:05:13.715+0000] {dag.py:4180} INFO - Setting next_dagrun for etl_synthetic_events to None, run_after=None
[2025-12-16T15:05:13.760+0000] {processor.py:208} INFO - Processing /opt/airflow/dags/etl_airflow_dag.py took 1.200 seconds
[2025-12-16T15:05:44.196+0000] {processor.py:186} INFO - Started process (PID=446) to work on /opt/airflow/dags/etl_airflow_dag.py
[2025-12-16T15:05:44.199+0000] {processor.py:914} INFO - Processing file /opt/airflow/dags/etl_airflow_dag.py for tasks to queue
[2025-12-16T15:05:44.206+0000] {logging_mixin.py:190} INFO - [2025-12-16T15:05:44.205+0000] {dagbag.py:588} INFO - Filling up the DagBag from /opt/airflow/dags/etl_airflow_dag.py
[2025-12-16T15:05:45.365+0000] {processor.py:925} INFO - DAG(s) 'etl_synthetic_events' retrieved from /opt/airflow/dags/etl_airflow_dag.py
[2025-12-16T15:05:45.413+0000] {logging_mixin.py:190} INFO - [2025-12-16T15:05:45.412+0000] {dag.py:3239} INFO - Sync 1 DAGs
[2025-12-16T15:05:45.437+0000] {logging_mixin.py:190} INFO - [2025-12-16T15:05:45.437+0000] {dag.py:4180} INFO - Setting next_dagrun for etl_synthetic_events to None, run_after=None
[2025-12-16T15:05:45.481+0000] {processor.py:208} INFO - Processing /opt/airflow/dags/etl_airflow_dag.py took 1.302 seconds
[2025-12-16T15:06:15.809+0000] {processor.py:186} INFO - Started process (PID=452) to work on /opt/airflow/dags/etl_airflow_dag.py
[2025-12-16T15:06:15.812+0000] {processor.py:914} INFO - Processing file /opt/airflow/dags/etl_airflow_dag.py for tasks to queue
[2025-12-16T15:06:15.818+0000] {logging_mixin.py:190} INFO - [2025-12-16T15:06:15.817+0000] {dagbag.py:588} INFO - Filling up the DagBag from /opt/airflow/dags/etl_airflow_dag.py
[2025-12-16T15:06:17.217+0000] {processor.py:925} INFO - DAG(s) 'etl_synthetic_events' retrieved from /opt/airflow/dags/etl_airflow_dag.py
[2025-12-16T15:06:17.271+0000] {logging_mixin.py:190} INFO - [2025-12-16T15:06:17.269+0000] {dag.py:3239} INFO - Sync 1 DAGs
[2025-12-16T15:06:17.302+0000] {logging_mixin.py:190} INFO - [2025-12-16T15:06:17.301+0000] {dag.py:4180} INFO - Setting next_dagrun for etl_synthetic_events to None, run_after=None
[2025-12-16T15:06:17.350+0000] {processor.py:208} INFO - Processing /opt/airflow/dags/etl_airflow_dag.py took 1.555 seconds
[2025-12-16T15:06:47.519+0000] {processor.py:186} INFO - Started process (PID=458) to work on /opt/airflow/dags/etl_airflow_dag.py
[2025-12-16T15:06:47.522+0000] {processor.py:914} INFO - Processing file /opt/airflow/dags/etl_airflow_dag.py for tasks to queue
[2025-12-16T15:06:47.528+0000] {logging_mixin.py:190} INFO - [2025-12-16T15:06:47.527+0000] {dagbag.py:588} INFO - Filling up the DagBag from /opt/airflow/dags/etl_airflow_dag.py
[2025-12-16T15:06:48.658+0000] {processor.py:925} INFO - DAG(s) 'etl_synthetic_events' retrieved from /opt/airflow/dags/etl_airflow_dag.py
[2025-12-16T15:06:48.706+0000] {logging_mixin.py:190} INFO - [2025-12-16T15:06:48.705+0000] {dag.py:3239} INFO - Sync 1 DAGs
[2025-12-16T15:06:48.733+0000] {logging_mixin.py:190} INFO - [2025-12-16T15:06:48.732+0000] {dag.py:4180} INFO - Setting next_dagrun for etl_synthetic_events to None, run_after=None
[2025-12-16T15:06:48.778+0000] {processor.py:208} INFO - Processing /opt/airflow/dags/etl_airflow_dag.py took 1.273 seconds
[2025-12-16T15:07:19.111+0000] {processor.py:186} INFO - Started process (PID=464) to work on /opt/airflow/dags/etl_airflow_dag.py
[2025-12-16T15:07:19.118+0000] {processor.py:914} INFO - Processing file /opt/airflow/dags/etl_airflow_dag.py for tasks to queue
[2025-12-16T15:07:19.127+0000] {logging_mixin.py:190} INFO - [2025-12-16T15:07:19.126+0000] {dagbag.py:588} INFO - Filling up the DagBag from /opt/airflow/dags/etl_airflow_dag.py
[2025-12-16T15:07:20.542+0000] {processor.py:925} INFO - DAG(s) 'etl_synthetic_events' retrieved from /opt/airflow/dags/etl_airflow_dag.py
[2025-12-16T15:07:20.587+0000] {logging_mixin.py:190} INFO - [2025-12-16T15:07:20.584+0000] {dag.py:3239} INFO - Sync 1 DAGs
[2025-12-16T15:07:20.611+0000] {logging_mixin.py:190} INFO - [2025-12-16T15:07:20.610+0000] {dag.py:4180} INFO - Setting next_dagrun for etl_synthetic_events to None, run_after=None
[2025-12-16T15:07:20.655+0000] {processor.py:208} INFO - Processing /opt/airflow/dags/etl_airflow_dag.py took 1.564 seconds
[2025-12-16T15:07:50.930+0000] {processor.py:186} INFO - Started process (PID=470) to work on /opt/airflow/dags/etl_airflow_dag.py
[2025-12-16T15:07:50.935+0000] {processor.py:914} INFO - Processing file /opt/airflow/dags/etl_airflow_dag.py for tasks to queue
[2025-12-16T15:07:50.947+0000] {logging_mixin.py:190} INFO - [2025-12-16T15:07:50.945+0000] {dagbag.py:588} INFO - Filling up the DagBag from /opt/airflow/dags/etl_airflow_dag.py
[2025-12-16T15:07:52.176+0000] {processor.py:925} INFO - DAG(s) 'etl_synthetic_events' retrieved from /opt/airflow/dags/etl_airflow_dag.py
[2025-12-16T15:07:52.223+0000] {logging_mixin.py:190} INFO - [2025-12-16T15:07:52.223+0000] {dag.py:3239} INFO - Sync 1 DAGs
[2025-12-16T15:07:52.247+0000] {logging_mixin.py:190} INFO - [2025-12-16T15:07:52.247+0000] {dag.py:4180} INFO - Setting next_dagrun for etl_synthetic_events to None, run_after=None
[2025-12-16T15:07:52.295+0000] {processor.py:208} INFO - Processing /opt/airflow/dags/etl_airflow_dag.py took 1.383 seconds
[2025-12-16T15:08:22.820+0000] {processor.py:186} INFO - Started process (PID=476) to work on /opt/airflow/dags/etl_airflow_dag.py
[2025-12-16T15:08:22.824+0000] {processor.py:914} INFO - Processing file /opt/airflow/dags/etl_airflow_dag.py for tasks to queue
[2025-12-16T15:08:22.831+0000] {logging_mixin.py:190} INFO - [2025-12-16T15:08:22.830+0000] {dagbag.py:588} INFO - Filling up the DagBag from /opt/airflow/dags/etl_airflow_dag.py
[2025-12-16T15:08:24.211+0000] {processor.py:925} INFO - DAG(s) 'etl_synthetic_events' retrieved from /opt/airflow/dags/etl_airflow_dag.py
[2025-12-16T15:08:24.257+0000] {logging_mixin.py:190} INFO - [2025-12-16T15:08:24.256+0000] {dag.py:3239} INFO - Sync 1 DAGs
[2025-12-16T15:08:24.280+0000] {logging_mixin.py:190} INFO - [2025-12-16T15:08:24.279+0000] {dag.py:4180} INFO - Setting next_dagrun for etl_synthetic_events to None, run_after=None
[2025-12-16T15:08:24.318+0000] {processor.py:208} INFO - Processing /opt/airflow/dags/etl_airflow_dag.py took 1.517 seconds
[2025-12-16T15:08:54.973+0000] {processor.py:186} INFO - Started process (PID=482) to work on /opt/airflow/dags/etl_airflow_dag.py
[2025-12-16T15:08:54.976+0000] {processor.py:914} INFO - Processing file /opt/airflow/dags/etl_airflow_dag.py for tasks to queue
[2025-12-16T15:08:54.983+0000] {logging_mixin.py:190} INFO - [2025-12-16T15:08:54.982+0000] {dagbag.py:588} INFO - Filling up the DagBag from /opt/airflow/dags/etl_airflow_dag.py
[2025-12-16T15:08:56.254+0000] {processor.py:925} INFO - DAG(s) 'etl_synthetic_events' retrieved from /opt/airflow/dags/etl_airflow_dag.py
[2025-12-16T15:08:56.316+0000] {logging_mixin.py:190} INFO - [2025-12-16T15:08:56.314+0000] {dag.py:3239} INFO - Sync 1 DAGs
[2025-12-16T15:08:56.347+0000] {logging_mixin.py:190} INFO - [2025-12-16T15:08:56.347+0000] {dag.py:4180} INFO - Setting next_dagrun for etl_synthetic_events to None, run_after=None
[2025-12-16T15:08:56.398+0000] {processor.py:208} INFO - Processing /opt/airflow/dags/etl_airflow_dag.py took 1.443 seconds
[2025-12-16T15:09:26.892+0000] {processor.py:186} INFO - Started process (PID=488) to work on /opt/airflow/dags/etl_airflow_dag.py
[2025-12-16T15:09:26.895+0000] {processor.py:914} INFO - Processing file /opt/airflow/dags/etl_airflow_dag.py for tasks to queue
[2025-12-16T15:09:26.912+0000] {logging_mixin.py:190} INFO - [2025-12-16T15:09:26.910+0000] {dagbag.py:588} INFO - Filling up the DagBag from /opt/airflow/dags/etl_airflow_dag.py
[2025-12-16T15:09:28.194+0000] {processor.py:925} INFO - DAG(s) 'etl_synthetic_events' retrieved from /opt/airflow/dags/etl_airflow_dag.py
[2025-12-16T15:09:28.240+0000] {logging_mixin.py:190} INFO - [2025-12-16T15:09:28.237+0000] {dag.py:3239} INFO - Sync 1 DAGs
[2025-12-16T15:09:28.263+0000] {logging_mixin.py:190} INFO - [2025-12-16T15:09:28.262+0000] {dag.py:4180} INFO - Setting next_dagrun for etl_synthetic_events to None, run_after=None
[2025-12-16T15:09:28.311+0000] {processor.py:208} INFO - Processing /opt/airflow/dags/etl_airflow_dag.py took 1.467 seconds
[2025-12-16T15:09:58.478+0000] {processor.py:186} INFO - Started process (PID=494) to work on /opt/airflow/dags/etl_airflow_dag.py
[2025-12-16T15:09:58.481+0000] {processor.py:914} INFO - Processing file /opt/airflow/dags/etl_airflow_dag.py for tasks to queue
[2025-12-16T15:09:58.487+0000] {logging_mixin.py:190} INFO - [2025-12-16T15:09:58.486+0000] {dagbag.py:588} INFO - Filling up the DagBag from /opt/airflow/dags/etl_airflow_dag.py
[2025-12-16T15:09:59.681+0000] {processor.py:925} INFO - DAG(s) 'etl_synthetic_events' retrieved from /opt/airflow/dags/etl_airflow_dag.py
[2025-12-16T15:09:59.727+0000] {logging_mixin.py:190} INFO - [2025-12-16T15:09:59.726+0000] {dag.py:3239} INFO - Sync 1 DAGs
[2025-12-16T15:09:59.750+0000] {logging_mixin.py:190} INFO - [2025-12-16T15:09:59.749+0000] {dag.py:4180} INFO - Setting next_dagrun for etl_synthetic_events to None, run_after=None
[2025-12-16T15:09:59.784+0000] {processor.py:208} INFO - Processing /opt/airflow/dags/etl_airflow_dag.py took 1.320 seconds
[2025-12-16T15:10:29.940+0000] {processor.py:186} INFO - Started process (PID=500) to work on /opt/airflow/dags/etl_airflow_dag.py
[2025-12-16T15:10:29.943+0000] {processor.py:914} INFO - Processing file /opt/airflow/dags/etl_airflow_dag.py for tasks to queue
[2025-12-16T15:10:29.950+0000] {logging_mixin.py:190} INFO - [2025-12-16T15:10:29.949+0000] {dagbag.py:588} INFO - Filling up the DagBag from /opt/airflow/dags/etl_airflow_dag.py
[2025-12-16T15:10:31.145+0000] {processor.py:925} INFO - DAG(s) 'etl_synthetic_events' retrieved from /opt/airflow/dags/etl_airflow_dag.py
[2025-12-16T15:10:31.192+0000] {logging_mixin.py:190} INFO - [2025-12-16T15:10:31.191+0000] {dag.py:3239} INFO - Sync 1 DAGs
[2025-12-16T15:10:31.223+0000] {logging_mixin.py:190} INFO - [2025-12-16T15:10:31.223+0000] {dag.py:4180} INFO - Setting next_dagrun for etl_synthetic_events to None, run_after=None
[2025-12-16T15:10:31.264+0000] {processor.py:208} INFO - Processing /opt/airflow/dags/etl_airflow_dag.py took 1.341 seconds
[2025-12-16T15:11:01.504+0000] {processor.py:186} INFO - Started process (PID=506) to work on /opt/airflow/dags/etl_airflow_dag.py
[2025-12-16T15:11:01.508+0000] {processor.py:914} INFO - Processing file /opt/airflow/dags/etl_airflow_dag.py for tasks to queue
[2025-12-16T15:11:01.514+0000] {logging_mixin.py:190} INFO - [2025-12-16T15:11:01.513+0000] {dagbag.py:588} INFO - Filling up the DagBag from /opt/airflow/dags/etl_airflow_dag.py
[2025-12-16T15:11:02.898+0000] {processor.py:925} INFO - DAG(s) 'etl_synthetic_events' retrieved from /opt/airflow/dags/etl_airflow_dag.py
[2025-12-16T15:11:02.952+0000] {logging_mixin.py:190} INFO - [2025-12-16T15:11:02.950+0000] {dag.py:3239} INFO - Sync 1 DAGs
[2025-12-16T15:11:02.983+0000] {logging_mixin.py:190} INFO - [2025-12-16T15:11:02.983+0000] {dag.py:4180} INFO - Setting next_dagrun for etl_synthetic_events to None, run_after=None
[2025-12-16T15:11:03.041+0000] {processor.py:208} INFO - Processing /opt/airflow/dags/etl_airflow_dag.py took 1.550 seconds
[2025-12-16T15:11:33.354+0000] {processor.py:186} INFO - Started process (PID=512) to work on /opt/airflow/dags/etl_airflow_dag.py
[2025-12-16T15:11:33.357+0000] {processor.py:914} INFO - Processing file /opt/airflow/dags/etl_airflow_dag.py for tasks to queue
[2025-12-16T15:11:33.364+0000] {logging_mixin.py:190} INFO - [2025-12-16T15:11:33.364+0000] {dagbag.py:588} INFO - Filling up the DagBag from /opt/airflow/dags/etl_airflow_dag.py
[2025-12-16T15:11:34.770+0000] {processor.py:925} INFO - DAG(s) 'etl_synthetic_events' retrieved from /opt/airflow/dags/etl_airflow_dag.py
[2025-12-16T15:11:34.820+0000] {logging_mixin.py:190} INFO - [2025-12-16T15:11:34.817+0000] {dag.py:3239} INFO - Sync 1 DAGs
[2025-12-16T15:11:34.851+0000] {logging_mixin.py:190} INFO - [2025-12-16T15:11:34.851+0000] {dag.py:4180} INFO - Setting next_dagrun for etl_synthetic_events to None, run_after=None
[2025-12-16T15:11:34.907+0000] {processor.py:208} INFO - Processing /opt/airflow/dags/etl_airflow_dag.py took 1.568 seconds
[2025-12-16T15:12:05.195+0000] {processor.py:186} INFO - Started process (PID=518) to work on /opt/airflow/dags/etl_airflow_dag.py
[2025-12-16T15:12:05.201+0000] {processor.py:914} INFO - Processing file /opt/airflow/dags/etl_airflow_dag.py for tasks to queue
[2025-12-16T15:12:05.209+0000] {logging_mixin.py:190} INFO - [2025-12-16T15:12:05.209+0000] {dagbag.py:588} INFO - Filling up the DagBag from /opt/airflow/dags/etl_airflow_dag.py
[2025-12-16T15:12:06.567+0000] {processor.py:925} INFO - DAG(s) 'etl_synthetic_events' retrieved from /opt/airflow/dags/etl_airflow_dag.py
[2025-12-16T15:12:06.611+0000] {logging_mixin.py:190} INFO - [2025-12-16T15:12:06.610+0000] {dag.py:3239} INFO - Sync 1 DAGs
[2025-12-16T15:12:06.632+0000] {logging_mixin.py:190} INFO - [2025-12-16T15:12:06.631+0000] {dag.py:4180} INFO - Setting next_dagrun for etl_synthetic_events to None, run_after=None
[2025-12-16T15:12:06.676+0000] {processor.py:208} INFO - Processing /opt/airflow/dags/etl_airflow_dag.py took 1.498 seconds
[2025-12-16T15:12:37.144+0000] {processor.py:186} INFO - Started process (PID=524) to work on /opt/airflow/dags/etl_airflow_dag.py
[2025-12-16T15:12:37.153+0000] {processor.py:914} INFO - Processing file /opt/airflow/dags/etl_airflow_dag.py for tasks to queue
[2025-12-16T15:12:37.170+0000] {logging_mixin.py:190} INFO - [2025-12-16T15:12:37.169+0000] {dagbag.py:588} INFO - Filling up the DagBag from /opt/airflow/dags/etl_airflow_dag.py
[2025-12-16T15:12:38.371+0000] {processor.py:925} INFO - DAG(s) 'etl_synthetic_events' retrieved from /opt/airflow/dags/etl_airflow_dag.py
[2025-12-16T15:12:38.420+0000] {logging_mixin.py:190} INFO - [2025-12-16T15:12:38.419+0000] {dag.py:3239} INFO - Sync 1 DAGs
[2025-12-16T15:12:38.441+0000] {logging_mixin.py:190} INFO - [2025-12-16T15:12:38.440+0000] {dag.py:4180} INFO - Setting next_dagrun for etl_synthetic_events to None, run_after=None
[2025-12-16T15:12:38.477+0000] {processor.py:208} INFO - Processing /opt/airflow/dags/etl_airflow_dag.py took 1.366 seconds
[2025-12-16T15:13:08.714+0000] {processor.py:186} INFO - Started process (PID=530) to work on /opt/airflow/dags/etl_airflow_dag.py
[2025-12-16T15:13:08.717+0000] {processor.py:914} INFO - Processing file /opt/airflow/dags/etl_airflow_dag.py for tasks to queue
[2025-12-16T15:13:08.725+0000] {logging_mixin.py:190} INFO - [2025-12-16T15:13:08.724+0000] {dagbag.py:588} INFO - Filling up the DagBag from /opt/airflow/dags/etl_airflow_dag.py
[2025-12-16T15:13:09.894+0000] {processor.py:925} INFO - DAG(s) 'etl_synthetic_events' retrieved from /opt/airflow/dags/etl_airflow_dag.py
[2025-12-16T15:13:09.940+0000] {logging_mixin.py:190} INFO - [2025-12-16T15:13:09.939+0000] {dag.py:3239} INFO - Sync 1 DAGs
[2025-12-16T15:13:09.970+0000] {logging_mixin.py:190} INFO - [2025-12-16T15:13:09.970+0000] {dag.py:4180} INFO - Setting next_dagrun for etl_synthetic_events to None, run_after=None
[2025-12-16T15:13:10.008+0000] {processor.py:208} INFO - Processing /opt/airflow/dags/etl_airflow_dag.py took 1.311 seconds
[2025-12-16T15:13:40.179+0000] {processor.py:186} INFO - Started process (PID=536) to work on /opt/airflow/dags/etl_airflow_dag.py
[2025-12-16T15:13:40.182+0000] {processor.py:914} INFO - Processing file /opt/airflow/dags/etl_airflow_dag.py for tasks to queue
[2025-12-16T15:13:40.188+0000] {logging_mixin.py:190} INFO - [2025-12-16T15:13:40.187+0000] {dagbag.py:588} INFO - Filling up the DagBag from /opt/airflow/dags/etl_airflow_dag.py
[2025-12-16T15:13:41.300+0000] {processor.py:925} INFO - DAG(s) 'etl_synthetic_events' retrieved from /opt/airflow/dags/etl_airflow_dag.py
[2025-12-16T15:13:41.347+0000] {logging_mixin.py:190} INFO - [2025-12-16T15:13:41.345+0000] {dag.py:3239} INFO - Sync 1 DAGs
[2025-12-16T15:13:41.370+0000] {logging_mixin.py:190} INFO - [2025-12-16T15:13:41.370+0000] {dag.py:4180} INFO - Setting next_dagrun for etl_synthetic_events to None, run_after=None
[2025-12-16T15:13:41.408+0000] {processor.py:208} INFO - Processing /opt/airflow/dags/etl_airflow_dag.py took 1.244 seconds
[2025-12-16T15:14:11.699+0000] {processor.py:186} INFO - Started process (PID=542) to work on /opt/airflow/dags/etl_airflow_dag.py
[2025-12-16T15:14:11.702+0000] {processor.py:914} INFO - Processing file /opt/airflow/dags/etl_airflow_dag.py for tasks to queue
[2025-12-16T15:14:11.709+0000] {logging_mixin.py:190} INFO - [2025-12-16T15:14:11.708+0000] {dagbag.py:588} INFO - Filling up the DagBag from /opt/airflow/dags/etl_airflow_dag.py
[2025-12-16T15:14:12.838+0000] {processor.py:925} INFO - DAG(s) 'etl_synthetic_events' retrieved from /opt/airflow/dags/etl_airflow_dag.py
[2025-12-16T15:14:12.884+0000] {logging_mixin.py:190} INFO - [2025-12-16T15:14:12.883+0000] {dag.py:3239} INFO - Sync 1 DAGs
[2025-12-16T15:14:12.913+0000] {logging_mixin.py:190} INFO - [2025-12-16T15:14:12.913+0000] {dag.py:4180} INFO - Setting next_dagrun for etl_synthetic_events to None, run_after=None
[2025-12-16T15:14:12.956+0000] {processor.py:208} INFO - Processing /opt/airflow/dags/etl_airflow_dag.py took 1.275 seconds
[2025-12-16T15:14:43.357+0000] {processor.py:186} INFO - Started process (PID=548) to work on /opt/airflow/dags/etl_airflow_dag.py
[2025-12-16T15:14:43.360+0000] {processor.py:914} INFO - Processing file /opt/airflow/dags/etl_airflow_dag.py for tasks to queue
[2025-12-16T15:14:43.368+0000] {logging_mixin.py:190} INFO - [2025-12-16T15:14:43.367+0000] {dagbag.py:588} INFO - Filling up the DagBag from /opt/airflow/dags/etl_airflow_dag.py
[2025-12-16T15:14:44.575+0000] {processor.py:925} INFO - DAG(s) 'etl_synthetic_events' retrieved from /opt/airflow/dags/etl_airflow_dag.py
[2025-12-16T15:14:44.623+0000] {logging_mixin.py:190} INFO - [2025-12-16T15:14:44.622+0000] {dag.py:3239} INFO - Sync 1 DAGs
[2025-12-16T15:14:44.646+0000] {logging_mixin.py:190} INFO - [2025-12-16T15:14:44.646+0000] {dag.py:4180} INFO - Setting next_dagrun for etl_synthetic_events to None, run_after=None
[2025-12-16T15:14:44.692+0000] {processor.py:208} INFO - Processing /opt/airflow/dags/etl_airflow_dag.py took 1.352 seconds
[2025-12-16T15:15:14.939+0000] {processor.py:186} INFO - Started process (PID=554) to work on /opt/airflow/dags/etl_airflow_dag.py
[2025-12-16T15:15:14.942+0000] {processor.py:914} INFO - Processing file /opt/airflow/dags/etl_airflow_dag.py for tasks to queue
[2025-12-16T15:15:14.948+0000] {logging_mixin.py:190} INFO - [2025-12-16T15:15:14.947+0000] {dagbag.py:588} INFO - Filling up the DagBag from /opt/airflow/dags/etl_airflow_dag.py
[2025-12-16T15:15:16.002+0000] {processor.py:925} INFO - DAG(s) 'etl_synthetic_events' retrieved from /opt/airflow/dags/etl_airflow_dag.py
[2025-12-16T15:15:16.045+0000] {logging_mixin.py:190} INFO - [2025-12-16T15:15:16.045+0000] {dag.py:3239} INFO - Sync 1 DAGs
[2025-12-16T15:15:16.070+0000] {logging_mixin.py:190} INFO - [2025-12-16T15:15:16.070+0000] {dag.py:4180} INFO - Setting next_dagrun for etl_synthetic_events to None, run_after=None
[2025-12-16T15:15:16.113+0000] {processor.py:208} INFO - Processing /opt/airflow/dags/etl_airflow_dag.py took 1.188 seconds
[2025-12-16T15:15:46.647+0000] {processor.py:186} INFO - Started process (PID=560) to work on /opt/airflow/dags/etl_airflow_dag.py
[2025-12-16T15:15:46.650+0000] {processor.py:914} INFO - Processing file /opt/airflow/dags/etl_airflow_dag.py for tasks to queue
[2025-12-16T15:15:46.657+0000] {logging_mixin.py:190} INFO - [2025-12-16T15:15:46.656+0000] {dagbag.py:588} INFO - Filling up the DagBag from /opt/airflow/dags/etl_airflow_dag.py
[2025-12-16T15:15:47.964+0000] {processor.py:925} INFO - DAG(s) 'etl_synthetic_events' retrieved from /opt/airflow/dags/etl_airflow_dag.py
[2025-12-16T15:15:48.022+0000] {logging_mixin.py:190} INFO - [2025-12-16T15:15:48.018+0000] {dag.py:3239} INFO - Sync 1 DAGs
[2025-12-16T15:15:48.052+0000] {logging_mixin.py:190} INFO - [2025-12-16T15:15:48.051+0000] {dag.py:4180} INFO - Setting next_dagrun for etl_synthetic_events to None, run_after=None
[2025-12-16T15:15:48.106+0000] {processor.py:208} INFO - Processing /opt/airflow/dags/etl_airflow_dag.py took 1.471 seconds
[2025-12-16T15:16:18.678+0000] {processor.py:186} INFO - Started process (PID=566) to work on /opt/airflow/dags/etl_airflow_dag.py
[2025-12-16T15:16:18.681+0000] {processor.py:914} INFO - Processing file /opt/airflow/dags/etl_airflow_dag.py for tasks to queue
[2025-12-16T15:16:18.689+0000] {logging_mixin.py:190} INFO - [2025-12-16T15:16:18.687+0000] {dagbag.py:588} INFO - Filling up the DagBag from /opt/airflow/dags/etl_airflow_dag.py
[2025-12-16T15:16:19.977+0000] {processor.py:925} INFO - DAG(s) 'etl_synthetic_events' retrieved from /opt/airflow/dags/etl_airflow_dag.py
[2025-12-16T15:16:20.063+0000] {logging_mixin.py:190} INFO - [2025-12-16T15:16:20.062+0000] {dag.py:3239} INFO - Sync 1 DAGs
[2025-12-16T15:16:20.087+0000] {logging_mixin.py:190} INFO - [2025-12-16T15:16:20.086+0000] {dag.py:4180} INFO - Setting next_dagrun for etl_synthetic_events to None, run_after=None
[2025-12-16T15:16:20.126+0000] {processor.py:208} INFO - Processing /opt/airflow/dags/etl_airflow_dag.py took 1.475 seconds
[2025-12-16T15:16:50.505+0000] {processor.py:186} INFO - Started process (PID=572) to work on /opt/airflow/dags/etl_airflow_dag.py
[2025-12-16T15:16:50.508+0000] {processor.py:914} INFO - Processing file /opt/airflow/dags/etl_airflow_dag.py for tasks to queue
[2025-12-16T15:16:50.513+0000] {logging_mixin.py:190} INFO - [2025-12-16T15:16:50.512+0000] {dagbag.py:588} INFO - Filling up the DagBag from /opt/airflow/dags/etl_airflow_dag.py
[2025-12-16T15:16:51.606+0000] {processor.py:925} INFO - DAG(s) 'etl_synthetic_events' retrieved from /opt/airflow/dags/etl_airflow_dag.py
[2025-12-16T15:16:51.659+0000] {logging_mixin.py:190} INFO - [2025-12-16T15:16:51.658+0000] {dag.py:3239} INFO - Sync 1 DAGs
[2025-12-16T15:16:51.683+0000] {logging_mixin.py:190} INFO - [2025-12-16T15:16:51.682+0000] {dag.py:4180} INFO - Setting next_dagrun for etl_synthetic_events to None, run_after=None
[2025-12-16T15:16:51.731+0000] {processor.py:208} INFO - Processing /opt/airflow/dags/etl_airflow_dag.py took 1.239 seconds
[2025-12-16T15:17:22.040+0000] {processor.py:186} INFO - Started process (PID=578) to work on /opt/airflow/dags/etl_airflow_dag.py
[2025-12-16T15:17:22.042+0000] {processor.py:914} INFO - Processing file /opt/airflow/dags/etl_airflow_dag.py for tasks to queue
[2025-12-16T15:17:22.049+0000] {logging_mixin.py:190} INFO - [2025-12-16T15:17:22.048+0000] {dagbag.py:588} INFO - Filling up the DagBag from /opt/airflow/dags/etl_airflow_dag.py
[2025-12-16T15:17:23.251+0000] {processor.py:925} INFO - DAG(s) 'etl_synthetic_events' retrieved from /opt/airflow/dags/etl_airflow_dag.py
[2025-12-16T15:17:23.312+0000] {logging_mixin.py:190} INFO - [2025-12-16T15:17:23.311+0000] {dag.py:3239} INFO - Sync 1 DAGs
[2025-12-16T15:17:23.341+0000] {logging_mixin.py:190} INFO - [2025-12-16T15:17:23.341+0000] {dag.py:4180} INFO - Setting next_dagrun for etl_synthetic_events to None, run_after=None
[2025-12-16T15:17:23.388+0000] {processor.py:208} INFO - Processing /opt/airflow/dags/etl_airflow_dag.py took 1.362 seconds
[2025-12-16T15:17:53.672+0000] {processor.py:186} INFO - Started process (PID=584) to work on /opt/airflow/dags/etl_airflow_dag.py
[2025-12-16T15:17:53.676+0000] {processor.py:914} INFO - Processing file /opt/airflow/dags/etl_airflow_dag.py for tasks to queue
[2025-12-16T15:17:53.686+0000] {logging_mixin.py:190} INFO - [2025-12-16T15:17:53.685+0000] {dagbag.py:588} INFO - Filling up the DagBag from /opt/airflow/dags/etl_airflow_dag.py
[2025-12-16T15:17:54.787+0000] {processor.py:925} INFO - DAG(s) 'etl_synthetic_events' retrieved from /opt/airflow/dags/etl_airflow_dag.py
[2025-12-16T15:17:54.847+0000] {logging_mixin.py:190} INFO - [2025-12-16T15:17:54.842+0000] {dag.py:3239} INFO - Sync 1 DAGs
[2025-12-16T15:17:54.876+0000] {logging_mixin.py:190} INFO - [2025-12-16T15:17:54.876+0000] {dag.py:4180} INFO - Setting next_dagrun for etl_synthetic_events to None, run_after=None
[2025-12-16T15:17:54.922+0000] {processor.py:208} INFO - Processing /opt/airflow/dags/etl_airflow_dag.py took 1.270 seconds
[2025-12-16T15:18:25.573+0000] {processor.py:186} INFO - Started process (PID=590) to work on /opt/airflow/dags/etl_airflow_dag.py
[2025-12-16T15:18:25.576+0000] {processor.py:914} INFO - Processing file /opt/airflow/dags/etl_airflow_dag.py for tasks to queue
[2025-12-16T15:18:25.583+0000] {logging_mixin.py:190} INFO - [2025-12-16T15:18:25.582+0000] {dagbag.py:588} INFO - Filling up the DagBag from /opt/airflow/dags/etl_airflow_dag.py
[2025-12-16T15:18:26.921+0000] {processor.py:925} INFO - DAG(s) 'etl_synthetic_events' retrieved from /opt/airflow/dags/etl_airflow_dag.py
[2025-12-16T15:18:27.011+0000] {logging_mixin.py:190} INFO - [2025-12-16T15:18:27.009+0000] {dag.py:3239} INFO - Sync 1 DAGs
[2025-12-16T15:18:27.068+0000] {logging_mixin.py:190} INFO - [2025-12-16T15:18:27.067+0000] {dag.py:4180} INFO - Setting next_dagrun for etl_synthetic_events to None, run_after=None
[2025-12-16T15:18:27.146+0000] {processor.py:208} INFO - Processing /opt/airflow/dags/etl_airflow_dag.py took 1.598 seconds
[2025-12-16T15:18:57.864+0000] {processor.py:186} INFO - Started process (PID=596) to work on /opt/airflow/dags/etl_airflow_dag.py
[2025-12-16T15:18:57.866+0000] {processor.py:914} INFO - Processing file /opt/airflow/dags/etl_airflow_dag.py for tasks to queue
[2025-12-16T15:18:57.874+0000] {logging_mixin.py:190} INFO - [2025-12-16T15:18:57.873+0000] {dagbag.py:588} INFO - Filling up the DagBag from /opt/airflow/dags/etl_airflow_dag.py
[2025-12-16T15:18:59.016+0000] {processor.py:925} INFO - DAG(s) 'etl_synthetic_events' retrieved from /opt/airflow/dags/etl_airflow_dag.py
[2025-12-16T15:18:59.066+0000] {logging_mixin.py:190} INFO - [2025-12-16T15:18:59.064+0000] {dag.py:3239} INFO - Sync 1 DAGs
[2025-12-16T15:18:59.093+0000] {logging_mixin.py:190} INFO - [2025-12-16T15:18:59.092+0000] {dag.py:4180} INFO - Setting next_dagrun for etl_synthetic_events to None, run_after=None
[2025-12-16T15:18:59.142+0000] {processor.py:208} INFO - Processing /opt/airflow/dags/etl_airflow_dag.py took 1.293 seconds
[2025-12-16T15:19:29.540+0000] {processor.py:186} INFO - Started process (PID=602) to work on /opt/airflow/dags/etl_airflow_dag.py
[2025-12-16T15:19:29.543+0000] {processor.py:914} INFO - Processing file /opt/airflow/dags/etl_airflow_dag.py for tasks to queue
[2025-12-16T15:19:29.549+0000] {logging_mixin.py:190} INFO - [2025-12-16T15:19:29.548+0000] {dagbag.py:588} INFO - Filling up the DagBag from /opt/airflow/dags/etl_airflow_dag.py
[2025-12-16T15:19:30.759+0000] {processor.py:925} INFO - DAG(s) 'etl_synthetic_events' retrieved from /opt/airflow/dags/etl_airflow_dag.py
[2025-12-16T15:19:30.816+0000] {logging_mixin.py:190} INFO - [2025-12-16T15:19:30.815+0000] {dag.py:3239} INFO - Sync 1 DAGs
[2025-12-16T15:19:30.844+0000] {logging_mixin.py:190} INFO - [2025-12-16T15:19:30.843+0000] {dag.py:4180} INFO - Setting next_dagrun for etl_synthetic_events to None, run_after=None
[2025-12-16T15:19:30.884+0000] {processor.py:208} INFO - Processing /opt/airflow/dags/etl_airflow_dag.py took 1.357 seconds
[2025-12-16T15:20:01.135+0000] {processor.py:186} INFO - Started process (PID=608) to work on /opt/airflow/dags/etl_airflow_dag.py
[2025-12-16T15:20:01.138+0000] {processor.py:914} INFO - Processing file /opt/airflow/dags/etl_airflow_dag.py for tasks to queue
[2025-12-16T15:20:01.144+0000] {logging_mixin.py:190} INFO - [2025-12-16T15:20:01.144+0000] {dagbag.py:588} INFO - Filling up the DagBag from /opt/airflow/dags/etl_airflow_dag.py
[2025-12-16T15:20:02.573+0000] {processor.py:925} INFO - DAG(s) 'etl_synthetic_events' retrieved from /opt/airflow/dags/etl_airflow_dag.py
[2025-12-16T15:20:02.621+0000] {logging_mixin.py:190} INFO - [2025-12-16T15:20:02.618+0000] {dag.py:3239} INFO - Sync 1 DAGs
[2025-12-16T15:20:02.643+0000] {logging_mixin.py:190} INFO - [2025-12-16T15:20:02.642+0000] {dag.py:4180} INFO - Setting next_dagrun for etl_synthetic_events to None, run_after=None
[2025-12-16T15:20:02.686+0000] {processor.py:208} INFO - Processing /opt/airflow/dags/etl_airflow_dag.py took 1.567 seconds
[2025-12-16T15:20:32.999+0000] {processor.py:186} INFO - Started process (PID=614) to work on /opt/airflow/dags/etl_airflow_dag.py
[2025-12-16T15:20:33.003+0000] {processor.py:914} INFO - Processing file /opt/airflow/dags/etl_airflow_dag.py for tasks to queue
[2025-12-16T15:20:33.011+0000] {logging_mixin.py:190} INFO - [2025-12-16T15:20:33.010+0000] {dagbag.py:588} INFO - Filling up the DagBag from /opt/airflow/dags/etl_airflow_dag.py
[2025-12-16T15:20:34.316+0000] {processor.py:925} INFO - DAG(s) 'etl_synthetic_events' retrieved from /opt/airflow/dags/etl_airflow_dag.py
[2025-12-16T15:20:34.370+0000] {logging_mixin.py:190} INFO - [2025-12-16T15:20:34.369+0000] {dag.py:3239} INFO - Sync 1 DAGs
[2025-12-16T15:20:34.394+0000] {logging_mixin.py:190} INFO - [2025-12-16T15:20:34.394+0000] {dag.py:4180} INFO - Setting next_dagrun for etl_synthetic_events to None, run_after=None
[2025-12-16T15:20:34.432+0000] {processor.py:208} INFO - Processing /opt/airflow/dags/etl_airflow_dag.py took 1.451 seconds
[2025-12-16T15:21:04.756+0000] {processor.py:186} INFO - Started process (PID=620) to work on /opt/airflow/dags/etl_airflow_dag.py
[2025-12-16T15:21:04.759+0000] {processor.py:914} INFO - Processing file /opt/airflow/dags/etl_airflow_dag.py for tasks to queue
[2025-12-16T15:21:04.764+0000] {logging_mixin.py:190} INFO - [2025-12-16T15:21:04.763+0000] {dagbag.py:588} INFO - Filling up the DagBag from /opt/airflow/dags/etl_airflow_dag.py
[2025-12-16T15:21:05.942+0000] {processor.py:925} INFO - DAG(s) 'etl_synthetic_events' retrieved from /opt/airflow/dags/etl_airflow_dag.py
[2025-12-16T15:21:05.984+0000] {logging_mixin.py:190} INFO - [2025-12-16T15:21:05.983+0000] {dag.py:3239} INFO - Sync 1 DAGs
[2025-12-16T15:21:06.004+0000] {logging_mixin.py:190} INFO - [2025-12-16T15:21:06.004+0000] {dag.py:4180} INFO - Setting next_dagrun for etl_synthetic_events to None, run_after=None
[2025-12-16T15:21:06.040+0000] {processor.py:208} INFO - Processing /opt/airflow/dags/etl_airflow_dag.py took 1.297 seconds
[2025-12-16T15:21:36.372+0000] {processor.py:186} INFO - Started process (PID=626) to work on /opt/airflow/dags/etl_airflow_dag.py
[2025-12-16T15:21:36.375+0000] {processor.py:914} INFO - Processing file /opt/airflow/dags/etl_airflow_dag.py for tasks to queue
[2025-12-16T15:21:36.383+0000] {logging_mixin.py:190} INFO - [2025-12-16T15:21:36.382+0000] {dagbag.py:588} INFO - Filling up the DagBag from /opt/airflow/dags/etl_airflow_dag.py
[2025-12-16T15:21:37.590+0000] {processor.py:925} INFO - DAG(s) 'etl_synthetic_events' retrieved from /opt/airflow/dags/etl_airflow_dag.py
[2025-12-16T15:21:37.694+0000] {logging_mixin.py:190} INFO - [2025-12-16T15:21:37.693+0000] {dag.py:3239} INFO - Sync 1 DAGs
[2025-12-16T15:21:37.730+0000] {logging_mixin.py:190} INFO - [2025-12-16T15:21:37.728+0000] {dag.py:4180} INFO - Setting next_dagrun for etl_synthetic_events to None, run_after=None
[2025-12-16T15:21:37.786+0000] {processor.py:208} INFO - Processing /opt/airflow/dags/etl_airflow_dag.py took 1.433 seconds
[2025-12-16T15:22:08.052+0000] {processor.py:186} INFO - Started process (PID=632) to work on /opt/airflow/dags/etl_airflow_dag.py
[2025-12-16T15:22:08.055+0000] {processor.py:914} INFO - Processing file /opt/airflow/dags/etl_airflow_dag.py for tasks to queue
[2025-12-16T15:22:08.062+0000] {logging_mixin.py:190} INFO - [2025-12-16T15:22:08.061+0000] {dagbag.py:588} INFO - Filling up the DagBag from /opt/airflow/dags/etl_airflow_dag.py
[2025-12-16T15:22:09.178+0000] {processor.py:925} INFO - DAG(s) 'etl_synthetic_events' retrieved from /opt/airflow/dags/etl_airflow_dag.py
[2025-12-16T15:22:09.222+0000] {logging_mixin.py:190} INFO - [2025-12-16T15:22:09.219+0000] {dag.py:3239} INFO - Sync 1 DAGs
[2025-12-16T15:22:09.246+0000] {logging_mixin.py:190} INFO - [2025-12-16T15:22:09.246+0000] {dag.py:4180} INFO - Setting next_dagrun for etl_synthetic_events to None, run_after=None
[2025-12-16T15:22:09.288+0000] {processor.py:208} INFO - Processing /opt/airflow/dags/etl_airflow_dag.py took 1.253 seconds
[2025-12-16T15:22:39.794+0000] {processor.py:186} INFO - Started process (PID=638) to work on /opt/airflow/dags/etl_airflow_dag.py
[2025-12-16T15:22:39.796+0000] {processor.py:914} INFO - Processing file /opt/airflow/dags/etl_airflow_dag.py for tasks to queue
[2025-12-16T15:22:39.802+0000] {logging_mixin.py:190} INFO - [2025-12-16T15:22:39.801+0000] {dagbag.py:588} INFO - Filling up the DagBag from /opt/airflow/dags/etl_airflow_dag.py
[2025-12-16T15:22:40.852+0000] {processor.py:925} INFO - DAG(s) 'etl_synthetic_events' retrieved from /opt/airflow/dags/etl_airflow_dag.py
[2025-12-16T15:22:40.901+0000] {logging_mixin.py:190} INFO - [2025-12-16T15:22:40.899+0000] {dag.py:3239} INFO - Sync 1 DAGs
[2025-12-16T15:22:40.924+0000] {logging_mixin.py:190} INFO - [2025-12-16T15:22:40.923+0000] {dag.py:4180} INFO - Setting next_dagrun for etl_synthetic_events to None, run_after=None
[2025-12-16T15:22:40.963+0000] {processor.py:208} INFO - Processing /opt/airflow/dags/etl_airflow_dag.py took 1.181 seconds
[2025-12-16T15:23:11.381+0000] {processor.py:186} INFO - Started process (PID=644) to work on /opt/airflow/dags/etl_airflow_dag.py
[2025-12-16T15:23:11.384+0000] {processor.py:914} INFO - Processing file /opt/airflow/dags/etl_airflow_dag.py for tasks to queue
[2025-12-16T15:23:11.391+0000] {logging_mixin.py:190} INFO - [2025-12-16T15:23:11.389+0000] {dagbag.py:588} INFO - Filling up the DagBag from /opt/airflow/dags/etl_airflow_dag.py
[2025-12-16T15:23:12.529+0000] {processor.py:925} INFO - DAG(s) 'etl_synthetic_events' retrieved from /opt/airflow/dags/etl_airflow_dag.py
[2025-12-16T15:23:12.580+0000] {logging_mixin.py:190} INFO - [2025-12-16T15:23:12.579+0000] {dag.py:3239} INFO - Sync 1 DAGs
[2025-12-16T15:23:12.607+0000] {logging_mixin.py:190} INFO - [2025-12-16T15:23:12.607+0000] {dag.py:4180} INFO - Setting next_dagrun for etl_synthetic_events to None, run_after=None
[2025-12-16T15:23:12.652+0000] {processor.py:208} INFO - Processing /opt/airflow/dags/etl_airflow_dag.py took 1.285 seconds
[2025-12-16T15:23:42.979+0000] {processor.py:186} INFO - Started process (PID=650) to work on /opt/airflow/dags/etl_airflow_dag.py
[2025-12-16T15:23:42.986+0000] {processor.py:914} INFO - Processing file /opt/airflow/dags/etl_airflow_dag.py for tasks to queue
[2025-12-16T15:23:42.992+0000] {logging_mixin.py:190} INFO - [2025-12-16T15:23:42.991+0000] {dagbag.py:588} INFO - Filling up the DagBag from /opt/airflow/dags/etl_airflow_dag.py
[2025-12-16T15:23:44.205+0000] {processor.py:925} INFO - DAG(s) 'etl_synthetic_events' retrieved from /opt/airflow/dags/etl_airflow_dag.py
[2025-12-16T15:23:44.307+0000] {logging_mixin.py:190} INFO - [2025-12-16T15:23:44.306+0000] {dag.py:3239} INFO - Sync 1 DAGs
[2025-12-16T15:23:44.345+0000] {logging_mixin.py:190} INFO - [2025-12-16T15:23:44.345+0000] {dag.py:4180} INFO - Setting next_dagrun for etl_synthetic_events to None, run_after=None
[2025-12-16T15:23:44.391+0000] {processor.py:208} INFO - Processing /opt/airflow/dags/etl_airflow_dag.py took 1.432 seconds
[2025-12-16T15:24:14.582+0000] {processor.py:186} INFO - Started process (PID=656) to work on /opt/airflow/dags/etl_airflow_dag.py
[2025-12-16T15:24:14.585+0000] {processor.py:914} INFO - Processing file /opt/airflow/dags/etl_airflow_dag.py for tasks to queue
[2025-12-16T15:24:14.591+0000] {logging_mixin.py:190} INFO - [2025-12-16T15:24:14.590+0000] {dagbag.py:588} INFO - Filling up the DagBag from /opt/airflow/dags/etl_airflow_dag.py
[2025-12-16T15:24:15.622+0000] {processor.py:925} INFO - DAG(s) 'etl_synthetic_events' retrieved from /opt/airflow/dags/etl_airflow_dag.py
[2025-12-16T15:24:15.685+0000] {logging_mixin.py:190} INFO - [2025-12-16T15:24:15.681+0000] {dag.py:3239} INFO - Sync 1 DAGs
[2025-12-16T15:24:15.714+0000] {logging_mixin.py:190} INFO - [2025-12-16T15:24:15.714+0000] {dag.py:4180} INFO - Setting next_dagrun for etl_synthetic_events to None, run_after=None
[2025-12-16T15:24:15.762+0000] {processor.py:208} INFO - Processing /opt/airflow/dags/etl_airflow_dag.py took 1.193 seconds
[2025-12-16T15:24:45.963+0000] {processor.py:186} INFO - Started process (PID=662) to work on /opt/airflow/dags/etl_airflow_dag.py
[2025-12-16T15:24:45.966+0000] {processor.py:914} INFO - Processing file /opt/airflow/dags/etl_airflow_dag.py for tasks to queue
[2025-12-16T15:24:45.972+0000] {logging_mixin.py:190} INFO - [2025-12-16T15:24:45.971+0000] {dagbag.py:588} INFO - Filling up the DagBag from /opt/airflow/dags/etl_airflow_dag.py
[2025-12-16T15:24:47.067+0000] {processor.py:925} INFO - DAG(s) 'etl_synthetic_events' retrieved from /opt/airflow/dags/etl_airflow_dag.py
[2025-12-16T15:24:47.121+0000] {logging_mixin.py:190} INFO - [2025-12-16T15:24:47.119+0000] {dag.py:3239} INFO - Sync 1 DAGs
[2025-12-16T15:24:47.155+0000] {logging_mixin.py:190} INFO - [2025-12-16T15:24:47.154+0000] {dag.py:4180} INFO - Setting next_dagrun for etl_synthetic_events to None, run_after=None
[2025-12-16T15:24:47.198+0000] {processor.py:208} INFO - Processing /opt/airflow/dags/etl_airflow_dag.py took 1.248 seconds
[2025-12-16T15:25:17.664+0000] {processor.py:186} INFO - Started process (PID=668) to work on /opt/airflow/dags/etl_airflow_dag.py
[2025-12-16T15:25:17.666+0000] {processor.py:914} INFO - Processing file /opt/airflow/dags/etl_airflow_dag.py for tasks to queue
[2025-12-16T15:25:17.673+0000] {logging_mixin.py:190} INFO - [2025-12-16T15:25:17.672+0000] {dagbag.py:588} INFO - Filling up the DagBag from /opt/airflow/dags/etl_airflow_dag.py
[2025-12-16T15:25:18.850+0000] {processor.py:925} INFO - DAG(s) 'etl_synthetic_events' retrieved from /opt/airflow/dags/etl_airflow_dag.py
[2025-12-16T15:25:18.906+0000] {logging_mixin.py:190} INFO - [2025-12-16T15:25:18.905+0000] {dag.py:3239} INFO - Sync 1 DAGs
[2025-12-16T15:25:18.933+0000] {logging_mixin.py:190} INFO - [2025-12-16T15:25:18.932+0000] {dag.py:4180} INFO - Setting next_dagrun for etl_synthetic_events to None, run_after=None
[2025-12-16T15:25:18.981+0000] {processor.py:208} INFO - Processing /opt/airflow/dags/etl_airflow_dag.py took 1.329 seconds
[2025-12-16T15:25:49.289+0000] {processor.py:186} INFO - Started process (PID=674) to work on /opt/airflow/dags/etl_airflow_dag.py
[2025-12-16T15:25:49.293+0000] {processor.py:914} INFO - Processing file /opt/airflow/dags/etl_airflow_dag.py for tasks to queue
[2025-12-16T15:25:49.303+0000] {logging_mixin.py:190} INFO - [2025-12-16T15:25:49.301+0000] {dagbag.py:588} INFO - Filling up the DagBag from /opt/airflow/dags/etl_airflow_dag.py
[2025-12-16T15:25:50.408+0000] {processor.py:925} INFO - DAG(s) 'etl_synthetic_events' retrieved from /opt/airflow/dags/etl_airflow_dag.py
[2025-12-16T15:25:50.456+0000] {logging_mixin.py:190} INFO - [2025-12-16T15:25:50.455+0000] {dag.py:3239} INFO - Sync 1 DAGs
[2025-12-16T15:25:50.482+0000] {logging_mixin.py:190} INFO - [2025-12-16T15:25:50.481+0000] {dag.py:4180} INFO - Setting next_dagrun for etl_synthetic_events to None, run_after=None
[2025-12-16T15:25:50.523+0000] {processor.py:208} INFO - Processing /opt/airflow/dags/etl_airflow_dag.py took 1.251 seconds
[2025-12-16T15:26:20.979+0000] {processor.py:186} INFO - Started process (PID=680) to work on /opt/airflow/dags/etl_airflow_dag.py
[2025-12-16T15:26:20.982+0000] {processor.py:914} INFO - Processing file /opt/airflow/dags/etl_airflow_dag.py for tasks to queue
[2025-12-16T15:26:20.989+0000] {logging_mixin.py:190} INFO - [2025-12-16T15:26:20.988+0000] {dagbag.py:588} INFO - Filling up the DagBag from /opt/airflow/dags/etl_airflow_dag.py
[2025-12-16T15:26:22.104+0000] {processor.py:925} INFO - DAG(s) 'etl_synthetic_events' retrieved from /opt/airflow/dags/etl_airflow_dag.py
[2025-12-16T15:26:22.162+0000] {logging_mixin.py:190} INFO - [2025-12-16T15:26:22.158+0000] {dag.py:3239} INFO - Sync 1 DAGs
[2025-12-16T15:26:22.193+0000] {logging_mixin.py:190} INFO - [2025-12-16T15:26:22.193+0000] {dag.py:4180} INFO - Setting next_dagrun for etl_synthetic_events to None, run_after=None
[2025-12-16T15:26:22.244+0000] {processor.py:208} INFO - Processing /opt/airflow/dags/etl_airflow_dag.py took 1.280 seconds
[2025-12-16T15:26:52.478+0000] {processor.py:186} INFO - Started process (PID=686) to work on /opt/airflow/dags/etl_airflow_dag.py
[2025-12-16T15:26:52.487+0000] {processor.py:914} INFO - Processing file /opt/airflow/dags/etl_airflow_dag.py for tasks to queue
[2025-12-16T15:26:52.497+0000] {logging_mixin.py:190} INFO - [2025-12-16T15:26:52.496+0000] {dagbag.py:588} INFO - Filling up the DagBag from /opt/airflow/dags/etl_airflow_dag.py
[2025-12-16T15:26:53.762+0000] {processor.py:925} INFO - DAG(s) 'etl_synthetic_events' retrieved from /opt/airflow/dags/etl_airflow_dag.py
[2025-12-16T15:26:53.802+0000] {logging_mixin.py:190} INFO - [2025-12-16T15:26:53.801+0000] {dag.py:3239} INFO - Sync 1 DAGs
[2025-12-16T15:26:53.824+0000] {logging_mixin.py:190} INFO - [2025-12-16T15:26:53.824+0000] {dag.py:4180} INFO - Setting next_dagrun for etl_synthetic_events to None, run_after=None
[2025-12-16T15:26:53.878+0000] {processor.py:208} INFO - Processing /opt/airflow/dags/etl_airflow_dag.py took 1.424 seconds
[2025-12-16T15:27:24.255+0000] {processor.py:186} INFO - Started process (PID=692) to work on /opt/airflow/dags/etl_airflow_dag.py
[2025-12-16T15:27:24.257+0000] {processor.py:914} INFO - Processing file /opt/airflow/dags/etl_airflow_dag.py for tasks to queue
[2025-12-16T15:27:24.263+0000] {logging_mixin.py:190} INFO - [2025-12-16T15:27:24.262+0000] {dagbag.py:588} INFO - Filling up the DagBag from /opt/airflow/dags/etl_airflow_dag.py
[2025-12-16T15:27:25.404+0000] {processor.py:925} INFO - DAG(s) 'etl_synthetic_events' retrieved from /opt/airflow/dags/etl_airflow_dag.py
[2025-12-16T15:27:25.446+0000] {logging_mixin.py:190} INFO - [2025-12-16T15:27:25.445+0000] {dag.py:3239} INFO - Sync 1 DAGs
[2025-12-16T15:27:25.468+0000] {logging_mixin.py:190} INFO - [2025-12-16T15:27:25.468+0000] {dag.py:4180} INFO - Setting next_dagrun for etl_synthetic_events to None, run_after=None
[2025-12-16T15:27:25.507+0000] {processor.py:208} INFO - Processing /opt/airflow/dags/etl_airflow_dag.py took 1.273 seconds
[2025-12-16T15:27:56.133+0000] {processor.py:186} INFO - Started process (PID=698) to work on /opt/airflow/dags/etl_airflow_dag.py
[2025-12-16T15:27:56.136+0000] {processor.py:914} INFO - Processing file /opt/airflow/dags/etl_airflow_dag.py for tasks to queue
[2025-12-16T15:27:56.143+0000] {logging_mixin.py:190} INFO - [2025-12-16T15:27:56.142+0000] {dagbag.py:588} INFO - Filling up the DagBag from /opt/airflow/dags/etl_airflow_dag.py
[2025-12-16T15:27:57.256+0000] {processor.py:925} INFO - DAG(s) 'etl_synthetic_events' retrieved from /opt/airflow/dags/etl_airflow_dag.py
[2025-12-16T15:27:57.304+0000] {logging_mixin.py:190} INFO - [2025-12-16T15:27:57.303+0000] {dag.py:3239} INFO - Sync 1 DAGs
[2025-12-16T15:27:57.336+0000] {logging_mixin.py:190} INFO - [2025-12-16T15:27:57.335+0000] {dag.py:4180} INFO - Setting next_dagrun for etl_synthetic_events to None, run_after=None
[2025-12-16T15:27:57.381+0000] {processor.py:208} INFO - Processing /opt/airflow/dags/etl_airflow_dag.py took 1.265 seconds
[2025-12-16T15:28:27.543+0000] {processor.py:186} INFO - Started process (PID=704) to work on /opt/airflow/dags/etl_airflow_dag.py
[2025-12-16T15:28:27.547+0000] {processor.py:914} INFO - Processing file /opt/airflow/dags/etl_airflow_dag.py for tasks to queue
[2025-12-16T15:28:27.555+0000] {logging_mixin.py:190} INFO - [2025-12-16T15:28:27.554+0000] {dagbag.py:588} INFO - Filling up the DagBag from /opt/airflow/dags/etl_airflow_dag.py
[2025-12-16T15:28:28.598+0000] {processor.py:925} INFO - DAG(s) 'etl_synthetic_events' retrieved from /opt/airflow/dags/etl_airflow_dag.py
[2025-12-16T15:28:28.644+0000] {logging_mixin.py:190} INFO - [2025-12-16T15:28:28.641+0000] {dag.py:3239} INFO - Sync 1 DAGs
[2025-12-16T15:28:28.666+0000] {logging_mixin.py:190} INFO - [2025-12-16T15:28:28.666+0000] {dag.py:4180} INFO - Setting next_dagrun for etl_synthetic_events to None, run_after=None
[2025-12-16T15:28:28.708+0000] {processor.py:208} INFO - Processing /opt/airflow/dags/etl_airflow_dag.py took 1.180 seconds
[2025-12-16T15:28:59.050+0000] {processor.py:186} INFO - Started process (PID=710) to work on /opt/airflow/dags/etl_airflow_dag.py
[2025-12-16T15:28:59.054+0000] {processor.py:914} INFO - Processing file /opt/airflow/dags/etl_airflow_dag.py for tasks to queue
[2025-12-16T15:28:59.062+0000] {logging_mixin.py:190} INFO - [2025-12-16T15:28:59.061+0000] {dagbag.py:588} INFO - Filling up the DagBag from /opt/airflow/dags/etl_airflow_dag.py
[2025-12-16T15:29:00.407+0000] {processor.py:925} INFO - DAG(s) 'etl_synthetic_events' retrieved from /opt/airflow/dags/etl_airflow_dag.py
[2025-12-16T15:29:00.451+0000] {logging_mixin.py:190} INFO - [2025-12-16T15:29:00.450+0000] {dag.py:3239} INFO - Sync 1 DAGs
[2025-12-16T15:29:00.473+0000] {logging_mixin.py:190} INFO - [2025-12-16T15:29:00.473+0000] {dag.py:4180} INFO - Setting next_dagrun for etl_synthetic_events to None, run_after=None
[2025-12-16T15:29:00.514+0000] {processor.py:208} INFO - Processing /opt/airflow/dags/etl_airflow_dag.py took 1.483 seconds
[2025-12-16T15:29:30.769+0000] {processor.py:186} INFO - Started process (PID=716) to work on /opt/airflow/dags/etl_airflow_dag.py
[2025-12-16T15:29:30.772+0000] {processor.py:914} INFO - Processing file /opt/airflow/dags/etl_airflow_dag.py for tasks to queue
[2025-12-16T15:29:30.777+0000] {logging_mixin.py:190} INFO - [2025-12-16T15:29:30.777+0000] {dagbag.py:588} INFO - Filling up the DagBag from /opt/airflow/dags/etl_airflow_dag.py
[2025-12-16T15:29:31.935+0000] {processor.py:925} INFO - DAG(s) 'etl_synthetic_events' retrieved from /opt/airflow/dags/etl_airflow_dag.py
[2025-12-16T15:29:31.979+0000] {logging_mixin.py:190} INFO - [2025-12-16T15:29:31.978+0000] {dag.py:3239} INFO - Sync 1 DAGs
[2025-12-16T15:29:32.005+0000] {logging_mixin.py:190} INFO - [2025-12-16T15:29:32.005+0000] {dag.py:4180} INFO - Setting next_dagrun for etl_synthetic_events to None, run_after=None
[2025-12-16T15:29:32.052+0000] {processor.py:208} INFO - Processing /opt/airflow/dags/etl_airflow_dag.py took 1.297 seconds
[2025-12-16T15:30:02.472+0000] {processor.py:186} INFO - Started process (PID=722) to work on /opt/airflow/dags/etl_airflow_dag.py
[2025-12-16T15:30:02.475+0000] {processor.py:914} INFO - Processing file /opt/airflow/dags/etl_airflow_dag.py for tasks to queue
[2025-12-16T15:30:02.484+0000] {logging_mixin.py:190} INFO - [2025-12-16T15:30:02.483+0000] {dagbag.py:588} INFO - Filling up the DagBag from /opt/airflow/dags/etl_airflow_dag.py
[2025-12-16T15:30:03.614+0000] {processor.py:925} INFO - DAG(s) 'etl_synthetic_events' retrieved from /opt/airflow/dags/etl_airflow_dag.py
[2025-12-16T15:30:03.658+0000] {logging_mixin.py:190} INFO - [2025-12-16T15:30:03.657+0000] {dag.py:3239} INFO - Sync 1 DAGs
[2025-12-16T15:30:03.682+0000] {logging_mixin.py:190} INFO - [2025-12-16T15:30:03.682+0000] {dag.py:4180} INFO - Setting next_dagrun for etl_synthetic_events to None, run_after=None
[2025-12-16T15:30:03.722+0000] {processor.py:208} INFO - Processing /opt/airflow/dags/etl_airflow_dag.py took 1.268 seconds
[2025-12-16T15:30:34.142+0000] {processor.py:186} INFO - Started process (PID=728) to work on /opt/airflow/dags/etl_airflow_dag.py
[2025-12-16T15:30:34.145+0000] {processor.py:914} INFO - Processing file /opt/airflow/dags/etl_airflow_dag.py for tasks to queue
[2025-12-16T15:30:34.151+0000] {logging_mixin.py:190} INFO - [2025-12-16T15:30:34.151+0000] {dagbag.py:588} INFO - Filling up the DagBag from /opt/airflow/dags/etl_airflow_dag.py
[2025-12-16T15:30:35.315+0000] {processor.py:925} INFO - DAG(s) 'etl_synthetic_events' retrieved from /opt/airflow/dags/etl_airflow_dag.py
[2025-12-16T15:30:35.367+0000] {logging_mixin.py:190} INFO - [2025-12-16T15:30:35.364+0000] {dag.py:3239} INFO - Sync 1 DAGs
[2025-12-16T15:30:35.391+0000] {logging_mixin.py:190} INFO - [2025-12-16T15:30:35.390+0000] {dag.py:4180} INFO - Setting next_dagrun for etl_synthetic_events to None, run_after=None
[2025-12-16T15:30:35.443+0000] {processor.py:208} INFO - Processing /opt/airflow/dags/etl_airflow_dag.py took 1.314 seconds
[2025-12-16T15:31:05.769+0000] {processor.py:186} INFO - Started process (PID=734) to work on /opt/airflow/dags/etl_airflow_dag.py
[2025-12-16T15:31:05.773+0000] {processor.py:914} INFO - Processing file /opt/airflow/dags/etl_airflow_dag.py for tasks to queue
[2025-12-16T15:31:05.781+0000] {logging_mixin.py:190} INFO - [2025-12-16T15:31:05.779+0000] {dagbag.py:588} INFO - Filling up the DagBag from /opt/airflow/dags/etl_airflow_dag.py
[2025-12-16T15:31:07.032+0000] {processor.py:925} INFO - DAG(s) 'etl_synthetic_events' retrieved from /opt/airflow/dags/etl_airflow_dag.py
[2025-12-16T15:31:07.092+0000] {logging_mixin.py:190} INFO - [2025-12-16T15:31:07.090+0000] {dag.py:3239} INFO - Sync 1 DAGs
[2025-12-16T15:31:07.125+0000] {logging_mixin.py:190} INFO - [2025-12-16T15:31:07.124+0000] {dag.py:4180} INFO - Setting next_dagrun for etl_synthetic_events to None, run_after=None
[2025-12-16T15:31:07.172+0000] {processor.py:208} INFO - Processing /opt/airflow/dags/etl_airflow_dag.py took 1.422 seconds
[2025-12-16T15:31:37.466+0000] {processor.py:186} INFO - Started process (PID=740) to work on /opt/airflow/dags/etl_airflow_dag.py
[2025-12-16T15:31:37.469+0000] {processor.py:914} INFO - Processing file /opt/airflow/dags/etl_airflow_dag.py for tasks to queue
[2025-12-16T15:31:37.476+0000] {logging_mixin.py:190} INFO - [2025-12-16T15:31:37.475+0000] {dagbag.py:588} INFO - Filling up the DagBag from /opt/airflow/dags/etl_airflow_dag.py
[2025-12-16T15:31:38.729+0000] {processor.py:925} INFO - DAG(s) 'etl_synthetic_events' retrieved from /opt/airflow/dags/etl_airflow_dag.py
[2025-12-16T15:31:38.781+0000] {logging_mixin.py:190} INFO - [2025-12-16T15:31:38.780+0000] {dag.py:3239} INFO - Sync 1 DAGs
[2025-12-16T15:31:38.805+0000] {logging_mixin.py:190} INFO - [2025-12-16T15:31:38.804+0000] {dag.py:4180} INFO - Setting next_dagrun for etl_synthetic_events to None, run_after=None
[2025-12-16T15:31:38.859+0000] {processor.py:208} INFO - Processing /opt/airflow/dags/etl_airflow_dag.py took 1.410 seconds
[2025-12-16T15:32:09.222+0000] {processor.py:186} INFO - Started process (PID=746) to work on /opt/airflow/dags/etl_airflow_dag.py
[2025-12-16T15:32:09.226+0000] {processor.py:914} INFO - Processing file /opt/airflow/dags/etl_airflow_dag.py for tasks to queue
[2025-12-16T15:32:09.232+0000] {logging_mixin.py:190} INFO - [2025-12-16T15:32:09.231+0000] {dagbag.py:588} INFO - Filling up the DagBag from /opt/airflow/dags/etl_airflow_dag.py
[2025-12-16T15:32:10.425+0000] {processor.py:925} INFO - DAG(s) 'etl_synthetic_events' retrieved from /opt/airflow/dags/etl_airflow_dag.py
[2025-12-16T15:32:10.472+0000] {logging_mixin.py:190} INFO - [2025-12-16T15:32:10.471+0000] {dag.py:3239} INFO - Sync 1 DAGs
[2025-12-16T15:32:10.501+0000] {logging_mixin.py:190} INFO - [2025-12-16T15:32:10.501+0000] {dag.py:4180} INFO - Setting next_dagrun for etl_synthetic_events to None, run_after=None
[2025-12-16T15:32:10.558+0000] {processor.py:208} INFO - Processing /opt/airflow/dags/etl_airflow_dag.py took 1.352 seconds
[2025-12-16T15:32:40.865+0000] {processor.py:186} INFO - Started process (PID=752) to work on /opt/airflow/dags/etl_airflow_dag.py
[2025-12-16T15:32:40.868+0000] {processor.py:914} INFO - Processing file /opt/airflow/dags/etl_airflow_dag.py for tasks to queue
[2025-12-16T15:32:40.875+0000] {logging_mixin.py:190} INFO - [2025-12-16T15:32:40.874+0000] {dagbag.py:588} INFO - Filling up the DagBag from /opt/airflow/dags/etl_airflow_dag.py
[2025-12-16T15:32:42.378+0000] {processor.py:925} INFO - DAG(s) 'etl_synthetic_events' retrieved from /opt/airflow/dags/etl_airflow_dag.py
[2025-12-16T15:32:42.431+0000] {logging_mixin.py:190} INFO - [2025-12-16T15:32:42.427+0000] {dag.py:3239} INFO - Sync 1 DAGs
[2025-12-16T15:32:42.455+0000] {logging_mixin.py:190} INFO - [2025-12-16T15:32:42.454+0000] {dag.py:4180} INFO - Setting next_dagrun for etl_synthetic_events to None, run_after=None
[2025-12-16T15:32:42.493+0000] {processor.py:208} INFO - Processing /opt/airflow/dags/etl_airflow_dag.py took 1.643 seconds
[2025-12-16T15:33:12.686+0000] {processor.py:186} INFO - Started process (PID=758) to work on /opt/airflow/dags/etl_airflow_dag.py
[2025-12-16T15:33:12.690+0000] {processor.py:914} INFO - Processing file /opt/airflow/dags/etl_airflow_dag.py for tasks to queue
[2025-12-16T15:33:12.697+0000] {logging_mixin.py:190} INFO - [2025-12-16T15:33:12.696+0000] {dagbag.py:588} INFO - Filling up the DagBag from /opt/airflow/dags/etl_airflow_dag.py
[2025-12-16T15:33:14.139+0000] {processor.py:925} INFO - DAG(s) 'etl_synthetic_events' retrieved from /opt/airflow/dags/etl_airflow_dag.py
[2025-12-16T15:33:14.196+0000] {logging_mixin.py:190} INFO - [2025-12-16T15:33:14.195+0000] {dag.py:3239} INFO - Sync 1 DAGs
[2025-12-16T15:33:14.227+0000] {logging_mixin.py:190} INFO - [2025-12-16T15:33:14.226+0000] {dag.py:4180} INFO - Setting next_dagrun for etl_synthetic_events to None, run_after=None
[2025-12-16T15:33:14.284+0000] {processor.py:208} INFO - Processing /opt/airflow/dags/etl_airflow_dag.py took 1.613 seconds
[2025-12-16T15:33:44.648+0000] {processor.py:186} INFO - Started process (PID=764) to work on /opt/airflow/dags/etl_airflow_dag.py
[2025-12-16T15:33:44.652+0000] {processor.py:914} INFO - Processing file /opt/airflow/dags/etl_airflow_dag.py for tasks to queue
[2025-12-16T15:33:44.661+0000] {logging_mixin.py:190} INFO - [2025-12-16T15:33:44.659+0000] {dagbag.py:588} INFO - Filling up the DagBag from /opt/airflow/dags/etl_airflow_dag.py
[2025-12-16T15:33:45.936+0000] {processor.py:925} INFO - DAG(s) 'etl_synthetic_events' retrieved from /opt/airflow/dags/etl_airflow_dag.py
[2025-12-16T15:33:45.988+0000] {logging_mixin.py:190} INFO - [2025-12-16T15:33:45.987+0000] {dag.py:3239} INFO - Sync 1 DAGs
[2025-12-16T15:33:46.011+0000] {logging_mixin.py:190} INFO - [2025-12-16T15:33:46.010+0000] {dag.py:4180} INFO - Setting next_dagrun for etl_synthetic_events to None, run_after=None
[2025-12-16T15:33:46.047+0000] {processor.py:208} INFO - Processing /opt/airflow/dags/etl_airflow_dag.py took 1.422 seconds
[2025-12-16T15:34:16.273+0000] {processor.py:186} INFO - Started process (PID=770) to work on /opt/airflow/dags/etl_airflow_dag.py
[2025-12-16T15:34:16.275+0000] {processor.py:914} INFO - Processing file /opt/airflow/dags/etl_airflow_dag.py for tasks to queue
[2025-12-16T15:34:16.282+0000] {logging_mixin.py:190} INFO - [2025-12-16T15:34:16.281+0000] {dagbag.py:588} INFO - Filling up the DagBag from /opt/airflow/dags/etl_airflow_dag.py
[2025-12-16T15:34:17.444+0000] {processor.py:925} INFO - DAG(s) 'etl_synthetic_events' retrieved from /opt/airflow/dags/etl_airflow_dag.py
[2025-12-16T15:34:17.487+0000] {logging_mixin.py:190} INFO - [2025-12-16T15:34:17.486+0000] {dag.py:3239} INFO - Sync 1 DAGs
[2025-12-16T15:34:17.514+0000] {logging_mixin.py:190} INFO - [2025-12-16T15:34:17.514+0000] {dag.py:4180} INFO - Setting next_dagrun for etl_synthetic_events to None, run_after=None
[2025-12-16T15:34:17.557+0000] {processor.py:208} INFO - Processing /opt/airflow/dags/etl_airflow_dag.py took 1.299 seconds
[2025-12-16T15:34:48.088+0000] {processor.py:186} INFO - Started process (PID=776) to work on /opt/airflow/dags/etl_airflow_dag.py
[2025-12-16T15:34:48.091+0000] {processor.py:914} INFO - Processing file /opt/airflow/dags/etl_airflow_dag.py for tasks to queue
[2025-12-16T15:34:48.097+0000] {logging_mixin.py:190} INFO - [2025-12-16T15:34:48.096+0000] {dagbag.py:588} INFO - Filling up the DagBag from /opt/airflow/dags/etl_airflow_dag.py
[2025-12-16T15:34:49.472+0000] {processor.py:925} INFO - DAG(s) 'etl_synthetic_events' retrieved from /opt/airflow/dags/etl_airflow_dag.py
[2025-12-16T15:34:49.515+0000] {logging_mixin.py:190} INFO - [2025-12-16T15:34:49.513+0000] {dag.py:3239} INFO - Sync 1 DAGs
[2025-12-16T15:34:49.537+0000] {logging_mixin.py:190} INFO - [2025-12-16T15:34:49.537+0000] {dag.py:4180} INFO - Setting next_dagrun for etl_synthetic_events to None, run_after=None
[2025-12-16T15:34:49.579+0000] {processor.py:208} INFO - Processing /opt/airflow/dags/etl_airflow_dag.py took 1.502 seconds
[2025-12-16T15:35:20.093+0000] {processor.py:186} INFO - Started process (PID=782) to work on /opt/airflow/dags/etl_airflow_dag.py
[2025-12-16T15:35:20.096+0000] {processor.py:914} INFO - Processing file /opt/airflow/dags/etl_airflow_dag.py for tasks to queue
[2025-12-16T15:35:20.103+0000] {logging_mixin.py:190} INFO - [2025-12-16T15:35:20.102+0000] {dagbag.py:588} INFO - Filling up the DagBag from /opt/airflow/dags/etl_airflow_dag.py
[2025-12-16T15:35:21.432+0000] {processor.py:925} INFO - DAG(s) 'etl_synthetic_events' retrieved from /opt/airflow/dags/etl_airflow_dag.py
[2025-12-16T15:35:21.479+0000] {logging_mixin.py:190} INFO - [2025-12-16T15:35:21.478+0000] {dag.py:3239} INFO - Sync 1 DAGs
[2025-12-16T15:35:21.503+0000] {logging_mixin.py:190} INFO - [2025-12-16T15:35:21.502+0000] {dag.py:4180} INFO - Setting next_dagrun for etl_synthetic_events to None, run_after=None
[2025-12-16T15:35:21.549+0000] {processor.py:208} INFO - Processing /opt/airflow/dags/etl_airflow_dag.py took 1.471 seconds
[2025-12-16T15:35:52.042+0000] {processor.py:186} INFO - Started process (PID=788) to work on /opt/airflow/dags/etl_airflow_dag.py
[2025-12-16T15:35:52.044+0000] {processor.py:914} INFO - Processing file /opt/airflow/dags/etl_airflow_dag.py for tasks to queue
[2025-12-16T15:35:52.050+0000] {logging_mixin.py:190} INFO - [2025-12-16T15:35:52.049+0000] {dagbag.py:588} INFO - Filling up the DagBag from /opt/airflow/dags/etl_airflow_dag.py
[2025-12-16T15:35:53.225+0000] {processor.py:925} INFO - DAG(s) 'etl_synthetic_events' retrieved from /opt/airflow/dags/etl_airflow_dag.py
[2025-12-16T15:35:53.276+0000] {logging_mixin.py:190} INFO - [2025-12-16T15:35:53.274+0000] {dag.py:3239} INFO - Sync 1 DAGs
[2025-12-16T15:35:53.302+0000] {logging_mixin.py:190} INFO - [2025-12-16T15:35:53.302+0000] {dag.py:4180} INFO - Setting next_dagrun for etl_synthetic_events to None, run_after=None
[2025-12-16T15:35:53.343+0000] {processor.py:208} INFO - Processing /opt/airflow/dags/etl_airflow_dag.py took 1.316 seconds
[2025-12-16T15:36:03.340+0000] {processor.py:186} INFO - Started process (PID=794) to work on /opt/airflow/dags/etl_airflow_dag.py
[2025-12-16T15:36:03.343+0000] {processor.py:914} INFO - Processing file /opt/airflow/dags/etl_airflow_dag.py for tasks to queue
[2025-12-16T15:36:03.351+0000] {logging_mixin.py:190} INFO - [2025-12-16T15:36:03.350+0000] {dagbag.py:588} INFO - Filling up the DagBag from /opt/airflow/dags/etl_airflow_dag.py
[2025-12-16T15:36:04.861+0000] {processor.py:925} INFO - DAG(s) 'etl_synthetic_events' retrieved from /opt/airflow/dags/etl_airflow_dag.py
[2025-12-16T15:36:04.902+0000] {logging_mixin.py:190} INFO - [2025-12-16T15:36:04.901+0000] {dag.py:3239} INFO - Sync 1 DAGs
[2025-12-16T15:36:04.922+0000] {logging_mixin.py:190} INFO - [2025-12-16T15:36:04.922+0000] {dag.py:4180} INFO - Setting next_dagrun for etl_synthetic_events to None, run_after=None
[2025-12-16T15:36:04.972+0000] {processor.py:208} INFO - Processing /opt/airflow/dags/etl_airflow_dag.py took 1.652 seconds
[2025-12-16T15:36:35.190+0000] {processor.py:186} INFO - Started process (PID=800) to work on /opt/airflow/dags/etl_airflow_dag.py
[2025-12-16T15:36:35.195+0000] {processor.py:914} INFO - Processing file /opt/airflow/dags/etl_airflow_dag.py for tasks to queue
[2025-12-16T15:36:35.202+0000] {logging_mixin.py:190} INFO - [2025-12-16T15:36:35.201+0000] {dagbag.py:588} INFO - Filling up the DagBag from /opt/airflow/dags/etl_airflow_dag.py
[2025-12-16T15:36:36.805+0000] {processor.py:925} INFO - DAG(s) 'etl_synthetic_events' retrieved from /opt/airflow/dags/etl_airflow_dag.py
[2025-12-16T15:36:36.850+0000] {logging_mixin.py:190} INFO - [2025-12-16T15:36:36.849+0000] {dag.py:3239} INFO - Sync 1 DAGs
[2025-12-16T15:36:36.880+0000] {logging_mixin.py:190} INFO - [2025-12-16T15:36:36.879+0000] {dag.py:4180} INFO - Setting next_dagrun for etl_synthetic_events to None, run_after=None
[2025-12-16T15:36:36.922+0000] {processor.py:208} INFO - Processing /opt/airflow/dags/etl_airflow_dag.py took 1.751 seconds
[2025-12-16T15:37:07.489+0000] {processor.py:186} INFO - Started process (PID=806) to work on /opt/airflow/dags/etl_airflow_dag.py
[2025-12-16T15:37:07.492+0000] {processor.py:914} INFO - Processing file /opt/airflow/dags/etl_airflow_dag.py for tasks to queue
[2025-12-16T15:37:07.498+0000] {logging_mixin.py:190} INFO - [2025-12-16T15:37:07.497+0000] {dagbag.py:588} INFO - Filling up the DagBag from /opt/airflow/dags/etl_airflow_dag.py
[2025-12-16T15:37:08.572+0000] {processor.py:925} INFO - DAG(s) 'etl_synthetic_events' retrieved from /opt/airflow/dags/etl_airflow_dag.py
[2025-12-16T15:37:08.624+0000] {logging_mixin.py:190} INFO - [2025-12-16T15:37:08.623+0000] {dag.py:3239} INFO - Sync 1 DAGs
[2025-12-16T15:37:08.646+0000] {logging_mixin.py:190} INFO - [2025-12-16T15:37:08.646+0000] {dag.py:4180} INFO - Setting next_dagrun for etl_synthetic_events to None, run_after=None
[2025-12-16T15:37:08.683+0000] {processor.py:208} INFO - Processing /opt/airflow/dags/etl_airflow_dag.py took 1.211 seconds
[2025-12-16T15:37:38.941+0000] {processor.py:186} INFO - Started process (PID=856) to work on /opt/airflow/dags/etl_airflow_dag.py
[2025-12-16T15:37:38.944+0000] {processor.py:914} INFO - Processing file /opt/airflow/dags/etl_airflow_dag.py for tasks to queue
[2025-12-16T15:37:38.952+0000] {logging_mixin.py:190} INFO - [2025-12-16T15:37:38.951+0000] {dagbag.py:588} INFO - Filling up the DagBag from /opt/airflow/dags/etl_airflow_dag.py
[2025-12-16T15:37:40.079+0000] {processor.py:925} INFO - DAG(s) 'etl_synthetic_events' retrieved from /opt/airflow/dags/etl_airflow_dag.py
[2025-12-16T15:37:40.135+0000] {logging_mixin.py:190} INFO - [2025-12-16T15:37:40.134+0000] {dag.py:3239} INFO - Sync 1 DAGs
[2025-12-16T15:37:40.162+0000] {logging_mixin.py:190} INFO - [2025-12-16T15:37:40.162+0000] {dag.py:4180} INFO - Setting next_dagrun for etl_synthetic_events to None, run_after=None
[2025-12-16T15:37:40.213+0000] {processor.py:208} INFO - Processing /opt/airflow/dags/etl_airflow_dag.py took 1.292 seconds
[2025-12-16T15:38:10.721+0000] {processor.py:186} INFO - Started process (PID=862) to work on /opt/airflow/dags/etl_airflow_dag.py
[2025-12-16T15:38:10.725+0000] {processor.py:914} INFO - Processing file /opt/airflow/dags/etl_airflow_dag.py for tasks to queue
[2025-12-16T15:38:10.732+0000] {logging_mixin.py:190} INFO - [2025-12-16T15:38:10.731+0000] {dagbag.py:588} INFO - Filling up the DagBag from /opt/airflow/dags/etl_airflow_dag.py
[2025-12-16T15:38:12.182+0000] {processor.py:925} INFO - DAG(s) 'etl_synthetic_events' retrieved from /opt/airflow/dags/etl_airflow_dag.py
[2025-12-16T15:38:12.232+0000] {logging_mixin.py:190} INFO - [2025-12-16T15:38:12.231+0000] {dag.py:3239} INFO - Sync 1 DAGs
[2025-12-16T15:38:12.257+0000] {logging_mixin.py:190} INFO - [2025-12-16T15:38:12.257+0000] {dag.py:4180} INFO - Setting next_dagrun for etl_synthetic_events to None, run_after=None
[2025-12-16T15:38:12.299+0000] {processor.py:208} INFO - Processing /opt/airflow/dags/etl_airflow_dag.py took 1.594 seconds
[2025-12-16T15:38:42.861+0000] {processor.py:186} INFO - Started process (PID=868) to work on /opt/airflow/dags/etl_airflow_dag.py
[2025-12-16T15:38:42.864+0000] {processor.py:914} INFO - Processing file /opt/airflow/dags/etl_airflow_dag.py for tasks to queue
[2025-12-16T15:38:42.874+0000] {logging_mixin.py:190} INFO - [2025-12-16T15:38:42.873+0000] {dagbag.py:588} INFO - Filling up the DagBag from /opt/airflow/dags/etl_airflow_dag.py
[2025-12-16T15:38:43.980+0000] {processor.py:925} INFO - DAG(s) 'etl_synthetic_events' retrieved from /opt/airflow/dags/etl_airflow_dag.py
[2025-12-16T15:38:44.028+0000] {logging_mixin.py:190} INFO - [2025-12-16T15:38:44.027+0000] {dag.py:3239} INFO - Sync 1 DAGs
[2025-12-16T15:38:44.055+0000] {logging_mixin.py:190} INFO - [2025-12-16T15:38:44.055+0000] {dag.py:4180} INFO - Setting next_dagrun for etl_synthetic_events to None, run_after=None
[2025-12-16T15:38:44.105+0000] {processor.py:208} INFO - Processing /opt/airflow/dags/etl_airflow_dag.py took 1.261 seconds
[2025-12-16T15:39:14.804+0000] {processor.py:186} INFO - Started process (PID=874) to work on /opt/airflow/dags/etl_airflow_dag.py
[2025-12-16T15:39:14.808+0000] {processor.py:914} INFO - Processing file /opt/airflow/dags/etl_airflow_dag.py for tasks to queue
[2025-12-16T15:39:14.814+0000] {logging_mixin.py:190} INFO - [2025-12-16T15:39:14.813+0000] {dagbag.py:588} INFO - Filling up the DagBag from /opt/airflow/dags/etl_airflow_dag.py
[2025-12-16T15:39:16.282+0000] {processor.py:925} INFO - DAG(s) 'etl_synthetic_events' retrieved from /opt/airflow/dags/etl_airflow_dag.py
[2025-12-16T15:39:16.326+0000] {logging_mixin.py:190} INFO - [2025-12-16T15:39:16.323+0000] {dag.py:3239} INFO - Sync 1 DAGs
[2025-12-16T15:39:16.346+0000] {logging_mixin.py:190} INFO - [2025-12-16T15:39:16.346+0000] {dag.py:4180} INFO - Setting next_dagrun for etl_synthetic_events to None, run_after=None
[2025-12-16T15:39:16.387+0000] {processor.py:208} INFO - Processing /opt/airflow/dags/etl_airflow_dag.py took 1.597 seconds
[2025-12-16T15:39:46.989+0000] {processor.py:186} INFO - Started process (PID=880) to work on /opt/airflow/dags/etl_airflow_dag.py
[2025-12-16T15:39:46.992+0000] {processor.py:914} INFO - Processing file /opt/airflow/dags/etl_airflow_dag.py for tasks to queue
[2025-12-16T15:39:46.999+0000] {logging_mixin.py:190} INFO - [2025-12-16T15:39:46.998+0000] {dagbag.py:588} INFO - Filling up the DagBag from /opt/airflow/dags/etl_airflow_dag.py
[2025-12-16T15:39:48.080+0000] {processor.py:925} INFO - DAG(s) 'etl_synthetic_events' retrieved from /opt/airflow/dags/etl_airflow_dag.py
[2025-12-16T15:39:48.121+0000] {logging_mixin.py:190} INFO - [2025-12-16T15:39:48.120+0000] {dag.py:3239} INFO - Sync 1 DAGs
[2025-12-16T15:39:48.143+0000] {logging_mixin.py:190} INFO - [2025-12-16T15:39:48.143+0000] {dag.py:4180} INFO - Setting next_dagrun for etl_synthetic_events to None, run_after=None
[2025-12-16T15:39:48.186+0000] {processor.py:208} INFO - Processing /opt/airflow/dags/etl_airflow_dag.py took 1.212 seconds
[2025-12-16T15:40:18.755+0000] {processor.py:186} INFO - Started process (PID=886) to work on /opt/airflow/dags/etl_airflow_dag.py
[2025-12-16T15:40:18.758+0000] {processor.py:914} INFO - Processing file /opt/airflow/dags/etl_airflow_dag.py for tasks to queue
[2025-12-16T15:40:18.764+0000] {logging_mixin.py:190} INFO - [2025-12-16T15:40:18.763+0000] {dagbag.py:588} INFO - Filling up the DagBag from /opt/airflow/dags/etl_airflow_dag.py
[2025-12-16T15:40:19.870+0000] {processor.py:925} INFO - DAG(s) 'etl_synthetic_events' retrieved from /opt/airflow/dags/etl_airflow_dag.py
[2025-12-16T15:40:19.921+0000] {logging_mixin.py:190} INFO - [2025-12-16T15:40:19.919+0000] {dag.py:3239} INFO - Sync 1 DAGs
[2025-12-16T15:40:19.946+0000] {logging_mixin.py:190} INFO - [2025-12-16T15:40:19.945+0000] {dag.py:4180} INFO - Setting next_dagrun for etl_synthetic_events to None, run_after=None
[2025-12-16T15:40:19.993+0000] {processor.py:208} INFO - Processing /opt/airflow/dags/etl_airflow_dag.py took 1.251 seconds
[2025-12-16T15:40:50.240+0000] {processor.py:186} INFO - Started process (PID=892) to work on /opt/airflow/dags/etl_airflow_dag.py
[2025-12-16T15:40:50.243+0000] {processor.py:914} INFO - Processing file /opt/airflow/dags/etl_airflow_dag.py for tasks to queue
[2025-12-16T15:40:50.250+0000] {logging_mixin.py:190} INFO - [2025-12-16T15:40:50.249+0000] {dagbag.py:588} INFO - Filling up the DagBag from /opt/airflow/dags/etl_airflow_dag.py
[2025-12-16T15:40:51.269+0000] {processor.py:925} INFO - DAG(s) 'etl_synthetic_events' retrieved from /opt/airflow/dags/etl_airflow_dag.py
[2025-12-16T15:40:51.311+0000] {logging_mixin.py:190} INFO - [2025-12-16T15:40:51.310+0000] {dag.py:3239} INFO - Sync 1 DAGs
[2025-12-16T15:40:51.336+0000] {logging_mixin.py:190} INFO - [2025-12-16T15:40:51.335+0000] {dag.py:4180} INFO - Setting next_dagrun for etl_synthetic_events to None, run_after=None
[2025-12-16T15:40:51.381+0000] {processor.py:208} INFO - Processing /opt/airflow/dags/etl_airflow_dag.py took 1.157 seconds
[2025-12-16T15:40:52.324+0000] {processor.py:186} INFO - Started process (PID=898) to work on /opt/airflow/dags/etl_airflow_dag.py
[2025-12-16T15:40:52.344+0000] {processor.py:914} INFO - Processing file /opt/airflow/dags/etl_airflow_dag.py for tasks to queue
[2025-12-16T15:40:52.363+0000] {logging_mixin.py:190} INFO - [2025-12-16T15:40:52.353+0000] {dagbag.py:588} INFO - Filling up the DagBag from /opt/airflow/dags/etl_airflow_dag.py
[2025-12-16T15:40:53.761+0000] {processor.py:927} WARNING - No viable dags retrieved from /opt/airflow/dags/etl_airflow_dag.py
[2025-12-16T15:40:53.789+0000] {processor.py:208} INFO - Processing /opt/airflow/dags/etl_airflow_dag.py took 1.494 seconds
[2025-12-16T15:40:59.705+0000] {processor.py:186} INFO - Started process (PID=904) to work on /opt/airflow/dags/etl_airflow_dag.py
[2025-12-16T15:40:59.709+0000] {processor.py:914} INFO - Processing file /opt/airflow/dags/etl_airflow_dag.py for tasks to queue
[2025-12-16T15:40:59.715+0000] {logging_mixin.py:190} INFO - [2025-12-16T15:40:59.714+0000] {dagbag.py:588} INFO - Filling up the DagBag from /opt/airflow/dags/etl_airflow_dag.py
[2025-12-16T15:41:01.314+0000] {processor.py:925} INFO - DAG(s) 'etl_synthetic_events' retrieved from /opt/airflow/dags/etl_airflow_dag.py
[2025-12-16T15:41:01.669+0000] {logging_mixin.py:190} INFO - [2025-12-16T15:41:01.668+0000] {dag.py:3239} INFO - Sync 1 DAGs
[2025-12-16T15:41:01.699+0000] {logging_mixin.py:190} INFO - [2025-12-16T15:41:01.699+0000] {dag.py:4180} INFO - Setting next_dagrun for etl_synthetic_events to None, run_after=None
[2025-12-16T15:41:01.761+0000] {processor.py:208} INFO - Processing /opt/airflow/dags/etl_airflow_dag.py took 2.071 seconds
[2025-12-16T15:41:32.154+0000] {processor.py:186} INFO - Started process (PID=910) to work on /opt/airflow/dags/etl_airflow_dag.py
[2025-12-16T15:41:32.157+0000] {processor.py:914} INFO - Processing file /opt/airflow/dags/etl_airflow_dag.py for tasks to queue
[2025-12-16T15:41:32.163+0000] {logging_mixin.py:190} INFO - [2025-12-16T15:41:32.162+0000] {dagbag.py:588} INFO - Filling up the DagBag from /opt/airflow/dags/etl_airflow_dag.py
[2025-12-16T15:41:33.650+0000] {processor.py:925} INFO - DAG(s) 'etl_synthetic_events' retrieved from /opt/airflow/dags/etl_airflow_dag.py
[2025-12-16T15:41:33.707+0000] {logging_mixin.py:190} INFO - [2025-12-16T15:41:33.706+0000] {dag.py:3239} INFO - Sync 1 DAGs
[2025-12-16T15:41:33.735+0000] {logging_mixin.py:190} INFO - [2025-12-16T15:41:33.735+0000] {dag.py:4180} INFO - Setting next_dagrun for etl_synthetic_events to None, run_after=None
[2025-12-16T15:41:33.779+0000] {processor.py:208} INFO - Processing /opt/airflow/dags/etl_airflow_dag.py took 1.639 seconds
[2025-12-16T15:42:03.975+0000] {processor.py:186} INFO - Started process (PID=916) to work on /opt/airflow/dags/etl_airflow_dag.py
[2025-12-16T15:42:03.979+0000] {processor.py:914} INFO - Processing file /opt/airflow/dags/etl_airflow_dag.py for tasks to queue
[2025-12-16T15:42:03.986+0000] {logging_mixin.py:190} INFO - [2025-12-16T15:42:03.985+0000] {dagbag.py:588} INFO - Filling up the DagBag from /opt/airflow/dags/etl_airflow_dag.py
[2025-12-16T15:42:05.584+0000] {processor.py:925} INFO - DAG(s) 'etl_synthetic_events' retrieved from /opt/airflow/dags/etl_airflow_dag.py
[2025-12-16T15:42:05.647+0000] {logging_mixin.py:190} INFO - [2025-12-16T15:42:05.646+0000] {dag.py:3239} INFO - Sync 1 DAGs
[2025-12-16T15:42:05.677+0000] {logging_mixin.py:190} INFO - [2025-12-16T15:42:05.676+0000] {dag.py:4180} INFO - Setting next_dagrun for etl_synthetic_events to None, run_after=None
[2025-12-16T15:42:05.736+0000] {processor.py:208} INFO - Processing /opt/airflow/dags/etl_airflow_dag.py took 1.779 seconds
[2025-12-16T15:42:36.307+0000] {processor.py:186} INFO - Started process (PID=944) to work on /opt/airflow/dags/etl_airflow_dag.py
[2025-12-16T15:42:36.310+0000] {processor.py:914} INFO - Processing file /opt/airflow/dags/etl_airflow_dag.py for tasks to queue
[2025-12-16T15:42:36.316+0000] {logging_mixin.py:190} INFO - [2025-12-16T15:42:36.315+0000] {dagbag.py:588} INFO - Filling up the DagBag from /opt/airflow/dags/etl_airflow_dag.py
[2025-12-16T15:42:37.255+0000] {processor.py:925} INFO - DAG(s) 'etl_synthetic_events' retrieved from /opt/airflow/dags/etl_airflow_dag.py
[2025-12-16T15:42:37.302+0000] {logging_mixin.py:190} INFO - [2025-12-16T15:42:37.302+0000] {dag.py:3239} INFO - Sync 1 DAGs
[2025-12-16T15:42:37.324+0000] {logging_mixin.py:190} INFO - [2025-12-16T15:42:37.324+0000] {dag.py:4180} INFO - Setting next_dagrun for etl_synthetic_events to None, run_after=None
[2025-12-16T15:42:37.370+0000] {processor.py:208} INFO - Processing /opt/airflow/dags/etl_airflow_dag.py took 1.078 seconds
[2025-12-16T15:43:07.800+0000] {processor.py:186} INFO - Started process (PID=950) to work on /opt/airflow/dags/etl_airflow_dag.py
[2025-12-16T15:43:07.803+0000] {processor.py:914} INFO - Processing file /opt/airflow/dags/etl_airflow_dag.py for tasks to queue
[2025-12-16T15:43:07.810+0000] {logging_mixin.py:190} INFO - [2025-12-16T15:43:07.809+0000] {dagbag.py:588} INFO - Filling up the DagBag from /opt/airflow/dags/etl_airflow_dag.py
[2025-12-16T15:43:09.224+0000] {processor.py:925} INFO - DAG(s) 'etl_synthetic_events' retrieved from /opt/airflow/dags/etl_airflow_dag.py
[2025-12-16T15:43:09.269+0000] {logging_mixin.py:190} INFO - [2025-12-16T15:43:09.268+0000] {dag.py:3239} INFO - Sync 1 DAGs
[2025-12-16T15:43:09.298+0000] {logging_mixin.py:190} INFO - [2025-12-16T15:43:09.298+0000] {dag.py:4180} INFO - Setting next_dagrun for etl_synthetic_events to None, run_after=None
[2025-12-16T15:43:09.342+0000] {processor.py:208} INFO - Processing /opt/airflow/dags/etl_airflow_dag.py took 1.556 seconds
[2025-12-16T15:43:39.520+0000] {processor.py:186} INFO - Started process (PID=956) to work on /opt/airflow/dags/etl_airflow_dag.py
[2025-12-16T15:43:39.523+0000] {processor.py:914} INFO - Processing file /opt/airflow/dags/etl_airflow_dag.py for tasks to queue
[2025-12-16T15:43:39.533+0000] {logging_mixin.py:190} INFO - [2025-12-16T15:43:39.530+0000] {dagbag.py:588} INFO - Filling up the DagBag from /opt/airflow/dags/etl_airflow_dag.py
[2025-12-16T15:43:40.821+0000] {processor.py:925} INFO - DAG(s) 'etl_synthetic_events' retrieved from /opt/airflow/dags/etl_airflow_dag.py
[2025-12-16T15:43:40.875+0000] {logging_mixin.py:190} INFO - [2025-12-16T15:43:40.874+0000] {dag.py:3239} INFO - Sync 1 DAGs
[2025-12-16T15:43:40.907+0000] {logging_mixin.py:190} INFO - [2025-12-16T15:43:40.907+0000] {dag.py:4180} INFO - Setting next_dagrun for etl_synthetic_events to None, run_after=None
[2025-12-16T15:43:40.954+0000] {processor.py:208} INFO - Processing /opt/airflow/dags/etl_airflow_dag.py took 1.448 seconds
[2025-12-16T15:44:11.554+0000] {processor.py:186} INFO - Started process (PID=962) to work on /opt/airflow/dags/etl_airflow_dag.py
[2025-12-16T15:44:11.557+0000] {processor.py:914} INFO - Processing file /opt/airflow/dags/etl_airflow_dag.py for tasks to queue
[2025-12-16T15:44:11.563+0000] {logging_mixin.py:190} INFO - [2025-12-16T15:44:11.563+0000] {dagbag.py:588} INFO - Filling up the DagBag from /opt/airflow/dags/etl_airflow_dag.py
[2025-12-16T15:44:12.721+0000] {processor.py:925} INFO - DAG(s) 'etl_synthetic_events' retrieved from /opt/airflow/dags/etl_airflow_dag.py
[2025-12-16T15:44:12.783+0000] {logging_mixin.py:190} INFO - [2025-12-16T15:44:12.782+0000] {dag.py:3239} INFO - Sync 1 DAGs
[2025-12-16T15:44:12.808+0000] {logging_mixin.py:190} INFO - [2025-12-16T15:44:12.808+0000] {dag.py:4180} INFO - Setting next_dagrun for etl_synthetic_events to None, run_after=None
[2025-12-16T15:44:12.846+0000] {processor.py:208} INFO - Processing /opt/airflow/dags/etl_airflow_dag.py took 1.305 seconds
[2025-12-16T15:44:43.094+0000] {processor.py:186} INFO - Started process (PID=968) to work on /opt/airflow/dags/etl_airflow_dag.py
[2025-12-16T15:44:43.097+0000] {processor.py:914} INFO - Processing file /opt/airflow/dags/etl_airflow_dag.py for tasks to queue
[2025-12-16T15:44:43.103+0000] {logging_mixin.py:190} INFO - [2025-12-16T15:44:43.103+0000] {dagbag.py:588} INFO - Filling up the DagBag from /opt/airflow/dags/etl_airflow_dag.py
[2025-12-16T15:44:44.294+0000] {processor.py:925} INFO - DAG(s) 'etl_synthetic_events' retrieved from /opt/airflow/dags/etl_airflow_dag.py
[2025-12-16T15:44:44.347+0000] {logging_mixin.py:190} INFO - [2025-12-16T15:44:44.346+0000] {dag.py:3239} INFO - Sync 1 DAGs
[2025-12-16T15:44:44.373+0000] {logging_mixin.py:190} INFO - [2025-12-16T15:44:44.373+0000] {dag.py:4180} INFO - Setting next_dagrun for etl_synthetic_events to None, run_after=None
[2025-12-16T15:44:44.421+0000] {processor.py:208} INFO - Processing /opt/airflow/dags/etl_airflow_dag.py took 1.340 seconds
[2025-12-16T15:45:14.873+0000] {processor.py:186} INFO - Started process (PID=974) to work on /opt/airflow/dags/etl_airflow_dag.py
[2025-12-16T15:45:14.884+0000] {processor.py:914} INFO - Processing file /opt/airflow/dags/etl_airflow_dag.py for tasks to queue
[2025-12-16T15:45:14.935+0000] {logging_mixin.py:190} INFO - [2025-12-16T15:45:14.933+0000] {dagbag.py:588} INFO - Filling up the DagBag from /opt/airflow/dags/etl_airflow_dag.py
[2025-12-16T15:45:16.343+0000] {processor.py:925} INFO - DAG(s) 'etl_synthetic_events' retrieved from /opt/airflow/dags/etl_airflow_dag.py
[2025-12-16T15:45:16.394+0000] {logging_mixin.py:190} INFO - [2025-12-16T15:45:16.393+0000] {dag.py:3239} INFO - Sync 1 DAGs
[2025-12-16T15:45:16.425+0000] {logging_mixin.py:190} INFO - [2025-12-16T15:45:16.425+0000] {dag.py:4180} INFO - Setting next_dagrun for etl_synthetic_events to None, run_after=None
[2025-12-16T15:45:16.462+0000] {processor.py:208} INFO - Processing /opt/airflow/dags/etl_airflow_dag.py took 1.635 seconds
[2025-12-16T15:45:47.021+0000] {processor.py:186} INFO - Started process (PID=980) to work on /opt/airflow/dags/etl_airflow_dag.py
[2025-12-16T15:45:47.023+0000] {processor.py:914} INFO - Processing file /opt/airflow/dags/etl_airflow_dag.py for tasks to queue
[2025-12-16T15:45:47.031+0000] {logging_mixin.py:190} INFO - [2025-12-16T15:45:47.030+0000] {dagbag.py:588} INFO - Filling up the DagBag from /opt/airflow/dags/etl_airflow_dag.py
[2025-12-16T15:45:48.078+0000] {processor.py:925} INFO - DAG(s) 'etl_synthetic_events' retrieved from /opt/airflow/dags/etl_airflow_dag.py
[2025-12-16T15:45:48.123+0000] {logging_mixin.py:190} INFO - [2025-12-16T15:45:48.122+0000] {dag.py:3239} INFO - Sync 1 DAGs
[2025-12-16T15:45:48.144+0000] {logging_mixin.py:190} INFO - [2025-12-16T15:45:48.144+0000] {dag.py:4180} INFO - Setting next_dagrun for etl_synthetic_events to None, run_after=None
[2025-12-16T15:45:48.179+0000] {processor.py:208} INFO - Processing /opt/airflow/dags/etl_airflow_dag.py took 1.172 seconds
[2025-12-16T15:46:18.524+0000] {processor.py:186} INFO - Started process (PID=986) to work on /opt/airflow/dags/etl_airflow_dag.py
[2025-12-16T15:46:18.528+0000] {processor.py:914} INFO - Processing file /opt/airflow/dags/etl_airflow_dag.py for tasks to queue
[2025-12-16T15:46:18.535+0000] {logging_mixin.py:190} INFO - [2025-12-16T15:46:18.534+0000] {dagbag.py:588} INFO - Filling up the DagBag from /opt/airflow/dags/etl_airflow_dag.py
[2025-12-16T15:46:19.728+0000] {processor.py:925} INFO - DAG(s) 'etl_synthetic_events' retrieved from /opt/airflow/dags/etl_airflow_dag.py
[2025-12-16T15:46:19.794+0000] {logging_mixin.py:190} INFO - [2025-12-16T15:46:19.793+0000] {dag.py:3239} INFO - Sync 1 DAGs
[2025-12-16T15:46:19.825+0000] {logging_mixin.py:190} INFO - [2025-12-16T15:46:19.824+0000] {dag.py:4180} INFO - Setting next_dagrun for etl_synthetic_events to None, run_after=None
[2025-12-16T15:46:19.875+0000] {processor.py:208} INFO - Processing /opt/airflow/dags/etl_airflow_dag.py took 1.368 seconds
[2025-12-16T15:46:50.319+0000] {processor.py:186} INFO - Started process (PID=992) to work on /opt/airflow/dags/etl_airflow_dag.py
[2025-12-16T15:46:50.321+0000] {processor.py:914} INFO - Processing file /opt/airflow/dags/etl_airflow_dag.py for tasks to queue
[2025-12-16T15:46:50.328+0000] {logging_mixin.py:190} INFO - [2025-12-16T15:46:50.327+0000] {dagbag.py:588} INFO - Filling up the DagBag from /opt/airflow/dags/etl_airflow_dag.py
[2025-12-16T15:46:51.411+0000] {processor.py:925} INFO - DAG(s) 'etl_synthetic_events' retrieved from /opt/airflow/dags/etl_airflow_dag.py
[2025-12-16T15:46:51.473+0000] {logging_mixin.py:190} INFO - [2025-12-16T15:46:51.472+0000] {dag.py:3239} INFO - Sync 1 DAGs
[2025-12-16T15:46:51.529+0000] {logging_mixin.py:190} INFO - [2025-12-16T15:46:51.528+0000] {dag.py:4180} INFO - Setting next_dagrun for etl_synthetic_events to None, run_after=None
[2025-12-16T15:46:51.610+0000] {processor.py:208} INFO - Processing /opt/airflow/dags/etl_airflow_dag.py took 1.305 seconds
[2025-12-16T15:47:21.924+0000] {processor.py:186} INFO - Started process (PID=998) to work on /opt/airflow/dags/etl_airflow_dag.py
[2025-12-16T15:47:21.927+0000] {processor.py:914} INFO - Processing file /opt/airflow/dags/etl_airflow_dag.py for tasks to queue
[2025-12-16T15:47:21.934+0000] {logging_mixin.py:190} INFO - [2025-12-16T15:47:21.932+0000] {dagbag.py:588} INFO - Filling up the DagBag from /opt/airflow/dags/etl_airflow_dag.py
[2025-12-16T15:47:23.186+0000] {processor.py:925} INFO - DAG(s) 'etl_synthetic_events' retrieved from /opt/airflow/dags/etl_airflow_dag.py
[2025-12-16T15:47:23.234+0000] {logging_mixin.py:190} INFO - [2025-12-16T15:47:23.233+0000] {dag.py:3239} INFO - Sync 1 DAGs
[2025-12-16T15:47:23.261+0000] {logging_mixin.py:190} INFO - [2025-12-16T15:47:23.260+0000] {dag.py:4180} INFO - Setting next_dagrun for etl_synthetic_events to None, run_after=None
[2025-12-16T15:47:23.299+0000] {processor.py:208} INFO - Processing /opt/airflow/dags/etl_airflow_dag.py took 1.389 seconds
[2025-12-16T15:47:53.632+0000] {processor.py:186} INFO - Started process (PID=1004) to work on /opt/airflow/dags/etl_airflow_dag.py
[2025-12-16T15:47:53.635+0000] {processor.py:914} INFO - Processing file /opt/airflow/dags/etl_airflow_dag.py for tasks to queue
[2025-12-16T15:47:53.641+0000] {logging_mixin.py:190} INFO - [2025-12-16T15:47:53.640+0000] {dagbag.py:588} INFO - Filling up the DagBag from /opt/airflow/dags/etl_airflow_dag.py
[2025-12-16T15:47:54.845+0000] {processor.py:925} INFO - DAG(s) 'etl_synthetic_events' retrieved from /opt/airflow/dags/etl_airflow_dag.py
[2025-12-16T15:47:54.896+0000] {logging_mixin.py:190} INFO - [2025-12-16T15:47:54.895+0000] {dag.py:3239} INFO - Sync 1 DAGs
[2025-12-16T15:47:54.921+0000] {logging_mixin.py:190} INFO - [2025-12-16T15:47:54.920+0000] {dag.py:4180} INFO - Setting next_dagrun for etl_synthetic_events to None, run_after=None
[2025-12-16T15:47:54.969+0000] {processor.py:208} INFO - Processing /opt/airflow/dags/etl_airflow_dag.py took 1.351 seconds
[2025-12-16T15:48:25.215+0000] {processor.py:186} INFO - Started process (PID=1010) to work on /opt/airflow/dags/etl_airflow_dag.py
[2025-12-16T15:48:25.218+0000] {processor.py:914} INFO - Processing file /opt/airflow/dags/etl_airflow_dag.py for tasks to queue
[2025-12-16T15:48:25.227+0000] {logging_mixin.py:190} INFO - [2025-12-16T15:48:25.226+0000] {dagbag.py:588} INFO - Filling up the DagBag from /opt/airflow/dags/etl_airflow_dag.py
[2025-12-16T15:48:26.494+0000] {processor.py:925} INFO - DAG(s) 'etl_synthetic_events' retrieved from /opt/airflow/dags/etl_airflow_dag.py
[2025-12-16T15:48:26.540+0000] {logging_mixin.py:190} INFO - [2025-12-16T15:48:26.539+0000] {dag.py:3239} INFO - Sync 1 DAGs
[2025-12-16T15:48:26.569+0000] {logging_mixin.py:190} INFO - [2025-12-16T15:48:26.569+0000] {dag.py:4180} INFO - Setting next_dagrun for etl_synthetic_events to None, run_after=None
[2025-12-16T15:48:26.622+0000] {processor.py:208} INFO - Processing /opt/airflow/dags/etl_airflow_dag.py took 1.420 seconds
[2025-12-16T15:48:57.046+0000] {processor.py:186} INFO - Started process (PID=1016) to work on /opt/airflow/dags/etl_airflow_dag.py
[2025-12-16T15:48:57.049+0000] {processor.py:914} INFO - Processing file /opt/airflow/dags/etl_airflow_dag.py for tasks to queue
[2025-12-16T15:48:57.056+0000] {logging_mixin.py:190} INFO - [2025-12-16T15:48:57.055+0000] {dagbag.py:588} INFO - Filling up the DagBag from /opt/airflow/dags/etl_airflow_dag.py
[2025-12-16T15:48:58.662+0000] {processor.py:925} INFO - DAG(s) 'etl_synthetic_events' retrieved from /opt/airflow/dags/etl_airflow_dag.py
[2025-12-16T15:48:58.716+0000] {logging_mixin.py:190} INFO - [2025-12-16T15:48:58.716+0000] {dag.py:3239} INFO - Sync 1 DAGs
[2025-12-16T15:48:58.747+0000] {logging_mixin.py:190} INFO - [2025-12-16T15:48:58.747+0000] {dag.py:4180} INFO - Setting next_dagrun for etl_synthetic_events to None, run_after=None
[2025-12-16T15:48:58.800+0000] {processor.py:208} INFO - Processing /opt/airflow/dags/etl_airflow_dag.py took 1.768 seconds
[2025-12-16T15:49:29.382+0000] {processor.py:186} INFO - Started process (PID=1022) to work on /opt/airflow/dags/etl_airflow_dag.py
[2025-12-16T15:49:29.385+0000] {processor.py:914} INFO - Processing file /opt/airflow/dags/etl_airflow_dag.py for tasks to queue
[2025-12-16T15:49:29.391+0000] {logging_mixin.py:190} INFO - [2025-12-16T15:49:29.390+0000] {dagbag.py:588} INFO - Filling up the DagBag from /opt/airflow/dags/etl_airflow_dag.py
[2025-12-16T15:49:30.590+0000] {processor.py:925} INFO - DAG(s) 'etl_synthetic_events' retrieved from /opt/airflow/dags/etl_airflow_dag.py
[2025-12-16T15:49:30.647+0000] {logging_mixin.py:190} INFO - [2025-12-16T15:49:30.646+0000] {dag.py:3239} INFO - Sync 1 DAGs
[2025-12-16T15:49:30.677+0000] {logging_mixin.py:190} INFO - [2025-12-16T15:49:30.677+0000] {dag.py:4180} INFO - Setting next_dagrun for etl_synthetic_events to None, run_after=None
[2025-12-16T15:49:30.717+0000] {processor.py:208} INFO - Processing /opt/airflow/dags/etl_airflow_dag.py took 1.347 seconds
[2025-12-16T15:50:01.211+0000] {processor.py:186} INFO - Started process (PID=1028) to work on /opt/airflow/dags/etl_airflow_dag.py
[2025-12-16T15:50:01.215+0000] {processor.py:914} INFO - Processing file /opt/airflow/dags/etl_airflow_dag.py for tasks to queue
[2025-12-16T15:50:01.223+0000] {logging_mixin.py:190} INFO - [2025-12-16T15:50:01.222+0000] {dagbag.py:588} INFO - Filling up the DagBag from /opt/airflow/dags/etl_airflow_dag.py
[2025-12-16T15:50:02.475+0000] {processor.py:925} INFO - DAG(s) 'etl_synthetic_events' retrieved from /opt/airflow/dags/etl_airflow_dag.py
[2025-12-16T15:50:02.527+0000] {logging_mixin.py:190} INFO - [2025-12-16T15:50:02.526+0000] {dag.py:3239} INFO - Sync 1 DAGs
[2025-12-16T15:50:02.554+0000] {logging_mixin.py:190} INFO - [2025-12-16T15:50:02.554+0000] {dag.py:4180} INFO - Setting next_dagrun for etl_synthetic_events to None, run_after=None
[2025-12-16T15:50:02.600+0000] {processor.py:208} INFO - Processing /opt/airflow/dags/etl_airflow_dag.py took 1.422 seconds
[2025-12-16T15:50:30.749+0000] {processor.py:186} INFO - Started process (PID=1034) to work on /opt/airflow/dags/etl_airflow_dag.py
[2025-12-16T15:50:30.751+0000] {processor.py:914} INFO - Processing file /opt/airflow/dags/etl_airflow_dag.py for tasks to queue
[2025-12-16T15:50:30.757+0000] {logging_mixin.py:190} INFO - [2025-12-16T15:50:30.756+0000] {dagbag.py:588} INFO - Filling up the DagBag from /opt/airflow/dags/etl_airflow_dag.py
[2025-12-16T15:50:31.915+0000] {processor.py:925} INFO - DAG(s) 'etl_synthetic_events' retrieved from /opt/airflow/dags/etl_airflow_dag.py
[2025-12-16T15:50:31.960+0000] {logging_mixin.py:190} INFO - [2025-12-16T15:50:31.959+0000] {dag.py:3239} INFO - Sync 1 DAGs
[2025-12-16T15:50:31.987+0000] {logging_mixin.py:190} INFO - [2025-12-16T15:50:31.986+0000] {dag.py:4180} INFO - Setting next_dagrun for etl_synthetic_events to None, run_after=None
[2025-12-16T15:50:32.037+0000] {processor.py:208} INFO - Processing /opt/airflow/dags/etl_airflow_dag.py took 1.302 seconds
[2025-12-16T15:50:33.201+0000] {processor.py:186} INFO - Started process (PID=1040) to work on /opt/airflow/dags/etl_airflow_dag.py
[2025-12-16T15:50:33.205+0000] {processor.py:914} INFO - Processing file /opt/airflow/dags/etl_airflow_dag.py for tasks to queue
[2025-12-16T15:50:33.213+0000] {logging_mixin.py:190} INFO - [2025-12-16T15:50:33.212+0000] {dagbag.py:588} INFO - Filling up the DagBag from /opt/airflow/dags/etl_airflow_dag.py
[2025-12-16T15:50:34.708+0000] {processor.py:925} INFO - DAG(s) 'etl_synthetic_events' retrieved from /opt/airflow/dags/etl_airflow_dag.py
[2025-12-16T15:50:34.761+0000] {logging_mixin.py:190} INFO - [2025-12-16T15:50:34.759+0000] {dag.py:3239} INFO - Sync 1 DAGs
[2025-12-16T15:50:34.787+0000] {logging_mixin.py:190} INFO - [2025-12-16T15:50:34.786+0000] {dag.py:4180} INFO - Setting next_dagrun for etl_synthetic_events to None, run_after=None
[2025-12-16T15:50:34.844+0000] {processor.py:208} INFO - Processing /opt/airflow/dags/etl_airflow_dag.py took 1.658 seconds
[2025-12-16T15:51:05.433+0000] {processor.py:186} INFO - Started process (PID=1046) to work on /opt/airflow/dags/etl_airflow_dag.py
[2025-12-16T15:51:05.436+0000] {processor.py:914} INFO - Processing file /opt/airflow/dags/etl_airflow_dag.py for tasks to queue
[2025-12-16T15:51:05.441+0000] {logging_mixin.py:190} INFO - [2025-12-16T15:51:05.441+0000] {dagbag.py:588} INFO - Filling up the DagBag from /opt/airflow/dags/etl_airflow_dag.py
[2025-12-16T15:51:06.653+0000] {processor.py:925} INFO - DAG(s) 'etl_synthetic_events' retrieved from /opt/airflow/dags/etl_airflow_dag.py
[2025-12-16T15:51:06.705+0000] {logging_mixin.py:190} INFO - [2025-12-16T15:51:06.704+0000] {dag.py:3239} INFO - Sync 1 DAGs
[2025-12-16T15:51:06.729+0000] {logging_mixin.py:190} INFO - [2025-12-16T15:51:06.728+0000] {dag.py:4180} INFO - Setting next_dagrun for etl_synthetic_events to None, run_after=None
[2025-12-16T15:51:06.773+0000] {processor.py:208} INFO - Processing /opt/airflow/dags/etl_airflow_dag.py took 1.352 seconds
[2025-12-16T15:51:37.118+0000] {processor.py:186} INFO - Started process (PID=1052) to work on /opt/airflow/dags/etl_airflow_dag.py
[2025-12-16T15:51:37.121+0000] {processor.py:914} INFO - Processing file /opt/airflow/dags/etl_airflow_dag.py for tasks to queue
[2025-12-16T15:51:37.127+0000] {logging_mixin.py:190} INFO - [2025-12-16T15:51:37.126+0000] {dagbag.py:588} INFO - Filling up the DagBag from /opt/airflow/dags/etl_airflow_dag.py
[2025-12-16T15:51:38.419+0000] {processor.py:925} INFO - DAG(s) 'etl_synthetic_events' retrieved from /opt/airflow/dags/etl_airflow_dag.py
[2025-12-16T15:51:38.476+0000] {logging_mixin.py:190} INFO - [2025-12-16T15:51:38.475+0000] {dag.py:3239} INFO - Sync 1 DAGs
[2025-12-16T15:51:38.502+0000] {logging_mixin.py:190} INFO - [2025-12-16T15:51:38.501+0000] {dag.py:4180} INFO - Setting next_dagrun for etl_synthetic_events to None, run_after=None
[2025-12-16T15:51:38.544+0000] {processor.py:208} INFO - Processing /opt/airflow/dags/etl_airflow_dag.py took 1.440 seconds
[2025-12-16T15:52:08.730+0000] {processor.py:186} INFO - Started process (PID=1058) to work on /opt/airflow/dags/etl_airflow_dag.py
[2025-12-16T15:52:08.733+0000] {processor.py:914} INFO - Processing file /opt/airflow/dags/etl_airflow_dag.py for tasks to queue
[2025-12-16T15:52:08.738+0000] {logging_mixin.py:190} INFO - [2025-12-16T15:52:08.738+0000] {dagbag.py:588} INFO - Filling up the DagBag from /opt/airflow/dags/etl_airflow_dag.py
[2025-12-16T15:52:10.022+0000] {processor.py:925} INFO - DAG(s) 'etl_synthetic_events' retrieved from /opt/airflow/dags/etl_airflow_dag.py
[2025-12-16T15:52:10.083+0000] {logging_mixin.py:190} INFO - [2025-12-16T15:52:10.082+0000] {dag.py:3239} INFO - Sync 1 DAGs
[2025-12-16T15:52:10.121+0000] {logging_mixin.py:190} INFO - [2025-12-16T15:52:10.120+0000] {dag.py:4180} INFO - Setting next_dagrun for etl_synthetic_events to None, run_after=None
[2025-12-16T15:52:10.176+0000] {processor.py:208} INFO - Processing /opt/airflow/dags/etl_airflow_dag.py took 1.459 seconds
[2025-12-16T15:52:40.558+0000] {processor.py:186} INFO - Started process (PID=1070) to work on /opt/airflow/dags/etl_airflow_dag.py
[2025-12-16T15:52:40.561+0000] {processor.py:914} INFO - Processing file /opt/airflow/dags/etl_airflow_dag.py for tasks to queue
[2025-12-16T15:52:40.568+0000] {logging_mixin.py:190} INFO - [2025-12-16T15:52:40.567+0000] {dagbag.py:588} INFO - Filling up the DagBag from /opt/airflow/dags/etl_airflow_dag.py
[2025-12-16T15:52:42.034+0000] {processor.py:925} INFO - DAG(s) 'etl_synthetic_events' retrieved from /opt/airflow/dags/etl_airflow_dag.py
[2025-12-16T15:52:42.136+0000] {logging_mixin.py:190} INFO - [2025-12-16T15:52:42.135+0000] {dag.py:3239} INFO - Sync 1 DAGs
[2025-12-16T15:52:42.179+0000] {logging_mixin.py:190} INFO - [2025-12-16T15:52:42.178+0000] {dag.py:4180} INFO - Setting next_dagrun for etl_synthetic_events to None, run_after=None
[2025-12-16T15:52:42.231+0000] {processor.py:208} INFO - Processing /opt/airflow/dags/etl_airflow_dag.py took 1.690 seconds
[2025-12-16T15:53:12.901+0000] {processor.py:186} INFO - Started process (PID=1092) to work on /opt/airflow/dags/etl_airflow_dag.py
[2025-12-16T15:53:12.904+0000] {processor.py:914} INFO - Processing file /opt/airflow/dags/etl_airflow_dag.py for tasks to queue
[2025-12-16T15:53:12.912+0000] {logging_mixin.py:190} INFO - [2025-12-16T15:53:12.911+0000] {dagbag.py:588} INFO - Filling up the DagBag from /opt/airflow/dags/etl_airflow_dag.py
[2025-12-16T15:53:14.076+0000] {processor.py:925} INFO - DAG(s) 'etl_synthetic_events' retrieved from /opt/airflow/dags/etl_airflow_dag.py
[2025-12-16T15:53:14.124+0000] {logging_mixin.py:190} INFO - [2025-12-16T15:53:14.123+0000] {dag.py:3239} INFO - Sync 1 DAGs
[2025-12-16T15:53:14.152+0000] {logging_mixin.py:190} INFO - [2025-12-16T15:53:14.151+0000] {dag.py:4180} INFO - Setting next_dagrun for etl_synthetic_events to None, run_after=None
[2025-12-16T15:53:14.199+0000] {processor.py:208} INFO - Processing /opt/airflow/dags/etl_airflow_dag.py took 1.317 seconds
[2025-12-16T15:53:44.658+0000] {processor.py:186} INFO - Started process (PID=1098) to work on /opt/airflow/dags/etl_airflow_dag.py
[2025-12-16T15:53:44.662+0000] {processor.py:914} INFO - Processing file /opt/airflow/dags/etl_airflow_dag.py for tasks to queue
[2025-12-16T15:53:44.668+0000] {logging_mixin.py:190} INFO - [2025-12-16T15:53:44.667+0000] {dagbag.py:588} INFO - Filling up the DagBag from /opt/airflow/dags/etl_airflow_dag.py
[2025-12-16T15:53:45.928+0000] {processor.py:925} INFO - DAG(s) 'etl_synthetic_events' retrieved from /opt/airflow/dags/etl_airflow_dag.py
[2025-12-16T15:53:45.982+0000] {logging_mixin.py:190} INFO - [2025-12-16T15:53:45.981+0000] {dag.py:3239} INFO - Sync 1 DAGs
[2025-12-16T15:53:46.006+0000] {logging_mixin.py:190} INFO - [2025-12-16T15:53:46.006+0000] {dag.py:4180} INFO - Setting next_dagrun for etl_synthetic_events to None, run_after=None
[2025-12-16T15:53:46.045+0000] {processor.py:208} INFO - Processing /opt/airflow/dags/etl_airflow_dag.py took 1.404 seconds
[2025-12-16T15:54:16.332+0000] {processor.py:186} INFO - Started process (PID=1104) to work on /opt/airflow/dags/etl_airflow_dag.py
[2025-12-16T15:54:16.337+0000] {processor.py:914} INFO - Processing file /opt/airflow/dags/etl_airflow_dag.py for tasks to queue
[2025-12-16T15:54:16.347+0000] {logging_mixin.py:190} INFO - [2025-12-16T15:54:16.345+0000] {dagbag.py:588} INFO - Filling up the DagBag from /opt/airflow/dags/etl_airflow_dag.py
[2025-12-16T15:54:17.652+0000] {processor.py:925} INFO - DAG(s) 'etl_synthetic_events' retrieved from /opt/airflow/dags/etl_airflow_dag.py
[2025-12-16T15:54:17.701+0000] {logging_mixin.py:190} INFO - [2025-12-16T15:54:17.700+0000] {dag.py:3239} INFO - Sync 1 DAGs
[2025-12-16T15:54:17.736+0000] {logging_mixin.py:190} INFO - [2025-12-16T15:54:17.735+0000] {dag.py:4180} INFO - Setting next_dagrun for etl_synthetic_events to None, run_after=None
[2025-12-16T15:54:17.777+0000] {processor.py:208} INFO - Processing /opt/airflow/dags/etl_airflow_dag.py took 1.469 seconds
[2025-12-16T15:54:48.045+0000] {processor.py:186} INFO - Started process (PID=1110) to work on /opt/airflow/dags/etl_airflow_dag.py
[2025-12-16T15:54:48.048+0000] {processor.py:914} INFO - Processing file /opt/airflow/dags/etl_airflow_dag.py for tasks to queue
[2025-12-16T15:54:48.054+0000] {logging_mixin.py:190} INFO - [2025-12-16T15:54:48.053+0000] {dagbag.py:588} INFO - Filling up the DagBag from /opt/airflow/dags/etl_airflow_dag.py
[2025-12-16T15:54:49.075+0000] {processor.py:925} INFO - DAG(s) 'etl_synthetic_events' retrieved from /opt/airflow/dags/etl_airflow_dag.py
[2025-12-16T15:54:49.123+0000] {logging_mixin.py:190} INFO - [2025-12-16T15:54:49.123+0000] {dag.py:3239} INFO - Sync 1 DAGs
[2025-12-16T15:54:49.149+0000] {logging_mixin.py:190} INFO - [2025-12-16T15:54:49.148+0000] {dag.py:4180} INFO - Setting next_dagrun for etl_synthetic_events to None, run_after=None
[2025-12-16T15:54:49.191+0000] {processor.py:208} INFO - Processing /opt/airflow/dags/etl_airflow_dag.py took 1.162 seconds
[2025-12-16T15:55:19.750+0000] {processor.py:186} INFO - Started process (PID=1116) to work on /opt/airflow/dags/etl_airflow_dag.py
[2025-12-16T15:55:19.753+0000] {processor.py:914} INFO - Processing file /opt/airflow/dags/etl_airflow_dag.py for tasks to queue
[2025-12-16T15:55:19.761+0000] {logging_mixin.py:190} INFO - [2025-12-16T15:55:19.760+0000] {dagbag.py:588} INFO - Filling up the DagBag from /opt/airflow/dags/etl_airflow_dag.py
[2025-12-16T15:55:21.016+0000] {processor.py:925} INFO - DAG(s) 'etl_synthetic_events' retrieved from /opt/airflow/dags/etl_airflow_dag.py
[2025-12-16T15:55:21.086+0000] {logging_mixin.py:190} INFO - [2025-12-16T15:55:21.083+0000] {dag.py:3239} INFO - Sync 1 DAGs
[2025-12-16T15:55:21.132+0000] {logging_mixin.py:190} INFO - [2025-12-16T15:55:21.131+0000] {dag.py:4180} INFO - Setting next_dagrun for etl_synthetic_events to None, run_after=None
[2025-12-16T15:55:21.217+0000] {processor.py:208} INFO - Processing /opt/airflow/dags/etl_airflow_dag.py took 1.481 seconds
[2025-12-16T15:55:51.830+0000] {processor.py:186} INFO - Started process (PID=1122) to work on /opt/airflow/dags/etl_airflow_dag.py
[2025-12-16T15:55:51.833+0000] {processor.py:914} INFO - Processing file /opt/airflow/dags/etl_airflow_dag.py for tasks to queue
[2025-12-16T15:55:51.841+0000] {logging_mixin.py:190} INFO - [2025-12-16T15:55:51.840+0000] {dagbag.py:588} INFO - Filling up the DagBag from /opt/airflow/dags/etl_airflow_dag.py
[2025-12-16T15:55:52.997+0000] {processor.py:925} INFO - DAG(s) 'etl_synthetic_events' retrieved from /opt/airflow/dags/etl_airflow_dag.py
[2025-12-16T15:55:53.046+0000] {logging_mixin.py:190} INFO - [2025-12-16T15:55:53.045+0000] {dag.py:3239} INFO - Sync 1 DAGs
[2025-12-16T15:55:53.070+0000] {logging_mixin.py:190} INFO - [2025-12-16T15:55:53.070+0000] {dag.py:4180} INFO - Setting next_dagrun for etl_synthetic_events to None, run_after=None
[2025-12-16T15:55:53.110+0000] {processor.py:208} INFO - Processing /opt/airflow/dags/etl_airflow_dag.py took 1.297 seconds
[2025-12-16T15:56:23.663+0000] {processor.py:186} INFO - Started process (PID=1128) to work on /opt/airflow/dags/etl_airflow_dag.py
[2025-12-16T15:56:23.666+0000] {processor.py:914} INFO - Processing file /opt/airflow/dags/etl_airflow_dag.py for tasks to queue
[2025-12-16T15:56:23.675+0000] {logging_mixin.py:190} INFO - [2025-12-16T15:56:23.674+0000] {dagbag.py:588} INFO - Filling up the DagBag from /opt/airflow/dags/etl_airflow_dag.py
[2025-12-16T15:56:24.706+0000] {processor.py:925} INFO - DAG(s) 'etl_synthetic_events' retrieved from /opt/airflow/dags/etl_airflow_dag.py
[2025-12-16T15:56:24.752+0000] {logging_mixin.py:190} INFO - [2025-12-16T15:56:24.751+0000] {dag.py:3239} INFO - Sync 1 DAGs
[2025-12-16T15:56:24.775+0000] {logging_mixin.py:190} INFO - [2025-12-16T15:56:24.775+0000] {dag.py:4180} INFO - Setting next_dagrun for etl_synthetic_events to None, run_after=None
[2025-12-16T15:56:24.823+0000] {processor.py:208} INFO - Processing /opt/airflow/dags/etl_airflow_dag.py took 1.181 seconds
[2025-12-16T15:56:55.146+0000] {processor.py:186} INFO - Started process (PID=1134) to work on /opt/airflow/dags/etl_airflow_dag.py
[2025-12-16T15:56:55.149+0000] {processor.py:914} INFO - Processing file /opt/airflow/dags/etl_airflow_dag.py for tasks to queue
[2025-12-16T15:56:55.158+0000] {logging_mixin.py:190} INFO - [2025-12-16T15:56:55.157+0000] {dagbag.py:588} INFO - Filling up the DagBag from /opt/airflow/dags/etl_airflow_dag.py
[2025-12-16T15:56:56.208+0000] {processor.py:925} INFO - DAG(s) 'etl_synthetic_events' retrieved from /opt/airflow/dags/etl_airflow_dag.py
[2025-12-16T15:56:56.259+0000] {logging_mixin.py:190} INFO - [2025-12-16T15:56:56.258+0000] {dag.py:3239} INFO - Sync 1 DAGs
[2025-12-16T15:56:56.288+0000] {logging_mixin.py:190} INFO - [2025-12-16T15:56:56.287+0000] {dag.py:4180} INFO - Setting next_dagrun for etl_synthetic_events to None, run_after=None
[2025-12-16T15:56:56.333+0000] {processor.py:208} INFO - Processing /opt/airflow/dags/etl_airflow_dag.py took 1.203 seconds
[2025-12-16T15:57:26.925+0000] {processor.py:186} INFO - Started process (PID=1140) to work on /opt/airflow/dags/etl_airflow_dag.py
[2025-12-16T15:57:26.928+0000] {processor.py:914} INFO - Processing file /opt/airflow/dags/etl_airflow_dag.py for tasks to queue
[2025-12-16T15:57:26.935+0000] {logging_mixin.py:190} INFO - [2025-12-16T15:57:26.934+0000] {dagbag.py:588} INFO - Filling up the DagBag from /opt/airflow/dags/etl_airflow_dag.py
[2025-12-16T15:57:28.095+0000] {processor.py:925} INFO - DAG(s) 'etl_synthetic_events' retrieved from /opt/airflow/dags/etl_airflow_dag.py
[2025-12-16T15:57:28.157+0000] {logging_mixin.py:190} INFO - [2025-12-16T15:57:28.156+0000] {dag.py:3239} INFO - Sync 1 DAGs
[2025-12-16T15:57:28.185+0000] {logging_mixin.py:190} INFO - [2025-12-16T15:57:28.184+0000] {dag.py:4180} INFO - Setting next_dagrun for etl_synthetic_events to None, run_after=None
[2025-12-16T15:57:28.226+0000] {processor.py:208} INFO - Processing /opt/airflow/dags/etl_airflow_dag.py took 1.318 seconds
[2025-12-16T15:57:58.398+0000] {processor.py:186} INFO - Started process (PID=1146) to work on /opt/airflow/dags/etl_airflow_dag.py
[2025-12-16T15:57:58.401+0000] {processor.py:914} INFO - Processing file /opt/airflow/dags/etl_airflow_dag.py for tasks to queue
[2025-12-16T15:57:58.408+0000] {logging_mixin.py:190} INFO - [2025-12-16T15:57:58.407+0000] {dagbag.py:588} INFO - Filling up the DagBag from /opt/airflow/dags/etl_airflow_dag.py
[2025-12-16T15:57:59.637+0000] {processor.py:925} INFO - DAG(s) 'etl_synthetic_events' retrieved from /opt/airflow/dags/etl_airflow_dag.py
[2025-12-16T15:57:59.684+0000] {logging_mixin.py:190} INFO - [2025-12-16T15:57:59.684+0000] {dag.py:3239} INFO - Sync 1 DAGs
[2025-12-16T15:57:59.709+0000] {logging_mixin.py:190} INFO - [2025-12-16T15:57:59.709+0000] {dag.py:4180} INFO - Setting next_dagrun for etl_synthetic_events to None, run_after=None
[2025-12-16T15:57:59.753+0000] {processor.py:208} INFO - Processing /opt/airflow/dags/etl_airflow_dag.py took 1.369 seconds
[2025-12-16T15:58:30.180+0000] {processor.py:186} INFO - Started process (PID=1152) to work on /opt/airflow/dags/etl_airflow_dag.py
[2025-12-16T15:58:30.183+0000] {processor.py:914} INFO - Processing file /opt/airflow/dags/etl_airflow_dag.py for tasks to queue
[2025-12-16T15:58:30.189+0000] {logging_mixin.py:190} INFO - [2025-12-16T15:58:30.188+0000] {dagbag.py:588} INFO - Filling up the DagBag from /opt/airflow/dags/etl_airflow_dag.py
[2025-12-16T15:58:31.152+0000] {processor.py:925} INFO - DAG(s) 'etl_synthetic_events' retrieved from /opt/airflow/dags/etl_airflow_dag.py
[2025-12-16T15:58:31.198+0000] {logging_mixin.py:190} INFO - [2025-12-16T15:58:31.197+0000] {dag.py:3239} INFO - Sync 1 DAGs
[2025-12-16T15:58:31.221+0000] {logging_mixin.py:190} INFO - [2025-12-16T15:58:31.221+0000] {dag.py:4180} INFO - Setting next_dagrun for etl_synthetic_events to None, run_after=None
[2025-12-16T15:58:31.256+0000] {processor.py:208} INFO - Processing /opt/airflow/dags/etl_airflow_dag.py took 1.112 seconds
[2025-12-16T15:59:01.767+0000] {processor.py:186} INFO - Started process (PID=1158) to work on /opt/airflow/dags/etl_airflow_dag.py
[2025-12-16T15:59:01.771+0000] {processor.py:914} INFO - Processing file /opt/airflow/dags/etl_airflow_dag.py for tasks to queue
[2025-12-16T15:59:01.778+0000] {logging_mixin.py:190} INFO - [2025-12-16T15:59:01.777+0000] {dagbag.py:588} INFO - Filling up the DagBag from /opt/airflow/dags/etl_airflow_dag.py
[2025-12-16T15:59:02.873+0000] {processor.py:925} INFO - DAG(s) 'etl_synthetic_events' retrieved from /opt/airflow/dags/etl_airflow_dag.py
[2025-12-16T15:59:02.923+0000] {logging_mixin.py:190} INFO - [2025-12-16T15:59:02.923+0000] {dag.py:3239} INFO - Sync 1 DAGs
[2025-12-16T15:59:02.948+0000] {logging_mixin.py:190} INFO - [2025-12-16T15:59:02.947+0000] {dag.py:4180} INFO - Setting next_dagrun for etl_synthetic_events to None, run_after=None
[2025-12-16T15:59:02.991+0000] {processor.py:208} INFO - Processing /opt/airflow/dags/etl_airflow_dag.py took 1.237 seconds
[2025-12-16T15:59:33.230+0000] {processor.py:186} INFO - Started process (PID=1164) to work on /opt/airflow/dags/etl_airflow_dag.py
[2025-12-16T15:59:33.233+0000] {processor.py:914} INFO - Processing file /opt/airflow/dags/etl_airflow_dag.py for tasks to queue
[2025-12-16T15:59:33.239+0000] {logging_mixin.py:190} INFO - [2025-12-16T15:59:33.238+0000] {dagbag.py:588} INFO - Filling up the DagBag from /opt/airflow/dags/etl_airflow_dag.py
[2025-12-16T15:59:34.508+0000] {processor.py:925} INFO - DAG(s) 'etl_synthetic_events' retrieved from /opt/airflow/dags/etl_airflow_dag.py
[2025-12-16T15:59:34.558+0000] {logging_mixin.py:190} INFO - [2025-12-16T15:59:34.557+0000] {dag.py:3239} INFO - Sync 1 DAGs
[2025-12-16T15:59:34.586+0000] {logging_mixin.py:190} INFO - [2025-12-16T15:59:34.585+0000] {dag.py:4180} INFO - Setting next_dagrun for etl_synthetic_events to None, run_after=None
[2025-12-16T15:59:34.635+0000] {processor.py:208} INFO - Processing /opt/airflow/dags/etl_airflow_dag.py took 1.420 seconds
[2025-12-16T16:00:04.904+0000] {processor.py:186} INFO - Started process (PID=1170) to work on /opt/airflow/dags/etl_airflow_dag.py
[2025-12-16T16:00:04.907+0000] {processor.py:914} INFO - Processing file /opt/airflow/dags/etl_airflow_dag.py for tasks to queue
[2025-12-16T16:00:04.912+0000] {logging_mixin.py:190} INFO - [2025-12-16T16:00:04.911+0000] {dagbag.py:588} INFO - Filling up the DagBag from /opt/airflow/dags/etl_airflow_dag.py
[2025-12-16T16:00:06.087+0000] {processor.py:925} INFO - DAG(s) 'etl_synthetic_events' retrieved from /opt/airflow/dags/etl_airflow_dag.py
[2025-12-16T16:00:06.141+0000] {logging_mixin.py:190} INFO - [2025-12-16T16:00:06.140+0000] {dag.py:3239} INFO - Sync 1 DAGs
[2025-12-16T16:00:06.171+0000] {logging_mixin.py:190} INFO - [2025-12-16T16:00:06.170+0000] {dag.py:4180} INFO - Setting next_dagrun for etl_synthetic_events to None, run_after=None
[2025-12-16T16:00:06.210+0000] {processor.py:208} INFO - Processing /opt/airflow/dags/etl_airflow_dag.py took 1.318 seconds
[2025-12-16T16:00:36.567+0000] {processor.py:186} INFO - Started process (PID=1176) to work on /opt/airflow/dags/etl_airflow_dag.py
[2025-12-16T16:00:36.572+0000] {processor.py:914} INFO - Processing file /opt/airflow/dags/etl_airflow_dag.py for tasks to queue
[2025-12-16T16:00:36.585+0000] {logging_mixin.py:190} INFO - [2025-12-16T16:00:36.584+0000] {dagbag.py:588} INFO - Filling up the DagBag from /opt/airflow/dags/etl_airflow_dag.py
[2025-12-16T16:00:37.904+0000] {processor.py:925} INFO - DAG(s) 'etl_synthetic_events' retrieved from /opt/airflow/dags/etl_airflow_dag.py
[2025-12-16T16:00:37.952+0000] {logging_mixin.py:190} INFO - [2025-12-16T16:00:37.951+0000] {dag.py:3239} INFO - Sync 1 DAGs
[2025-12-16T16:00:37.978+0000] {logging_mixin.py:190} INFO - [2025-12-16T16:00:37.977+0000] {dag.py:4180} INFO - Setting next_dagrun for etl_synthetic_events to None, run_after=None
[2025-12-16T16:00:38.016+0000] {processor.py:208} INFO - Processing /opt/airflow/dags/etl_airflow_dag.py took 1.466 seconds
[2025-12-16T16:01:08.208+0000] {processor.py:186} INFO - Started process (PID=1182) to work on /opt/airflow/dags/etl_airflow_dag.py
[2025-12-16T16:01:08.212+0000] {processor.py:914} INFO - Processing file /opt/airflow/dags/etl_airflow_dag.py for tasks to queue
[2025-12-16T16:01:08.219+0000] {logging_mixin.py:190} INFO - [2025-12-16T16:01:08.218+0000] {dagbag.py:588} INFO - Filling up the DagBag from /opt/airflow/dags/etl_airflow_dag.py
[2025-12-16T16:01:09.491+0000] {processor.py:925} INFO - DAG(s) 'etl_synthetic_events' retrieved from /opt/airflow/dags/etl_airflow_dag.py
[2025-12-16T16:01:09.534+0000] {logging_mixin.py:190} INFO - [2025-12-16T16:01:09.534+0000] {dag.py:3239} INFO - Sync 1 DAGs
[2025-12-16T16:01:09.557+0000] {logging_mixin.py:190} INFO - [2025-12-16T16:01:09.556+0000] {dag.py:4180} INFO - Setting next_dagrun for etl_synthetic_events to None, run_after=None
[2025-12-16T16:01:09.597+0000] {processor.py:208} INFO - Processing /opt/airflow/dags/etl_airflow_dag.py took 1.408 seconds
[2025-12-16T16:01:39.999+0000] {processor.py:186} INFO - Started process (PID=1188) to work on /opt/airflow/dags/etl_airflow_dag.py
[2025-12-16T16:01:40.002+0000] {processor.py:914} INFO - Processing file /opt/airflow/dags/etl_airflow_dag.py for tasks to queue
[2025-12-16T16:01:40.008+0000] {logging_mixin.py:190} INFO - [2025-12-16T16:01:40.007+0000] {dagbag.py:588} INFO - Filling up the DagBag from /opt/airflow/dags/etl_airflow_dag.py
[2025-12-16T16:01:41.163+0000] {processor.py:925} INFO - DAG(s) 'etl_synthetic_events' retrieved from /opt/airflow/dags/etl_airflow_dag.py
[2025-12-16T16:01:41.228+0000] {logging_mixin.py:190} INFO - [2025-12-16T16:01:41.227+0000] {dag.py:3239} INFO - Sync 1 DAGs
[2025-12-16T16:01:41.264+0000] {logging_mixin.py:190} INFO - [2025-12-16T16:01:41.263+0000] {dag.py:4180} INFO - Setting next_dagrun for etl_synthetic_events to None, run_after=None
[2025-12-16T16:01:41.307+0000] {processor.py:208} INFO - Processing /opt/airflow/dags/etl_airflow_dag.py took 1.321 seconds
[2025-12-16T16:02:11.674+0000] {processor.py:186} INFO - Started process (PID=1194) to work on /opt/airflow/dags/etl_airflow_dag.py
[2025-12-16T16:02:11.678+0000] {processor.py:914} INFO - Processing file /opt/airflow/dags/etl_airflow_dag.py for tasks to queue
[2025-12-16T16:02:11.683+0000] {logging_mixin.py:190} INFO - [2025-12-16T16:02:11.683+0000] {dagbag.py:588} INFO - Filling up the DagBag from /opt/airflow/dags/etl_airflow_dag.py
[2025-12-16T16:02:12.910+0000] {processor.py:925} INFO - DAG(s) 'etl_synthetic_events' retrieved from /opt/airflow/dags/etl_airflow_dag.py
[2025-12-16T16:02:12.974+0000] {logging_mixin.py:190} INFO - [2025-12-16T16:02:12.971+0000] {dag.py:3239} INFO - Sync 1 DAGs
[2025-12-16T16:02:13.017+0000] {logging_mixin.py:190} INFO - [2025-12-16T16:02:13.016+0000] {dag.py:4180} INFO - Setting next_dagrun for etl_synthetic_events to None, run_after=None
[2025-12-16T16:02:13.067+0000] {processor.py:208} INFO - Processing /opt/airflow/dags/etl_airflow_dag.py took 1.406 seconds
[2025-12-16T16:02:43.325+0000] {processor.py:186} INFO - Started process (PID=1200) to work on /opt/airflow/dags/etl_airflow_dag.py
[2025-12-16T16:02:43.327+0000] {processor.py:914} INFO - Processing file /opt/airflow/dags/etl_airflow_dag.py for tasks to queue
[2025-12-16T16:02:43.333+0000] {logging_mixin.py:190} INFO - [2025-12-16T16:02:43.332+0000] {dagbag.py:588} INFO - Filling up the DagBag from /opt/airflow/dags/etl_airflow_dag.py
[2025-12-16T16:02:44.527+0000] {processor.py:925} INFO - DAG(s) 'etl_synthetic_events' retrieved from /opt/airflow/dags/etl_airflow_dag.py
[2025-12-16T16:02:44.578+0000] {logging_mixin.py:190} INFO - [2025-12-16T16:02:44.577+0000] {dag.py:3239} INFO - Sync 1 DAGs
[2025-12-16T16:02:44.602+0000] {logging_mixin.py:190} INFO - [2025-12-16T16:02:44.601+0000] {dag.py:4180} INFO - Setting next_dagrun for etl_synthetic_events to None, run_after=None
[2025-12-16T16:02:44.648+0000] {processor.py:208} INFO - Processing /opt/airflow/dags/etl_airflow_dag.py took 1.337 seconds
[2025-12-16T16:03:15.036+0000] {processor.py:186} INFO - Started process (PID=1206) to work on /opt/airflow/dags/etl_airflow_dag.py
[2025-12-16T16:03:15.040+0000] {processor.py:914} INFO - Processing file /opt/airflow/dags/etl_airflow_dag.py for tasks to queue
[2025-12-16T16:03:15.047+0000] {logging_mixin.py:190} INFO - [2025-12-16T16:03:15.046+0000] {dagbag.py:588} INFO - Filling up the DagBag from /opt/airflow/dags/etl_airflow_dag.py
[2025-12-16T16:03:16.173+0000] {processor.py:925} INFO - DAG(s) 'etl_synthetic_events' retrieved from /opt/airflow/dags/etl_airflow_dag.py
[2025-12-16T16:03:16.221+0000] {logging_mixin.py:190} INFO - [2025-12-16T16:03:16.220+0000] {dag.py:3239} INFO - Sync 1 DAGs
[2025-12-16T16:03:16.246+0000] {logging_mixin.py:190} INFO - [2025-12-16T16:03:16.245+0000] {dag.py:4180} INFO - Setting next_dagrun for etl_synthetic_events to None, run_after=None
[2025-12-16T16:03:16.299+0000] {processor.py:208} INFO - Processing /opt/airflow/dags/etl_airflow_dag.py took 1.279 seconds
[2025-12-16T16:03:47.185+0000] {processor.py:186} INFO - Started process (PID=1212) to work on /opt/airflow/dags/etl_airflow_dag.py
[2025-12-16T16:03:47.189+0000] {processor.py:914} INFO - Processing file /opt/airflow/dags/etl_airflow_dag.py for tasks to queue
[2025-12-16T16:03:47.197+0000] {logging_mixin.py:190} INFO - [2025-12-16T16:03:47.196+0000] {dagbag.py:588} INFO - Filling up the DagBag from /opt/airflow/dags/etl_airflow_dag.py
[2025-12-16T16:03:48.156+0000] {processor.py:925} INFO - DAG(s) 'etl_synthetic_events' retrieved from /opt/airflow/dags/etl_airflow_dag.py
[2025-12-16T16:03:48.218+0000] {logging_mixin.py:190} INFO - [2025-12-16T16:03:48.217+0000] {dag.py:3239} INFO - Sync 1 DAGs
[2025-12-16T16:03:48.271+0000] {logging_mixin.py:190} INFO - [2025-12-16T16:03:48.271+0000] {dag.py:4180} INFO - Setting next_dagrun for etl_synthetic_events to None, run_after=None
[2025-12-16T16:03:48.336+0000] {processor.py:208} INFO - Processing /opt/airflow/dags/etl_airflow_dag.py took 1.170 seconds
[2025-12-16T16:04:18.734+0000] {processor.py:186} INFO - Started process (PID=1218) to work on /opt/airflow/dags/etl_airflow_dag.py
[2025-12-16T16:04:18.737+0000] {processor.py:914} INFO - Processing file /opt/airflow/dags/etl_airflow_dag.py for tasks to queue
[2025-12-16T16:04:18.749+0000] {logging_mixin.py:190} INFO - [2025-12-16T16:04:18.748+0000] {dagbag.py:588} INFO - Filling up the DagBag from /opt/airflow/dags/etl_airflow_dag.py
[2025-12-16T16:04:19.527+0000] {processor.py:925} INFO - DAG(s) 'etl_synthetic_events' retrieved from /opt/airflow/dags/etl_airflow_dag.py
[2025-12-16T16:04:19.588+0000] {logging_mixin.py:190} INFO - [2025-12-16T16:04:19.587+0000] {dag.py:3239} INFO - Sync 1 DAGs
[2025-12-16T16:04:19.632+0000] {logging_mixin.py:190} INFO - [2025-12-16T16:04:19.631+0000] {dag.py:4180} INFO - Setting next_dagrun for etl_synthetic_events to None, run_after=None
[2025-12-16T16:04:19.681+0000] {processor.py:208} INFO - Processing /opt/airflow/dags/etl_airflow_dag.py took 0.971 seconds
[2025-12-16T16:04:50.198+0000] {processor.py:186} INFO - Started process (PID=1224) to work on /opt/airflow/dags/etl_airflow_dag.py
[2025-12-16T16:04:50.201+0000] {processor.py:914} INFO - Processing file /opt/airflow/dags/etl_airflow_dag.py for tasks to queue
[2025-12-16T16:04:50.209+0000] {logging_mixin.py:190} INFO - [2025-12-16T16:04:50.208+0000] {dagbag.py:588} INFO - Filling up the DagBag from /opt/airflow/dags/etl_airflow_dag.py
[2025-12-16T16:04:50.951+0000] {processor.py:925} INFO - DAG(s) 'etl_synthetic_events' retrieved from /opt/airflow/dags/etl_airflow_dag.py
[2025-12-16T16:04:51.007+0000] {logging_mixin.py:190} INFO - [2025-12-16T16:04:51.006+0000] {dag.py:3239} INFO - Sync 1 DAGs
[2025-12-16T16:04:51.044+0000] {logging_mixin.py:190} INFO - [2025-12-16T16:04:51.043+0000] {dag.py:4180} INFO - Setting next_dagrun for etl_synthetic_events to None, run_after=None
[2025-12-16T16:04:51.094+0000] {processor.py:208} INFO - Processing /opt/airflow/dags/etl_airflow_dag.py took 0.910 seconds
[2025-12-16T16:05:21.640+0000] {processor.py:186} INFO - Started process (PID=1230) to work on /opt/airflow/dags/etl_airflow_dag.py
[2025-12-16T16:05:21.643+0000] {processor.py:914} INFO - Processing file /opt/airflow/dags/etl_airflow_dag.py for tasks to queue
[2025-12-16T16:05:21.652+0000] {logging_mixin.py:190} INFO - [2025-12-16T16:05:21.651+0000] {dagbag.py:588} INFO - Filling up the DagBag from /opt/airflow/dags/etl_airflow_dag.py
[2025-12-16T16:05:22.414+0000] {processor.py:925} INFO - DAG(s) 'etl_synthetic_events' retrieved from /opt/airflow/dags/etl_airflow_dag.py
[2025-12-16T16:05:22.486+0000] {logging_mixin.py:190} INFO - [2025-12-16T16:05:22.485+0000] {dag.py:3239} INFO - Sync 1 DAGs
[2025-12-16T16:05:22.516+0000] {logging_mixin.py:190} INFO - [2025-12-16T16:05:22.516+0000] {dag.py:4180} INFO - Setting next_dagrun for etl_synthetic_events to None, run_after=None
[2025-12-16T16:05:22.570+0000] {processor.py:208} INFO - Processing /opt/airflow/dags/etl_airflow_dag.py took 0.946 seconds
[2025-12-16T16:05:53.118+0000] {processor.py:186} INFO - Started process (PID=1236) to work on /opt/airflow/dags/etl_airflow_dag.py
[2025-12-16T16:05:53.122+0000] {processor.py:914} INFO - Processing file /opt/airflow/dags/etl_airflow_dag.py for tasks to queue
[2025-12-16T16:05:53.131+0000] {logging_mixin.py:190} INFO - [2025-12-16T16:05:53.130+0000] {dagbag.py:588} INFO - Filling up the DagBag from /opt/airflow/dags/etl_airflow_dag.py
[2025-12-16T16:05:53.984+0000] {processor.py:925} INFO - DAG(s) 'etl_synthetic_events' retrieved from /opt/airflow/dags/etl_airflow_dag.py
[2025-12-16T16:05:54.050+0000] {logging_mixin.py:190} INFO - [2025-12-16T16:05:54.049+0000] {dag.py:3239} INFO - Sync 1 DAGs
[2025-12-16T16:05:54.085+0000] {logging_mixin.py:190} INFO - [2025-12-16T16:05:54.085+0000] {dag.py:4180} INFO - Setting next_dagrun for etl_synthetic_events to None, run_after=None
[2025-12-16T16:05:54.142+0000] {processor.py:208} INFO - Processing /opt/airflow/dags/etl_airflow_dag.py took 1.038 seconds
[2025-12-16T16:06:24.637+0000] {processor.py:186} INFO - Started process (PID=1242) to work on /opt/airflow/dags/etl_airflow_dag.py
[2025-12-16T16:06:24.639+0000] {processor.py:914} INFO - Processing file /opt/airflow/dags/etl_airflow_dag.py for tasks to queue
[2025-12-16T16:06:24.651+0000] {logging_mixin.py:190} INFO - [2025-12-16T16:06:24.649+0000] {dagbag.py:588} INFO - Filling up the DagBag from /opt/airflow/dags/etl_airflow_dag.py
[2025-12-16T16:06:25.365+0000] {processor.py:925} INFO - DAG(s) 'etl_synthetic_events' retrieved from /opt/airflow/dags/etl_airflow_dag.py
[2025-12-16T16:06:25.428+0000] {logging_mixin.py:190} INFO - [2025-12-16T16:06:25.427+0000] {dag.py:3239} INFO - Sync 1 DAGs
[2025-12-16T16:06:25.461+0000] {logging_mixin.py:190} INFO - [2025-12-16T16:06:25.460+0000] {dag.py:4180} INFO - Setting next_dagrun for etl_synthetic_events to None, run_after=None
[2025-12-16T16:06:25.505+0000] {processor.py:208} INFO - Processing /opt/airflow/dags/etl_airflow_dag.py took 0.892 seconds
[2025-12-16T16:06:56.076+0000] {processor.py:186} INFO - Started process (PID=1248) to work on /opt/airflow/dags/etl_airflow_dag.py
[2025-12-16T16:06:56.080+0000] {processor.py:914} INFO - Processing file /opt/airflow/dags/etl_airflow_dag.py for tasks to queue
[2025-12-16T16:06:56.087+0000] {logging_mixin.py:190} INFO - [2025-12-16T16:06:56.086+0000] {dagbag.py:588} INFO - Filling up the DagBag from /opt/airflow/dags/etl_airflow_dag.py
[2025-12-16T16:06:56.963+0000] {processor.py:925} INFO - DAG(s) 'etl_synthetic_events' retrieved from /opt/airflow/dags/etl_airflow_dag.py
[2025-12-16T16:06:57.027+0000] {logging_mixin.py:190} INFO - [2025-12-16T16:06:57.026+0000] {dag.py:3239} INFO - Sync 1 DAGs
[2025-12-16T16:06:57.067+0000] {logging_mixin.py:190} INFO - [2025-12-16T16:06:57.067+0000] {dag.py:4180} INFO - Setting next_dagrun for etl_synthetic_events to None, run_after=None
[2025-12-16T16:06:57.122+0000] {processor.py:208} INFO - Processing /opt/airflow/dags/etl_airflow_dag.py took 1.064 seconds
[2025-12-16T16:07:27.715+0000] {processor.py:186} INFO - Started process (PID=1254) to work on /opt/airflow/dags/etl_airflow_dag.py
[2025-12-16T16:07:27.720+0000] {processor.py:914} INFO - Processing file /opt/airflow/dags/etl_airflow_dag.py for tasks to queue
[2025-12-16T16:07:27.731+0000] {logging_mixin.py:190} INFO - [2025-12-16T16:07:27.729+0000] {dagbag.py:588} INFO - Filling up the DagBag from /opt/airflow/dags/etl_airflow_dag.py
[2025-12-16T16:07:28.647+0000] {processor.py:925} INFO - DAG(s) 'etl_synthetic_events' retrieved from /opt/airflow/dags/etl_airflow_dag.py
[2025-12-16T16:07:28.709+0000] {logging_mixin.py:190} INFO - [2025-12-16T16:07:28.708+0000] {dag.py:3239} INFO - Sync 1 DAGs
[2025-12-16T16:07:28.742+0000] {logging_mixin.py:190} INFO - [2025-12-16T16:07:28.741+0000] {dag.py:4180} INFO - Setting next_dagrun for etl_synthetic_events to None, run_after=None
[2025-12-16T16:07:28.799+0000] {processor.py:208} INFO - Processing /opt/airflow/dags/etl_airflow_dag.py took 1.106 seconds
[2025-12-16T16:07:59.160+0000] {processor.py:186} INFO - Started process (PID=1260) to work on /opt/airflow/dags/etl_airflow_dag.py
[2025-12-16T16:07:59.162+0000] {processor.py:914} INFO - Processing file /opt/airflow/dags/etl_airflow_dag.py for tasks to queue
[2025-12-16T16:07:59.170+0000] {logging_mixin.py:190} INFO - [2025-12-16T16:07:59.169+0000] {dagbag.py:588} INFO - Filling up the DagBag from /opt/airflow/dags/etl_airflow_dag.py
[2025-12-16T16:07:59.958+0000] {processor.py:925} INFO - DAG(s) 'etl_synthetic_events' retrieved from /opt/airflow/dags/etl_airflow_dag.py
[2025-12-16T16:08:00.019+0000] {logging_mixin.py:190} INFO - [2025-12-16T16:08:00.018+0000] {dag.py:3239} INFO - Sync 1 DAGs
[2025-12-16T16:08:00.064+0000] {logging_mixin.py:190} INFO - [2025-12-16T16:08:00.064+0000] {dag.py:4180} INFO - Setting next_dagrun for etl_synthetic_events to None, run_after=None
[2025-12-16T16:08:00.113+0000] {processor.py:208} INFO - Processing /opt/airflow/dags/etl_airflow_dag.py took 0.973 seconds
[2025-12-16T16:08:30.637+0000] {processor.py:186} INFO - Started process (PID=1266) to work on /opt/airflow/dags/etl_airflow_dag.py
[2025-12-16T16:08:30.640+0000] {processor.py:914} INFO - Processing file /opt/airflow/dags/etl_airflow_dag.py for tasks to queue
[2025-12-16T16:08:30.646+0000] {logging_mixin.py:190} INFO - [2025-12-16T16:08:30.645+0000] {dagbag.py:588} INFO - Filling up the DagBag from /opt/airflow/dags/etl_airflow_dag.py
[2025-12-16T16:08:31.454+0000] {processor.py:925} INFO - DAG(s) 'etl_synthetic_events' retrieved from /opt/airflow/dags/etl_airflow_dag.py
[2025-12-16T16:08:31.519+0000] {logging_mixin.py:190} INFO - [2025-12-16T16:08:31.518+0000] {dag.py:3239} INFO - Sync 1 DAGs
[2025-12-16T16:08:31.554+0000] {logging_mixin.py:190} INFO - [2025-12-16T16:08:31.553+0000] {dag.py:4180} INFO - Setting next_dagrun for etl_synthetic_events to None, run_after=None
[2025-12-16T16:08:31.622+0000] {processor.py:208} INFO - Processing /opt/airflow/dags/etl_airflow_dag.py took 1.000 seconds
[2025-12-16T16:09:02.197+0000] {processor.py:186} INFO - Started process (PID=1272) to work on /opt/airflow/dags/etl_airflow_dag.py
[2025-12-16T16:09:02.199+0000] {processor.py:914} INFO - Processing file /opt/airflow/dags/etl_airflow_dag.py for tasks to queue
[2025-12-16T16:09:02.206+0000] {logging_mixin.py:190} INFO - [2025-12-16T16:09:02.206+0000] {dagbag.py:588} INFO - Filling up the DagBag from /opt/airflow/dags/etl_airflow_dag.py
[2025-12-16T16:09:03.002+0000] {processor.py:925} INFO - DAG(s) 'etl_synthetic_events' retrieved from /opt/airflow/dags/etl_airflow_dag.py
[2025-12-16T16:09:03.058+0000] {logging_mixin.py:190} INFO - [2025-12-16T16:09:03.058+0000] {dag.py:3239} INFO - Sync 1 DAGs
[2025-12-16T16:09:03.095+0000] {logging_mixin.py:190} INFO - [2025-12-16T16:09:03.094+0000] {dag.py:4180} INFO - Setting next_dagrun for etl_synthetic_events to None, run_after=None
[2025-12-16T16:09:03.146+0000] {processor.py:208} INFO - Processing /opt/airflow/dags/etl_airflow_dag.py took 0.962 seconds
[2025-12-16T16:09:33.677+0000] {processor.py:186} INFO - Started process (PID=1278) to work on /opt/airflow/dags/etl_airflow_dag.py
[2025-12-16T16:09:33.680+0000] {processor.py:914} INFO - Processing file /opt/airflow/dags/etl_airflow_dag.py for tasks to queue
[2025-12-16T16:09:33.686+0000] {logging_mixin.py:190} INFO - [2025-12-16T16:09:33.685+0000] {dagbag.py:588} INFO - Filling up the DagBag from /opt/airflow/dags/etl_airflow_dag.py
[2025-12-16T16:09:34.401+0000] {processor.py:925} INFO - DAG(s) 'etl_synthetic_events' retrieved from /opt/airflow/dags/etl_airflow_dag.py
[2025-12-16T16:09:34.464+0000] {logging_mixin.py:190} INFO - [2025-12-16T16:09:34.464+0000] {dag.py:3239} INFO - Sync 1 DAGs
[2025-12-16T16:09:34.498+0000] {logging_mixin.py:190} INFO - [2025-12-16T16:09:34.497+0000] {dag.py:4180} INFO - Setting next_dagrun for etl_synthetic_events to None, run_after=None
[2025-12-16T16:09:34.555+0000] {processor.py:208} INFO - Processing /opt/airflow/dags/etl_airflow_dag.py took 0.891 seconds
[2025-12-16T16:10:05.132+0000] {processor.py:186} INFO - Started process (PID=1284) to work on /opt/airflow/dags/etl_airflow_dag.py
[2025-12-16T16:10:05.134+0000] {processor.py:914} INFO - Processing file /opt/airflow/dags/etl_airflow_dag.py for tasks to queue
[2025-12-16T16:10:05.141+0000] {logging_mixin.py:190} INFO - [2025-12-16T16:10:05.140+0000] {dagbag.py:588} INFO - Filling up the DagBag from /opt/airflow/dags/etl_airflow_dag.py
[2025-12-16T16:10:06.013+0000] {processor.py:925} INFO - DAG(s) 'etl_synthetic_events' retrieved from /opt/airflow/dags/etl_airflow_dag.py
[2025-12-16T16:10:06.072+0000] {logging_mixin.py:190} INFO - [2025-12-16T16:10:06.071+0000] {dag.py:3239} INFO - Sync 1 DAGs
[2025-12-16T16:10:06.108+0000] {logging_mixin.py:190} INFO - [2025-12-16T16:10:06.107+0000] {dag.py:4180} INFO - Setting next_dagrun for etl_synthetic_events to None, run_after=None
[2025-12-16T16:10:06.157+0000] {processor.py:208} INFO - Processing /opt/airflow/dags/etl_airflow_dag.py took 1.041 seconds
[2025-12-16T16:10:36.670+0000] {processor.py:186} INFO - Started process (PID=1290) to work on /opt/airflow/dags/etl_airflow_dag.py
[2025-12-16T16:10:36.676+0000] {processor.py:914} INFO - Processing file /opt/airflow/dags/etl_airflow_dag.py for tasks to queue
[2025-12-16T16:10:36.687+0000] {logging_mixin.py:190} INFO - [2025-12-16T16:10:36.686+0000] {dagbag.py:588} INFO - Filling up the DagBag from /opt/airflow/dags/etl_airflow_dag.py
[2025-12-16T16:10:37.631+0000] {processor.py:925} INFO - DAG(s) 'etl_synthetic_events' retrieved from /opt/airflow/dags/etl_airflow_dag.py
[2025-12-16T16:10:37.700+0000] {logging_mixin.py:190} INFO - [2025-12-16T16:10:37.699+0000] {dag.py:3239} INFO - Sync 1 DAGs
[2025-12-16T16:10:37.732+0000] {logging_mixin.py:190} INFO - [2025-12-16T16:10:37.731+0000] {dag.py:4180} INFO - Setting next_dagrun for etl_synthetic_events to None, run_after=None
[2025-12-16T16:10:37.780+0000] {processor.py:208} INFO - Processing /opt/airflow/dags/etl_airflow_dag.py took 1.130 seconds
[2025-12-16T16:11:08.127+0000] {processor.py:186} INFO - Started process (PID=1296) to work on /opt/airflow/dags/etl_airflow_dag.py
[2025-12-16T16:11:08.129+0000] {processor.py:914} INFO - Processing file /opt/airflow/dags/etl_airflow_dag.py for tasks to queue
[2025-12-16T16:11:08.137+0000] {logging_mixin.py:190} INFO - [2025-12-16T16:11:08.136+0000] {dagbag.py:588} INFO - Filling up the DagBag from /opt/airflow/dags/etl_airflow_dag.py
[2025-12-16T16:11:08.818+0000] {processor.py:925} INFO - DAG(s) 'etl_synthetic_events' retrieved from /opt/airflow/dags/etl_airflow_dag.py
[2025-12-16T16:11:08.872+0000] {logging_mixin.py:190} INFO - [2025-12-16T16:11:08.871+0000] {dag.py:3239} INFO - Sync 1 DAGs
[2025-12-16T16:11:08.903+0000] {logging_mixin.py:190} INFO - [2025-12-16T16:11:08.903+0000] {dag.py:4180} INFO - Setting next_dagrun for etl_synthetic_events to None, run_after=None
[2025-12-16T16:11:08.955+0000] {processor.py:208} INFO - Processing /opt/airflow/dags/etl_airflow_dag.py took 0.840 seconds
[2025-12-16T16:11:39.551+0000] {processor.py:186} INFO - Started process (PID=1302) to work on /opt/airflow/dags/etl_airflow_dag.py
[2025-12-16T16:11:39.558+0000] {processor.py:914} INFO - Processing file /opt/airflow/dags/etl_airflow_dag.py for tasks to queue
[2025-12-16T16:11:39.567+0000] {logging_mixin.py:190} INFO - [2025-12-16T16:11:39.566+0000] {dagbag.py:588} INFO - Filling up the DagBag from /opt/airflow/dags/etl_airflow_dag.py
[2025-12-16T16:11:40.402+0000] {processor.py:925} INFO - DAG(s) 'etl_synthetic_events' retrieved from /opt/airflow/dags/etl_airflow_dag.py
[2025-12-16T16:11:40.464+0000] {logging_mixin.py:190} INFO - [2025-12-16T16:11:40.463+0000] {dag.py:3239} INFO - Sync 1 DAGs
[2025-12-16T16:11:40.509+0000] {logging_mixin.py:190} INFO - [2025-12-16T16:11:40.508+0000] {dag.py:4180} INFO - Setting next_dagrun for etl_synthetic_events to None, run_after=None
[2025-12-16T16:11:40.566+0000] {processor.py:208} INFO - Processing /opt/airflow/dags/etl_airflow_dag.py took 1.041 seconds
[2025-12-16T16:12:10.976+0000] {processor.py:186} INFO - Started process (PID=1308) to work on /opt/airflow/dags/etl_airflow_dag.py
[2025-12-16T16:12:10.979+0000] {processor.py:914} INFO - Processing file /opt/airflow/dags/etl_airflow_dag.py for tasks to queue
[2025-12-16T16:12:10.988+0000] {logging_mixin.py:190} INFO - [2025-12-16T16:12:10.987+0000] {dagbag.py:588} INFO - Filling up the DagBag from /opt/airflow/dags/etl_airflow_dag.py
[2025-12-16T16:12:11.727+0000] {processor.py:925} INFO - DAG(s) 'etl_synthetic_events' retrieved from /opt/airflow/dags/etl_airflow_dag.py
[2025-12-16T16:12:11.776+0000] {logging_mixin.py:190} INFO - [2025-12-16T16:12:11.775+0000] {dag.py:3239} INFO - Sync 1 DAGs
[2025-12-16T16:12:11.805+0000] {logging_mixin.py:190} INFO - [2025-12-16T16:12:11.805+0000] {dag.py:4180} INFO - Setting next_dagrun for etl_synthetic_events to None, run_after=None
[2025-12-16T16:12:11.849+0000] {processor.py:208} INFO - Processing /opt/airflow/dags/etl_airflow_dag.py took 0.890 seconds
[2025-12-16T16:12:42.377+0000] {processor.py:186} INFO - Started process (PID=1314) to work on /opt/airflow/dags/etl_airflow_dag.py
[2025-12-16T16:12:42.380+0000] {processor.py:914} INFO - Processing file /opt/airflow/dags/etl_airflow_dag.py for tasks to queue
[2025-12-16T16:12:42.387+0000] {logging_mixin.py:190} INFO - [2025-12-16T16:12:42.386+0000] {dagbag.py:588} INFO - Filling up the DagBag from /opt/airflow/dags/etl_airflow_dag.py
[2025-12-16T16:12:43.144+0000] {processor.py:925} INFO - DAG(s) 'etl_synthetic_events' retrieved from /opt/airflow/dags/etl_airflow_dag.py
[2025-12-16T16:12:43.214+0000] {logging_mixin.py:190} INFO - [2025-12-16T16:12:43.213+0000] {dag.py:3239} INFO - Sync 1 DAGs
[2025-12-16T16:12:43.248+0000] {logging_mixin.py:190} INFO - [2025-12-16T16:12:43.247+0000] {dag.py:4180} INFO - Setting next_dagrun for etl_synthetic_events to None, run_after=None
[2025-12-16T16:12:43.296+0000] {processor.py:208} INFO - Processing /opt/airflow/dags/etl_airflow_dag.py took 0.934 seconds
[2025-12-16T16:13:13.828+0000] {processor.py:186} INFO - Started process (PID=1320) to work on /opt/airflow/dags/etl_airflow_dag.py
[2025-12-16T16:13:13.831+0000] {processor.py:914} INFO - Processing file /opt/airflow/dags/etl_airflow_dag.py for tasks to queue
[2025-12-16T16:13:13.839+0000] {logging_mixin.py:190} INFO - [2025-12-16T16:13:13.838+0000] {dagbag.py:588} INFO - Filling up the DagBag from /opt/airflow/dags/etl_airflow_dag.py
[2025-12-16T16:13:14.621+0000] {processor.py:925} INFO - DAG(s) 'etl_synthetic_events' retrieved from /opt/airflow/dags/etl_airflow_dag.py
[2025-12-16T16:13:14.678+0000] {logging_mixin.py:190} INFO - [2025-12-16T16:13:14.676+0000] {dag.py:3239} INFO - Sync 1 DAGs
[2025-12-16T16:13:14.707+0000] {logging_mixin.py:190} INFO - [2025-12-16T16:13:14.707+0000] {dag.py:4180} INFO - Setting next_dagrun for etl_synthetic_events to None, run_after=None
[2025-12-16T16:13:14.757+0000] {processor.py:208} INFO - Processing /opt/airflow/dags/etl_airflow_dag.py took 0.945 seconds
[2025-12-16T16:13:45.288+0000] {processor.py:186} INFO - Started process (PID=1326) to work on /opt/airflow/dags/etl_airflow_dag.py
[2025-12-16T16:13:45.291+0000] {processor.py:914} INFO - Processing file /opt/airflow/dags/etl_airflow_dag.py for tasks to queue
[2025-12-16T16:13:45.297+0000] {logging_mixin.py:190} INFO - [2025-12-16T16:13:45.296+0000] {dagbag.py:588} INFO - Filling up the DagBag from /opt/airflow/dags/etl_airflow_dag.py
[2025-12-16T16:13:46.111+0000] {processor.py:925} INFO - DAG(s) 'etl_synthetic_events' retrieved from /opt/airflow/dags/etl_airflow_dag.py
[2025-12-16T16:13:46.187+0000] {logging_mixin.py:190} INFO - [2025-12-16T16:13:46.186+0000] {dag.py:3239} INFO - Sync 1 DAGs
[2025-12-16T16:13:46.217+0000] {logging_mixin.py:190} INFO - [2025-12-16T16:13:46.217+0000] {dag.py:4180} INFO - Setting next_dagrun for etl_synthetic_events to None, run_after=None
[2025-12-16T16:13:46.274+0000] {processor.py:208} INFO - Processing /opt/airflow/dags/etl_airflow_dag.py took 0.999 seconds
[2025-12-16T16:14:16.826+0000] {processor.py:186} INFO - Started process (PID=1332) to work on /opt/airflow/dags/etl_airflow_dag.py
[2025-12-16T16:14:16.829+0000] {processor.py:914} INFO - Processing file /opt/airflow/dags/etl_airflow_dag.py for tasks to queue
[2025-12-16T16:14:16.837+0000] {logging_mixin.py:190} INFO - [2025-12-16T16:14:16.836+0000] {dagbag.py:588} INFO - Filling up the DagBag from /opt/airflow/dags/etl_airflow_dag.py
[2025-12-16T16:14:17.595+0000] {processor.py:925} INFO - DAG(s) 'etl_synthetic_events' retrieved from /opt/airflow/dags/etl_airflow_dag.py
[2025-12-16T16:14:17.652+0000] {logging_mixin.py:190} INFO - [2025-12-16T16:14:17.651+0000] {dag.py:3239} INFO - Sync 1 DAGs
[2025-12-16T16:14:17.689+0000] {logging_mixin.py:190} INFO - [2025-12-16T16:14:17.689+0000] {dag.py:4180} INFO - Setting next_dagrun for etl_synthetic_events to None, run_after=None
[2025-12-16T16:14:17.745+0000] {processor.py:208} INFO - Processing /opt/airflow/dags/etl_airflow_dag.py took 0.933 seconds
[2025-12-16T16:14:48.276+0000] {processor.py:186} INFO - Started process (PID=1338) to work on /opt/airflow/dags/etl_airflow_dag.py
[2025-12-16T16:14:48.279+0000] {processor.py:914} INFO - Processing file /opt/airflow/dags/etl_airflow_dag.py for tasks to queue
[2025-12-16T16:14:48.288+0000] {logging_mixin.py:190} INFO - [2025-12-16T16:14:48.287+0000] {dagbag.py:588} INFO - Filling up the DagBag from /opt/airflow/dags/etl_airflow_dag.py
[2025-12-16T16:14:49.081+0000] {processor.py:925} INFO - DAG(s) 'etl_synthetic_events' retrieved from /opt/airflow/dags/etl_airflow_dag.py
[2025-12-16T16:14:49.139+0000] {logging_mixin.py:190} INFO - [2025-12-16T16:14:49.138+0000] {dag.py:3239} INFO - Sync 1 DAGs
[2025-12-16T16:14:49.173+0000] {logging_mixin.py:190} INFO - [2025-12-16T16:14:49.173+0000] {dag.py:4180} INFO - Setting next_dagrun for etl_synthetic_events to None, run_after=None
[2025-12-16T16:14:49.228+0000] {processor.py:208} INFO - Processing /opt/airflow/dags/etl_airflow_dag.py took 0.965 seconds
[2025-12-16T16:15:19.770+0000] {processor.py:186} INFO - Started process (PID=1344) to work on /opt/airflow/dags/etl_airflow_dag.py
[2025-12-16T16:15:19.773+0000] {processor.py:914} INFO - Processing file /opt/airflow/dags/etl_airflow_dag.py for tasks to queue
[2025-12-16T16:15:19.783+0000] {logging_mixin.py:190} INFO - [2025-12-16T16:15:19.782+0000] {dagbag.py:588} INFO - Filling up the DagBag from /opt/airflow/dags/etl_airflow_dag.py
[2025-12-16T16:15:20.635+0000] {processor.py:925} INFO - DAG(s) 'etl_synthetic_events' retrieved from /opt/airflow/dags/etl_airflow_dag.py
[2025-12-16T16:15:20.694+0000] {logging_mixin.py:190} INFO - [2025-12-16T16:15:20.694+0000] {dag.py:3239} INFO - Sync 1 DAGs
[2025-12-16T16:15:20.727+0000] {logging_mixin.py:190} INFO - [2025-12-16T16:15:20.727+0000] {dag.py:4180} INFO - Setting next_dagrun for etl_synthetic_events to None, run_after=None
[2025-12-16T16:15:20.782+0000] {processor.py:208} INFO - Processing /opt/airflow/dags/etl_airflow_dag.py took 1.025 seconds
[2025-12-16T16:15:51.288+0000] {processor.py:186} INFO - Started process (PID=1350) to work on /opt/airflow/dags/etl_airflow_dag.py
[2025-12-16T16:15:51.292+0000] {processor.py:914} INFO - Processing file /opt/airflow/dags/etl_airflow_dag.py for tasks to queue
[2025-12-16T16:15:51.303+0000] {logging_mixin.py:190} INFO - [2025-12-16T16:15:51.301+0000] {dagbag.py:588} INFO - Filling up the DagBag from /opt/airflow/dags/etl_airflow_dag.py
[2025-12-16T16:15:52.053+0000] {processor.py:925} INFO - DAG(s) 'etl_synthetic_events' retrieved from /opt/airflow/dags/etl_airflow_dag.py
[2025-12-16T16:15:52.113+0000] {logging_mixin.py:190} INFO - [2025-12-16T16:15:52.112+0000] {dag.py:3239} INFO - Sync 1 DAGs
[2025-12-16T16:15:52.149+0000] {logging_mixin.py:190} INFO - [2025-12-16T16:15:52.148+0000] {dag.py:4180} INFO - Setting next_dagrun for etl_synthetic_events to None, run_after=None
[2025-12-16T16:15:52.211+0000] {processor.py:208} INFO - Processing /opt/airflow/dags/etl_airflow_dag.py took 0.938 seconds
[2025-12-16T16:16:22.718+0000] {processor.py:186} INFO - Started process (PID=1356) to work on /opt/airflow/dags/etl_airflow_dag.py
[2025-12-16T16:16:22.721+0000] {processor.py:914} INFO - Processing file /opt/airflow/dags/etl_airflow_dag.py for tasks to queue
[2025-12-16T16:16:22.729+0000] {logging_mixin.py:190} INFO - [2025-12-16T16:16:22.728+0000] {dagbag.py:588} INFO - Filling up the DagBag from /opt/airflow/dags/etl_airflow_dag.py
[2025-12-16T16:16:23.544+0000] {processor.py:925} INFO - DAG(s) 'etl_synthetic_events' retrieved from /opt/airflow/dags/etl_airflow_dag.py
[2025-12-16T16:16:23.602+0000] {logging_mixin.py:190} INFO - [2025-12-16T16:16:23.601+0000] {dag.py:3239} INFO - Sync 1 DAGs
[2025-12-16T16:16:23.636+0000] {logging_mixin.py:190} INFO - [2025-12-16T16:16:23.635+0000] {dag.py:4180} INFO - Setting next_dagrun for etl_synthetic_events to None, run_after=None
[2025-12-16T16:16:23.695+0000] {processor.py:208} INFO - Processing /opt/airflow/dags/etl_airflow_dag.py took 0.992 seconds
[2025-12-16T16:16:54.177+0000] {processor.py:186} INFO - Started process (PID=1362) to work on /opt/airflow/dags/etl_airflow_dag.py
[2025-12-16T16:16:54.180+0000] {processor.py:914} INFO - Processing file /opt/airflow/dags/etl_airflow_dag.py for tasks to queue
[2025-12-16T16:16:54.188+0000] {logging_mixin.py:190} INFO - [2025-12-16T16:16:54.187+0000] {dagbag.py:588} INFO - Filling up the DagBag from /opt/airflow/dags/etl_airflow_dag.py
[2025-12-16T16:16:54.928+0000] {processor.py:925} INFO - DAG(s) 'etl_synthetic_events' retrieved from /opt/airflow/dags/etl_airflow_dag.py
[2025-12-16T16:16:54.989+0000] {logging_mixin.py:190} INFO - [2025-12-16T16:16:54.988+0000] {dag.py:3239} INFO - Sync 1 DAGs
[2025-12-16T16:16:55.024+0000] {logging_mixin.py:190} INFO - [2025-12-16T16:16:55.024+0000] {dag.py:4180} INFO - Setting next_dagrun for etl_synthetic_events to None, run_after=None
[2025-12-16T16:16:55.064+0000] {processor.py:208} INFO - Processing /opt/airflow/dags/etl_airflow_dag.py took 0.913 seconds
[2025-12-16T16:17:25.622+0000] {processor.py:186} INFO - Started process (PID=1368) to work on /opt/airflow/dags/etl_airflow_dag.py
[2025-12-16T16:17:25.625+0000] {processor.py:914} INFO - Processing file /opt/airflow/dags/etl_airflow_dag.py for tasks to queue
[2025-12-16T16:17:25.631+0000] {logging_mixin.py:190} INFO - [2025-12-16T16:17:25.630+0000] {dagbag.py:588} INFO - Filling up the DagBag from /opt/airflow/dags/etl_airflow_dag.py
[2025-12-16T16:17:26.499+0000] {processor.py:925} INFO - DAG(s) 'etl_synthetic_events' retrieved from /opt/airflow/dags/etl_airflow_dag.py
[2025-12-16T16:17:26.562+0000] {logging_mixin.py:190} INFO - [2025-12-16T16:17:26.561+0000] {dag.py:3239} INFO - Sync 1 DAGs
[2025-12-16T16:17:26.600+0000] {logging_mixin.py:190} INFO - [2025-12-16T16:17:26.599+0000] {dag.py:4180} INFO - Setting next_dagrun for etl_synthetic_events to None, run_after=None
[2025-12-16T16:17:26.650+0000] {processor.py:208} INFO - Processing /opt/airflow/dags/etl_airflow_dag.py took 1.043 seconds
[2025-12-16T16:17:57.102+0000] {processor.py:186} INFO - Started process (PID=1374) to work on /opt/airflow/dags/etl_airflow_dag.py
[2025-12-16T16:17:57.107+0000] {processor.py:914} INFO - Processing file /opt/airflow/dags/etl_airflow_dag.py for tasks to queue
[2025-12-16T16:17:57.114+0000] {logging_mixin.py:190} INFO - [2025-12-16T16:17:57.113+0000] {dagbag.py:588} INFO - Filling up the DagBag from /opt/airflow/dags/etl_airflow_dag.py
[2025-12-16T16:17:57.889+0000] {processor.py:925} INFO - DAG(s) 'etl_synthetic_events' retrieved from /opt/airflow/dags/etl_airflow_dag.py
[2025-12-16T16:17:57.955+0000] {logging_mixin.py:190} INFO - [2025-12-16T16:17:57.953+0000] {dag.py:3239} INFO - Sync 1 DAGs
[2025-12-16T16:17:57.987+0000] {logging_mixin.py:190} INFO - [2025-12-16T16:17:57.987+0000] {dag.py:4180} INFO - Setting next_dagrun for etl_synthetic_events to None, run_after=None
[2025-12-16T16:17:58.054+0000] {processor.py:208} INFO - Processing /opt/airflow/dags/etl_airflow_dag.py took 0.974 seconds
[2025-12-16T16:18:28.575+0000] {processor.py:186} INFO - Started process (PID=1380) to work on /opt/airflow/dags/etl_airflow_dag.py
[2025-12-16T16:18:28.579+0000] {processor.py:914} INFO - Processing file /opt/airflow/dags/etl_airflow_dag.py for tasks to queue
[2025-12-16T16:18:28.586+0000] {logging_mixin.py:190} INFO - [2025-12-16T16:18:28.585+0000] {dagbag.py:588} INFO - Filling up the DagBag from /opt/airflow/dags/etl_airflow_dag.py
[2025-12-16T16:18:29.460+0000] {processor.py:925} INFO - DAG(s) 'etl_synthetic_events' retrieved from /opt/airflow/dags/etl_airflow_dag.py
[2025-12-16T16:18:29.525+0000] {logging_mixin.py:190} INFO - [2025-12-16T16:18:29.524+0000] {dag.py:3239} INFO - Sync 1 DAGs
[2025-12-16T16:18:29.569+0000] {logging_mixin.py:190} INFO - [2025-12-16T16:18:29.568+0000] {dag.py:4180} INFO - Setting next_dagrun for etl_synthetic_events to None, run_after=None
[2025-12-16T16:18:29.638+0000] {processor.py:208} INFO - Processing /opt/airflow/dags/etl_airflow_dag.py took 1.078 seconds
[2025-12-16T16:19:00.124+0000] {processor.py:186} INFO - Started process (PID=1386) to work on /opt/airflow/dags/etl_airflow_dag.py
[2025-12-16T16:19:00.128+0000] {processor.py:914} INFO - Processing file /opt/airflow/dags/etl_airflow_dag.py for tasks to queue
[2025-12-16T16:19:00.135+0000] {logging_mixin.py:190} INFO - [2025-12-16T16:19:00.134+0000] {dagbag.py:588} INFO - Filling up the DagBag from /opt/airflow/dags/etl_airflow_dag.py
[2025-12-16T16:19:01.002+0000] {processor.py:925} INFO - DAG(s) 'etl_synthetic_events' retrieved from /opt/airflow/dags/etl_airflow_dag.py
[2025-12-16T16:19:01.072+0000] {logging_mixin.py:190} INFO - [2025-12-16T16:19:01.071+0000] {dag.py:3239} INFO - Sync 1 DAGs
[2025-12-16T16:19:01.114+0000] {logging_mixin.py:190} INFO - [2025-12-16T16:19:01.113+0000] {dag.py:4180} INFO - Setting next_dagrun for etl_synthetic_events to None, run_after=None
[2025-12-16T16:19:01.182+0000] {processor.py:208} INFO - Processing /opt/airflow/dags/etl_airflow_dag.py took 1.078 seconds
[2025-12-16T16:19:31.718+0000] {processor.py:186} INFO - Started process (PID=1392) to work on /opt/airflow/dags/etl_airflow_dag.py
[2025-12-16T16:19:31.721+0000] {processor.py:914} INFO - Processing file /opt/airflow/dags/etl_airflow_dag.py for tasks to queue
[2025-12-16T16:19:31.728+0000] {logging_mixin.py:190} INFO - [2025-12-16T16:19:31.727+0000] {dagbag.py:588} INFO - Filling up the DagBag from /opt/airflow/dags/etl_airflow_dag.py
[2025-12-16T16:19:32.440+0000] {processor.py:925} INFO - DAG(s) 'etl_synthetic_events' retrieved from /opt/airflow/dags/etl_airflow_dag.py
[2025-12-16T16:19:32.497+0000] {logging_mixin.py:190} INFO - [2025-12-16T16:19:32.496+0000] {dag.py:3239} INFO - Sync 1 DAGs
[2025-12-16T16:19:32.530+0000] {logging_mixin.py:190} INFO - [2025-12-16T16:19:32.529+0000] {dag.py:4180} INFO - Setting next_dagrun for etl_synthetic_events to None, run_after=None
[2025-12-16T16:19:32.581+0000] {processor.py:208} INFO - Processing /opt/airflow/dags/etl_airflow_dag.py took 0.876 seconds
[2025-12-16T16:20:03.221+0000] {processor.py:186} INFO - Started process (PID=1398) to work on /opt/airflow/dags/etl_airflow_dag.py
[2025-12-16T16:20:03.223+0000] {processor.py:914} INFO - Processing file /opt/airflow/dags/etl_airflow_dag.py for tasks to queue
[2025-12-16T16:20:03.233+0000] {logging_mixin.py:190} INFO - [2025-12-16T16:20:03.231+0000] {dagbag.py:588} INFO - Filling up the DagBag from /opt/airflow/dags/etl_airflow_dag.py
[2025-12-16T16:20:03.980+0000] {processor.py:925} INFO - DAG(s) 'etl_synthetic_events' retrieved from /opt/airflow/dags/etl_airflow_dag.py
[2025-12-16T16:20:04.032+0000] {logging_mixin.py:190} INFO - [2025-12-16T16:20:04.031+0000] {dag.py:3239} INFO - Sync 1 DAGs
[2025-12-16T16:20:04.066+0000] {logging_mixin.py:190} INFO - [2025-12-16T16:20:04.065+0000] {dag.py:4180} INFO - Setting next_dagrun for etl_synthetic_events to None, run_after=None
[2025-12-16T16:20:04.116+0000] {processor.py:208} INFO - Processing /opt/airflow/dags/etl_airflow_dag.py took 0.914 seconds
[2025-12-16T16:20:34.709+0000] {processor.py:186} INFO - Started process (PID=1404) to work on /opt/airflow/dags/etl_airflow_dag.py
[2025-12-16T16:20:34.713+0000] {processor.py:914} INFO - Processing file /opt/airflow/dags/etl_airflow_dag.py for tasks to queue
[2025-12-16T16:20:34.721+0000] {logging_mixin.py:190} INFO - [2025-12-16T16:20:34.719+0000] {dagbag.py:588} INFO - Filling up the DagBag from /opt/airflow/dags/etl_airflow_dag.py
[2025-12-16T16:20:35.543+0000] {processor.py:925} INFO - DAG(s) 'etl_synthetic_events' retrieved from /opt/airflow/dags/etl_airflow_dag.py
[2025-12-16T16:20:35.612+0000] {logging_mixin.py:190} INFO - [2025-12-16T16:20:35.611+0000] {dag.py:3239} INFO - Sync 1 DAGs
[2025-12-16T16:20:35.660+0000] {logging_mixin.py:190} INFO - [2025-12-16T16:20:35.660+0000] {dag.py:4180} INFO - Setting next_dagrun for etl_synthetic_events to None, run_after=None
[2025-12-16T16:20:35.724+0000] {processor.py:208} INFO - Processing /opt/airflow/dags/etl_airflow_dag.py took 1.031 seconds
[2025-12-16T16:21:06.201+0000] {processor.py:186} INFO - Started process (PID=1410) to work on /opt/airflow/dags/etl_airflow_dag.py
[2025-12-16T16:21:06.204+0000] {processor.py:914} INFO - Processing file /opt/airflow/dags/etl_airflow_dag.py for tasks to queue
[2025-12-16T16:21:06.214+0000] {logging_mixin.py:190} INFO - [2025-12-16T16:21:06.213+0000] {dagbag.py:588} INFO - Filling up the DagBag from /opt/airflow/dags/etl_airflow_dag.py
[2025-12-16T16:21:06.958+0000] {processor.py:925} INFO - DAG(s) 'etl_synthetic_events' retrieved from /opt/airflow/dags/etl_airflow_dag.py
[2025-12-16T16:21:07.010+0000] {logging_mixin.py:190} INFO - [2025-12-16T16:21:07.009+0000] {dag.py:3239} INFO - Sync 1 DAGs
[2025-12-16T16:21:07.038+0000] {logging_mixin.py:190} INFO - [2025-12-16T16:21:07.038+0000] {dag.py:4180} INFO - Setting next_dagrun for etl_synthetic_events to None, run_after=None
[2025-12-16T16:21:07.083+0000] {processor.py:208} INFO - Processing /opt/airflow/dags/etl_airflow_dag.py took 0.899 seconds
[2025-12-16T16:21:37.645+0000] {processor.py:186} INFO - Started process (PID=1416) to work on /opt/airflow/dags/etl_airflow_dag.py
[2025-12-16T16:21:37.649+0000] {processor.py:914} INFO - Processing file /opt/airflow/dags/etl_airflow_dag.py for tasks to queue
[2025-12-16T16:21:37.658+0000] {logging_mixin.py:190} INFO - [2025-12-16T16:21:37.656+0000] {dagbag.py:588} INFO - Filling up the DagBag from /opt/airflow/dags/etl_airflow_dag.py
[2025-12-16T16:21:38.452+0000] {processor.py:925} INFO - DAG(s) 'etl_synthetic_events' retrieved from /opt/airflow/dags/etl_airflow_dag.py
[2025-12-16T16:21:38.516+0000] {logging_mixin.py:190} INFO - [2025-12-16T16:21:38.515+0000] {dag.py:3239} INFO - Sync 1 DAGs
[2025-12-16T16:21:38.550+0000] {logging_mixin.py:190} INFO - [2025-12-16T16:21:38.549+0000] {dag.py:4180} INFO - Setting next_dagrun for etl_synthetic_events to None, run_after=None
[2025-12-16T16:21:38.616+0000] {processor.py:208} INFO - Processing /opt/airflow/dags/etl_airflow_dag.py took 0.987 seconds
[2025-12-16T16:22:09.175+0000] {processor.py:186} INFO - Started process (PID=1422) to work on /opt/airflow/dags/etl_airflow_dag.py
[2025-12-16T16:22:09.178+0000] {processor.py:914} INFO - Processing file /opt/airflow/dags/etl_airflow_dag.py for tasks to queue
[2025-12-16T16:22:09.189+0000] {logging_mixin.py:190} INFO - [2025-12-16T16:22:09.187+0000] {dagbag.py:588} INFO - Filling up the DagBag from /opt/airflow/dags/etl_airflow_dag.py
[2025-12-16T16:22:09.978+0000] {processor.py:925} INFO - DAG(s) 'etl_synthetic_events' retrieved from /opt/airflow/dags/etl_airflow_dag.py
[2025-12-16T16:22:10.043+0000] {logging_mixin.py:190} INFO - [2025-12-16T16:22:10.042+0000] {dag.py:3239} INFO - Sync 1 DAGs
[2025-12-16T16:22:10.096+0000] {logging_mixin.py:190} INFO - [2025-12-16T16:22:10.096+0000] {dag.py:4180} INFO - Setting next_dagrun for etl_synthetic_events to None, run_after=None
[2025-12-16T16:22:10.147+0000] {processor.py:208} INFO - Processing /opt/airflow/dags/etl_airflow_dag.py took 0.989 seconds
[2025-12-16T16:22:40.696+0000] {processor.py:186} INFO - Started process (PID=1428) to work on /opt/airflow/dags/etl_airflow_dag.py
[2025-12-16T16:22:40.699+0000] {processor.py:914} INFO - Processing file /opt/airflow/dags/etl_airflow_dag.py for tasks to queue
[2025-12-16T16:22:40.708+0000] {logging_mixin.py:190} INFO - [2025-12-16T16:22:40.707+0000] {dagbag.py:588} INFO - Filling up the DagBag from /opt/airflow/dags/etl_airflow_dag.py
[2025-12-16T16:22:41.462+0000] {processor.py:925} INFO - DAG(s) 'etl_synthetic_events' retrieved from /opt/airflow/dags/etl_airflow_dag.py
[2025-12-16T16:22:41.523+0000] {logging_mixin.py:190} INFO - [2025-12-16T16:22:41.522+0000] {dag.py:3239} INFO - Sync 1 DAGs
[2025-12-16T16:22:41.554+0000] {logging_mixin.py:190} INFO - [2025-12-16T16:22:41.553+0000] {dag.py:4180} INFO - Setting next_dagrun for etl_synthetic_events to None, run_after=None
[2025-12-16T16:22:41.606+0000] {processor.py:208} INFO - Processing /opt/airflow/dags/etl_airflow_dag.py took 0.927 seconds
[2025-12-16T16:23:12.166+0000] {processor.py:186} INFO - Started process (PID=1434) to work on /opt/airflow/dags/etl_airflow_dag.py
[2025-12-16T16:23:12.170+0000] {processor.py:914} INFO - Processing file /opt/airflow/dags/etl_airflow_dag.py for tasks to queue
[2025-12-16T16:23:12.178+0000] {logging_mixin.py:190} INFO - [2025-12-16T16:23:12.177+0000] {dagbag.py:588} INFO - Filling up the DagBag from /opt/airflow/dags/etl_airflow_dag.py
[2025-12-16T16:23:12.963+0000] {processor.py:925} INFO - DAG(s) 'etl_synthetic_events' retrieved from /opt/airflow/dags/etl_airflow_dag.py
[2025-12-16T16:23:13.024+0000] {logging_mixin.py:190} INFO - [2025-12-16T16:23:13.024+0000] {dag.py:3239} INFO - Sync 1 DAGs
[2025-12-16T16:23:13.055+0000] {logging_mixin.py:190} INFO - [2025-12-16T16:23:13.055+0000] {dag.py:4180} INFO - Setting next_dagrun for etl_synthetic_events to None, run_after=None
[2025-12-16T16:23:13.102+0000] {processor.py:208} INFO - Processing /opt/airflow/dags/etl_airflow_dag.py took 0.953 seconds
[2025-12-16T16:23:43.691+0000] {processor.py:186} INFO - Started process (PID=1448) to work on /opt/airflow/dags/etl_airflow_dag.py
[2025-12-16T16:23:43.694+0000] {processor.py:914} INFO - Processing file /opt/airflow/dags/etl_airflow_dag.py for tasks to queue
[2025-12-16T16:23:43.700+0000] {logging_mixin.py:190} INFO - [2025-12-16T16:23:43.699+0000] {dagbag.py:588} INFO - Filling up the DagBag from /opt/airflow/dags/etl_airflow_dag.py
[2025-12-16T16:23:44.470+0000] {processor.py:925} INFO - DAG(s) 'etl_synthetic_events' retrieved from /opt/airflow/dags/etl_airflow_dag.py
[2025-12-16T16:23:44.533+0000] {logging_mixin.py:190} INFO - [2025-12-16T16:23:44.532+0000] {dag.py:3239} INFO - Sync 1 DAGs
[2025-12-16T16:23:44.568+0000] {logging_mixin.py:190} INFO - [2025-12-16T16:23:44.567+0000] {dag.py:4180} INFO - Setting next_dagrun for etl_synthetic_events to None, run_after=None
[2025-12-16T16:23:44.622+0000] {processor.py:208} INFO - Processing /opt/airflow/dags/etl_airflow_dag.py took 0.945 seconds
[2025-12-16T16:24:15.395+0000] {processor.py:186} INFO - Started process (PID=1468) to work on /opt/airflow/dags/etl_airflow_dag.py
[2025-12-16T16:24:15.400+0000] {processor.py:914} INFO - Processing file /opt/airflow/dags/etl_airflow_dag.py for tasks to queue
[2025-12-16T16:24:15.421+0000] {logging_mixin.py:190} INFO - [2025-12-16T16:24:15.419+0000] {dagbag.py:588} INFO - Filling up the DagBag from /opt/airflow/dags/etl_airflow_dag.py
[2025-12-16T16:24:16.536+0000] {processor.py:925} INFO - DAG(s) 'etl_synthetic_events' retrieved from /opt/airflow/dags/etl_airflow_dag.py
[2025-12-16T16:24:16.617+0000] {logging_mixin.py:190} INFO - [2025-12-16T16:24:16.615+0000] {dag.py:3239} INFO - Sync 1 DAGs
[2025-12-16T16:24:16.670+0000] {logging_mixin.py:190} INFO - [2025-12-16T16:24:16.669+0000] {dag.py:4180} INFO - Setting next_dagrun for etl_synthetic_events to None, run_after=None
[2025-12-16T16:24:16.747+0000] {processor.py:208} INFO - Processing /opt/airflow/dags/etl_airflow_dag.py took 1.382 seconds
[2025-12-16T16:24:47.116+0000] {processor.py:186} INFO - Started process (PID=1474) to work on /opt/airflow/dags/etl_airflow_dag.py
[2025-12-16T16:24:47.119+0000] {processor.py:914} INFO - Processing file /opt/airflow/dags/etl_airflow_dag.py for tasks to queue
[2025-12-16T16:24:47.126+0000] {logging_mixin.py:190} INFO - [2025-12-16T16:24:47.125+0000] {dagbag.py:588} INFO - Filling up the DagBag from /opt/airflow/dags/etl_airflow_dag.py
[2025-12-16T16:24:47.926+0000] {processor.py:925} INFO - DAG(s) 'etl_synthetic_events' retrieved from /opt/airflow/dags/etl_airflow_dag.py
[2025-12-16T16:24:48.050+0000] {logging_mixin.py:190} INFO - [2025-12-16T16:24:48.049+0000] {dag.py:3239} INFO - Sync 1 DAGs
[2025-12-16T16:24:48.102+0000] {logging_mixin.py:190} INFO - [2025-12-16T16:24:48.101+0000] {dag.py:4180} INFO - Setting next_dagrun for etl_synthetic_events to None, run_after=None
[2025-12-16T16:24:48.191+0000] {processor.py:208} INFO - Processing /opt/airflow/dags/etl_airflow_dag.py took 1.095 seconds
[2025-12-16T16:25:18.632+0000] {processor.py:186} INFO - Started process (PID=1480) to work on /opt/airflow/dags/etl_airflow_dag.py
[2025-12-16T16:25:18.635+0000] {processor.py:914} INFO - Processing file /opt/airflow/dags/etl_airflow_dag.py for tasks to queue
[2025-12-16T16:25:18.642+0000] {logging_mixin.py:190} INFO - [2025-12-16T16:25:18.642+0000] {dagbag.py:588} INFO - Filling up the DagBag from /opt/airflow/dags/etl_airflow_dag.py
[2025-12-16T16:25:19.381+0000] {processor.py:925} INFO - DAG(s) 'etl_synthetic_events' retrieved from /opt/airflow/dags/etl_airflow_dag.py
[2025-12-16T16:25:19.445+0000] {logging_mixin.py:190} INFO - [2025-12-16T16:25:19.444+0000] {dag.py:3239} INFO - Sync 1 DAGs
[2025-12-16T16:25:19.490+0000] {logging_mixin.py:190} INFO - [2025-12-16T16:25:19.486+0000] {dag.py:4180} INFO - Setting next_dagrun for etl_synthetic_events to None, run_after=None
[2025-12-16T16:25:19.545+0000] {processor.py:208} INFO - Processing /opt/airflow/dags/etl_airflow_dag.py took 0.930 seconds
[2025-12-16T16:25:50.131+0000] {processor.py:186} INFO - Started process (PID=1486) to work on /opt/airflow/dags/etl_airflow_dag.py
[2025-12-16T16:25:50.133+0000] {processor.py:914} INFO - Processing file /opt/airflow/dags/etl_airflow_dag.py for tasks to queue
[2025-12-16T16:25:50.140+0000] {logging_mixin.py:190} INFO - [2025-12-16T16:25:50.139+0000] {dagbag.py:588} INFO - Filling up the DagBag from /opt/airflow/dags/etl_airflow_dag.py
[2025-12-16T16:25:50.897+0000] {processor.py:925} INFO - DAG(s) 'etl_synthetic_events' retrieved from /opt/airflow/dags/etl_airflow_dag.py
[2025-12-16T16:25:50.953+0000] {logging_mixin.py:190} INFO - [2025-12-16T16:25:50.952+0000] {dag.py:3239} INFO - Sync 1 DAGs
[2025-12-16T16:25:50.986+0000] {logging_mixin.py:190} INFO - [2025-12-16T16:25:50.986+0000] {dag.py:4180} INFO - Setting next_dagrun for etl_synthetic_events to None, run_after=None
[2025-12-16T16:25:51.033+0000] {processor.py:208} INFO - Processing /opt/airflow/dags/etl_airflow_dag.py took 0.916 seconds
[2025-12-16T16:26:21.560+0000] {processor.py:186} INFO - Started process (PID=1492) to work on /opt/airflow/dags/etl_airflow_dag.py
[2025-12-16T16:26:21.563+0000] {processor.py:914} INFO - Processing file /opt/airflow/dags/etl_airflow_dag.py for tasks to queue
[2025-12-16T16:26:21.570+0000] {logging_mixin.py:190} INFO - [2025-12-16T16:26:21.568+0000] {dagbag.py:588} INFO - Filling up the DagBag from /opt/airflow/dags/etl_airflow_dag.py
[2025-12-16T16:26:22.487+0000] {processor.py:925} INFO - DAG(s) 'etl_synthetic_events' retrieved from /opt/airflow/dags/etl_airflow_dag.py
[2025-12-16T16:26:22.580+0000] {logging_mixin.py:190} INFO - [2025-12-16T16:26:22.578+0000] {dag.py:3239} INFO - Sync 1 DAGs
[2025-12-16T16:26:22.635+0000] {logging_mixin.py:190} INFO - [2025-12-16T16:26:22.634+0000] {dag.py:4180} INFO - Setting next_dagrun for etl_synthetic_events to None, run_after=None
[2025-12-16T16:26:22.704+0000] {processor.py:208} INFO - Processing /opt/airflow/dags/etl_airflow_dag.py took 1.162 seconds
[2025-12-16T16:26:53.083+0000] {processor.py:186} INFO - Started process (PID=1498) to work on /opt/airflow/dags/etl_airflow_dag.py
[2025-12-16T16:26:53.087+0000] {processor.py:914} INFO - Processing file /opt/airflow/dags/etl_airflow_dag.py for tasks to queue
[2025-12-16T16:26:53.098+0000] {logging_mixin.py:190} INFO - [2025-12-16T16:26:53.096+0000] {dagbag.py:588} INFO - Filling up the DagBag from /opt/airflow/dags/etl_airflow_dag.py
[2025-12-16T16:26:53.858+0000] {processor.py:925} INFO - DAG(s) 'etl_synthetic_events' retrieved from /opt/airflow/dags/etl_airflow_dag.py
[2025-12-16T16:26:53.922+0000] {logging_mixin.py:190} INFO - [2025-12-16T16:26:53.921+0000] {dag.py:3239} INFO - Sync 1 DAGs
[2025-12-16T16:26:53.959+0000] {logging_mixin.py:190} INFO - [2025-12-16T16:26:53.958+0000] {dag.py:4180} INFO - Setting next_dagrun for etl_synthetic_events to None, run_after=None
[2025-12-16T16:26:54.005+0000] {processor.py:208} INFO - Processing /opt/airflow/dags/etl_airflow_dag.py took 0.941 seconds
[2025-12-16T16:27:24.555+0000] {processor.py:186} INFO - Started process (PID=1504) to work on /opt/airflow/dags/etl_airflow_dag.py
[2025-12-16T16:27:24.558+0000] {processor.py:914} INFO - Processing file /opt/airflow/dags/etl_airflow_dag.py for tasks to queue
[2025-12-16T16:27:24.565+0000] {logging_mixin.py:190} INFO - [2025-12-16T16:27:24.564+0000] {dagbag.py:588} INFO - Filling up the DagBag from /opt/airflow/dags/etl_airflow_dag.py
[2025-12-16T16:27:25.264+0000] {processor.py:925} INFO - DAG(s) 'etl_synthetic_events' retrieved from /opt/airflow/dags/etl_airflow_dag.py
[2025-12-16T16:27:25.325+0000] {logging_mixin.py:190} INFO - [2025-12-16T16:27:25.324+0000] {dag.py:3239} INFO - Sync 1 DAGs
[2025-12-16T16:27:25.362+0000] {logging_mixin.py:190} INFO - [2025-12-16T16:27:25.362+0000] {dag.py:4180} INFO - Setting next_dagrun for etl_synthetic_events to None, run_after=None
[2025-12-16T16:27:25.415+0000] {processor.py:208} INFO - Processing /opt/airflow/dags/etl_airflow_dag.py took 0.881 seconds
[2025-12-16T16:27:55.897+0000] {processor.py:186} INFO - Started process (PID=1510) to work on /opt/airflow/dags/etl_airflow_dag.py
[2025-12-16T16:27:55.899+0000] {processor.py:914} INFO - Processing file /opt/airflow/dags/etl_airflow_dag.py for tasks to queue
[2025-12-16T16:27:55.904+0000] {logging_mixin.py:190} INFO - [2025-12-16T16:27:55.904+0000] {dagbag.py:588} INFO - Filling up the DagBag from /opt/airflow/dags/etl_airflow_dag.py
[2025-12-16T16:27:56.477+0000] {processor.py:925} INFO - DAG(s) 'etl_synthetic_events' retrieved from /opt/airflow/dags/etl_airflow_dag.py
[2025-12-16T16:27:56.520+0000] {logging_mixin.py:190} INFO - [2025-12-16T16:27:56.519+0000] {dag.py:3239} INFO - Sync 1 DAGs
[2025-12-16T16:27:56.543+0000] {logging_mixin.py:190} INFO - [2025-12-16T16:27:56.543+0000] {dag.py:4180} INFO - Setting next_dagrun for etl_synthetic_events to None, run_after=None
[2025-12-16T16:27:56.576+0000] {processor.py:208} INFO - Processing /opt/airflow/dags/etl_airflow_dag.py took 0.688 seconds
[2025-12-16T16:28:26.987+0000] {processor.py:186} INFO - Started process (PID=1516) to work on /opt/airflow/dags/etl_airflow_dag.py
[2025-12-16T16:28:26.990+0000] {processor.py:914} INFO - Processing file /opt/airflow/dags/etl_airflow_dag.py for tasks to queue
[2025-12-16T16:28:26.997+0000] {logging_mixin.py:190} INFO - [2025-12-16T16:28:26.996+0000] {dagbag.py:588} INFO - Filling up the DagBag from /opt/airflow/dags/etl_airflow_dag.py
[2025-12-16T16:28:27.564+0000] {processor.py:925} INFO - DAG(s) 'etl_synthetic_events' retrieved from /opt/airflow/dags/etl_airflow_dag.py
[2025-12-16T16:28:27.603+0000] {logging_mixin.py:190} INFO - [2025-12-16T16:28:27.602+0000] {dag.py:3239} INFO - Sync 1 DAGs
[2025-12-16T16:28:27.624+0000] {logging_mixin.py:190} INFO - [2025-12-16T16:28:27.623+0000] {dag.py:4180} INFO - Setting next_dagrun for etl_synthetic_events to None, run_after=None
[2025-12-16T16:28:27.656+0000] {processor.py:208} INFO - Processing /opt/airflow/dags/etl_airflow_dag.py took 0.680 seconds
[2025-12-16T16:28:58.131+0000] {processor.py:186} INFO - Started process (PID=1522) to work on /opt/airflow/dags/etl_airflow_dag.py
[2025-12-16T16:28:58.135+0000] {processor.py:914} INFO - Processing file /opt/airflow/dags/etl_airflow_dag.py for tasks to queue
[2025-12-16T16:28:58.151+0000] {logging_mixin.py:190} INFO - [2025-12-16T16:28:58.150+0000] {dagbag.py:588} INFO - Filling up the DagBag from /opt/airflow/dags/etl_airflow_dag.py
[2025-12-16T16:28:58.718+0000] {processor.py:925} INFO - DAG(s) 'etl_synthetic_events' retrieved from /opt/airflow/dags/etl_airflow_dag.py
[2025-12-16T16:28:58.762+0000] {logging_mixin.py:190} INFO - [2025-12-16T16:28:58.761+0000] {dag.py:3239} INFO - Sync 1 DAGs
[2025-12-16T16:28:58.786+0000] {logging_mixin.py:190} INFO - [2025-12-16T16:28:58.786+0000] {dag.py:4180} INFO - Setting next_dagrun for etl_synthetic_events to None, run_after=None
[2025-12-16T16:28:58.820+0000] {processor.py:208} INFO - Processing /opt/airflow/dags/etl_airflow_dag.py took 0.703 seconds
[2025-12-16T16:29:28.918+0000] {processor.py:186} INFO - Started process (PID=1528) to work on /opt/airflow/dags/etl_airflow_dag.py
[2025-12-16T16:29:28.921+0000] {processor.py:914} INFO - Processing file /opt/airflow/dags/etl_airflow_dag.py for tasks to queue
[2025-12-16T16:29:28.975+0000] {logging_mixin.py:190} INFO - [2025-12-16T16:29:28.974+0000] {dagbag.py:588} INFO - Filling up the DagBag from /opt/airflow/dags/etl_airflow_dag.py
[2025-12-16T16:29:29.766+0000] {processor.py:925} INFO - DAG(s) 'etl_synthetic_events' retrieved from /opt/airflow/dags/etl_airflow_dag.py
[2025-12-16T16:29:29.813+0000] {logging_mixin.py:190} INFO - [2025-12-16T16:29:29.812+0000] {dag.py:3239} INFO - Sync 1 DAGs
[2025-12-16T16:29:29.922+0000] {logging_mixin.py:190} INFO - [2025-12-16T16:29:29.921+0000] {dag.py:4180} INFO - Setting next_dagrun for etl_synthetic_events to None, run_after=None
[2025-12-16T16:29:29.966+0000] {processor.py:208} INFO - Processing /opt/airflow/dags/etl_airflow_dag.py took 1.062 seconds
[2025-12-16T16:30:00.244+0000] {processor.py:186} INFO - Started process (PID=1534) to work on /opt/airflow/dags/etl_airflow_dag.py
[2025-12-16T16:30:00.246+0000] {processor.py:914} INFO - Processing file /opt/airflow/dags/etl_airflow_dag.py for tasks to queue
[2025-12-16T16:30:00.253+0000] {logging_mixin.py:190} INFO - [2025-12-16T16:30:00.252+0000] {dagbag.py:588} INFO - Filling up the DagBag from /opt/airflow/dags/etl_airflow_dag.py
[2025-12-16T16:30:00.729+0000] {processor.py:925} INFO - DAG(s) 'etl_synthetic_events' retrieved from /opt/airflow/dags/etl_airflow_dag.py
[2025-12-16T16:30:00.770+0000] {logging_mixin.py:190} INFO - [2025-12-16T16:30:00.770+0000] {dag.py:3239} INFO - Sync 1 DAGs
[2025-12-16T16:30:00.796+0000] {logging_mixin.py:190} INFO - [2025-12-16T16:30:00.795+0000] {dag.py:4180} INFO - Setting next_dagrun for etl_synthetic_events to None, run_after=None
[2025-12-16T16:30:00.829+0000] {processor.py:208} INFO - Processing /opt/airflow/dags/etl_airflow_dag.py took 0.602 seconds
[2025-12-16T16:30:31.280+0000] {processor.py:186} INFO - Started process (PID=1540) to work on /opt/airflow/dags/etl_airflow_dag.py
[2025-12-16T16:30:31.284+0000] {processor.py:914} INFO - Processing file /opt/airflow/dags/etl_airflow_dag.py for tasks to queue
[2025-12-16T16:30:31.289+0000] {logging_mixin.py:190} INFO - [2025-12-16T16:30:31.289+0000] {dagbag.py:588} INFO - Filling up the DagBag from /opt/airflow/dags/etl_airflow_dag.py
[2025-12-16T16:30:31.847+0000] {processor.py:925} INFO - DAG(s) 'etl_synthetic_events' retrieved from /opt/airflow/dags/etl_airflow_dag.py
[2025-12-16T16:30:31.892+0000] {logging_mixin.py:190} INFO - [2025-12-16T16:30:31.891+0000] {dag.py:3239} INFO - Sync 1 DAGs
[2025-12-16T16:30:31.912+0000] {logging_mixin.py:190} INFO - [2025-12-16T16:30:31.911+0000] {dag.py:4180} INFO - Setting next_dagrun for etl_synthetic_events to None, run_after=None
[2025-12-16T16:30:31.940+0000] {processor.py:208} INFO - Processing /opt/airflow/dags/etl_airflow_dag.py took 0.673 seconds
[2025-12-16T16:31:02.316+0000] {processor.py:186} INFO - Started process (PID=1546) to work on /opt/airflow/dags/etl_airflow_dag.py
[2025-12-16T16:31:02.319+0000] {processor.py:914} INFO - Processing file /opt/airflow/dags/etl_airflow_dag.py for tasks to queue
[2025-12-16T16:31:02.324+0000] {logging_mixin.py:190} INFO - [2025-12-16T16:31:02.323+0000] {dagbag.py:588} INFO - Filling up the DagBag from /opt/airflow/dags/etl_airflow_dag.py
[2025-12-16T16:31:02.856+0000] {processor.py:925} INFO - DAG(s) 'etl_synthetic_events' retrieved from /opt/airflow/dags/etl_airflow_dag.py
[2025-12-16T16:31:02.901+0000] {logging_mixin.py:190} INFO - [2025-12-16T16:31:02.901+0000] {dag.py:3239} INFO - Sync 1 DAGs
[2025-12-16T16:31:02.923+0000] {logging_mixin.py:190} INFO - [2025-12-16T16:31:02.923+0000] {dag.py:4180} INFO - Setting next_dagrun for etl_synthetic_events to None, run_after=None
[2025-12-16T16:31:02.958+0000] {processor.py:208} INFO - Processing /opt/airflow/dags/etl_airflow_dag.py took 0.652 seconds
[2025-12-16T16:31:33.234+0000] {processor.py:186} INFO - Started process (PID=1552) to work on /opt/airflow/dags/etl_airflow_dag.py
[2025-12-16T16:31:33.236+0000] {processor.py:914} INFO - Processing file /opt/airflow/dags/etl_airflow_dag.py for tasks to queue
[2025-12-16T16:31:33.241+0000] {logging_mixin.py:190} INFO - [2025-12-16T16:31:33.240+0000] {dagbag.py:588} INFO - Filling up the DagBag from /opt/airflow/dags/etl_airflow_dag.py
[2025-12-16T16:31:33.710+0000] {processor.py:925} INFO - DAG(s) 'etl_synthetic_events' retrieved from /opt/airflow/dags/etl_airflow_dag.py
[2025-12-16T16:31:33.752+0000] {logging_mixin.py:190} INFO - [2025-12-16T16:31:33.751+0000] {dag.py:3239} INFO - Sync 1 DAGs
[2025-12-16T16:31:33.770+0000] {logging_mixin.py:190} INFO - [2025-12-16T16:31:33.770+0000] {dag.py:4180} INFO - Setting next_dagrun for etl_synthetic_events to None, run_after=None
[2025-12-16T16:31:33.799+0000] {processor.py:208} INFO - Processing /opt/airflow/dags/etl_airflow_dag.py took 0.576 seconds
[2025-12-16T16:32:04.165+0000] {processor.py:186} INFO - Started process (PID=1558) to work on /opt/airflow/dags/etl_airflow_dag.py
[2025-12-16T16:32:04.166+0000] {processor.py:914} INFO - Processing file /opt/airflow/dags/etl_airflow_dag.py for tasks to queue
[2025-12-16T16:32:04.170+0000] {logging_mixin.py:190} INFO - [2025-12-16T16:32:04.170+0000] {dagbag.py:588} INFO - Filling up the DagBag from /opt/airflow/dags/etl_airflow_dag.py
[2025-12-16T16:32:04.608+0000] {processor.py:925} INFO - DAG(s) 'etl_synthetic_events' retrieved from /opt/airflow/dags/etl_airflow_dag.py
[2025-12-16T16:32:04.644+0000] {logging_mixin.py:190} INFO - [2025-12-16T16:32:04.644+0000] {dag.py:3239} INFO - Sync 1 DAGs
[2025-12-16T16:32:04.667+0000] {logging_mixin.py:190} INFO - [2025-12-16T16:32:04.667+0000] {dag.py:4180} INFO - Setting next_dagrun for etl_synthetic_events to None, run_after=None
[2025-12-16T16:32:04.701+0000] {processor.py:208} INFO - Processing /opt/airflow/dags/etl_airflow_dag.py took 0.545 seconds
[2025-12-16T16:32:35.563+0000] {processor.py:186} INFO - Started process (PID=1564) to work on /opt/airflow/dags/etl_airflow_dag.py
[2025-12-16T16:32:35.575+0000] {processor.py:914} INFO - Processing file /opt/airflow/dags/etl_airflow_dag.py for tasks to queue
[2025-12-16T16:32:35.608+0000] {logging_mixin.py:190} INFO - [2025-12-16T16:32:35.603+0000] {dagbag.py:588} INFO - Filling up the DagBag from /opt/airflow/dags/etl_airflow_dag.py
[2025-12-16T16:32:38.089+0000] {processor.py:925} INFO - DAG(s) 'etl_synthetic_events' retrieved from /opt/airflow/dags/etl_airflow_dag.py
[2025-12-16T16:32:38.130+0000] {logging_mixin.py:190} INFO - [2025-12-16T16:32:38.130+0000] {dag.py:3239} INFO - Sync 1 DAGs
[2025-12-16T16:32:38.152+0000] {logging_mixin.py:190} INFO - [2025-12-16T16:32:38.152+0000] {dag.py:4180} INFO - Setting next_dagrun for etl_synthetic_events to None, run_after=None
[2025-12-16T16:32:38.184+0000] {processor.py:208} INFO - Processing /opt/airflow/dags/etl_airflow_dag.py took 2.706 seconds
[2025-12-16T16:33:08.583+0000] {processor.py:186} INFO - Started process (PID=1570) to work on /opt/airflow/dags/etl_airflow_dag.py
[2025-12-16T16:33:08.608+0000] {processor.py:914} INFO - Processing file /opt/airflow/dags/etl_airflow_dag.py for tasks to queue
[2025-12-16T16:33:08.616+0000] {logging_mixin.py:190} INFO - [2025-12-16T16:33:08.615+0000] {dagbag.py:588} INFO - Filling up the DagBag from /opt/airflow/dags/etl_airflow_dag.py
[2025-12-16T16:33:09.191+0000] {processor.py:925} INFO - DAG(s) 'etl_synthetic_events' retrieved from /opt/airflow/dags/etl_airflow_dag.py
[2025-12-16T16:33:09.246+0000] {logging_mixin.py:190} INFO - [2025-12-16T16:33:09.244+0000] {dag.py:3239} INFO - Sync 1 DAGs
[2025-12-16T16:33:09.270+0000] {logging_mixin.py:190} INFO - [2025-12-16T16:33:09.270+0000] {dag.py:4180} INFO - Setting next_dagrun for etl_synthetic_events to None, run_after=None
[2025-12-16T16:33:09.308+0000] {processor.py:208} INFO - Processing /opt/airflow/dags/etl_airflow_dag.py took 0.775 seconds
[2025-12-16T16:33:39.687+0000] {processor.py:186} INFO - Started process (PID=1576) to work on /opt/airflow/dags/etl_airflow_dag.py
[2025-12-16T16:33:39.690+0000] {processor.py:914} INFO - Processing file /opt/airflow/dags/etl_airflow_dag.py for tasks to queue
[2025-12-16T16:33:39.697+0000] {logging_mixin.py:190} INFO - [2025-12-16T16:33:39.696+0000] {dagbag.py:588} INFO - Filling up the DagBag from /opt/airflow/dags/etl_airflow_dag.py
[2025-12-16T16:33:40.489+0000] {processor.py:925} INFO - DAG(s) 'etl_synthetic_events' retrieved from /opt/airflow/dags/etl_airflow_dag.py
[2025-12-16T16:33:40.543+0000] {logging_mixin.py:190} INFO - [2025-12-16T16:33:40.542+0000] {dag.py:3239} INFO - Sync 1 DAGs
[2025-12-16T16:33:40.567+0000] {logging_mixin.py:190} INFO - [2025-12-16T16:33:40.566+0000] {dag.py:4180} INFO - Setting next_dagrun for etl_synthetic_events to None, run_after=None
[2025-12-16T16:33:40.604+0000] {processor.py:208} INFO - Processing /opt/airflow/dags/etl_airflow_dag.py took 0.930 seconds
[2025-12-16T16:34:10.993+0000] {processor.py:186} INFO - Started process (PID=1582) to work on /opt/airflow/dags/etl_airflow_dag.py
[2025-12-16T16:34:10.995+0000] {processor.py:914} INFO - Processing file /opt/airflow/dags/etl_airflow_dag.py for tasks to queue
[2025-12-16T16:34:11.000+0000] {logging_mixin.py:190} INFO - [2025-12-16T16:34:10.999+0000] {dagbag.py:588} INFO - Filling up the DagBag from /opt/airflow/dags/etl_airflow_dag.py
[2025-12-16T16:34:11.433+0000] {processor.py:925} INFO - DAG(s) 'etl_synthetic_events' retrieved from /opt/airflow/dags/etl_airflow_dag.py
[2025-12-16T16:34:11.470+0000] {logging_mixin.py:190} INFO - [2025-12-16T16:34:11.469+0000] {dag.py:3239} INFO - Sync 1 DAGs
[2025-12-16T16:34:11.490+0000] {logging_mixin.py:190} INFO - [2025-12-16T16:34:11.489+0000] {dag.py:4180} INFO - Setting next_dagrun for etl_synthetic_events to None, run_after=None
[2025-12-16T16:34:11.518+0000] {processor.py:208} INFO - Processing /opt/airflow/dags/etl_airflow_dag.py took 0.535 seconds
[2025-12-16T16:34:41.889+0000] {processor.py:186} INFO - Started process (PID=1588) to work on /opt/airflow/dags/etl_airflow_dag.py
[2025-12-16T16:34:41.891+0000] {processor.py:914} INFO - Processing file /opt/airflow/dags/etl_airflow_dag.py for tasks to queue
[2025-12-16T16:34:41.895+0000] {logging_mixin.py:190} INFO - [2025-12-16T16:34:41.894+0000] {dagbag.py:588} INFO - Filling up the DagBag from /opt/airflow/dags/etl_airflow_dag.py
[2025-12-16T16:34:42.559+0000] {processor.py:925} INFO - DAG(s) 'etl_synthetic_events' retrieved from /opt/airflow/dags/etl_airflow_dag.py
[2025-12-16T16:34:42.615+0000] {logging_mixin.py:190} INFO - [2025-12-16T16:34:42.615+0000] {dag.py:3239} INFO - Sync 1 DAGs
[2025-12-16T16:34:42.650+0000] {logging_mixin.py:190} INFO - [2025-12-16T16:34:42.649+0000] {dag.py:4180} INFO - Setting next_dagrun for etl_synthetic_events to None, run_after=None
[2025-12-16T16:34:42.690+0000] {processor.py:208} INFO - Processing /opt/airflow/dags/etl_airflow_dag.py took 0.810 seconds
[2025-12-16T16:35:14.154+0000] {processor.py:186} INFO - Started process (PID=1594) to work on /opt/airflow/dags/etl_airflow_dag.py
[2025-12-16T16:35:14.167+0000] {processor.py:914} INFO - Processing file /opt/airflow/dags/etl_airflow_dag.py for tasks to queue
[2025-12-16T16:35:14.226+0000] {logging_mixin.py:190} INFO - [2025-12-16T16:35:14.220+0000] {dagbag.py:588} INFO - Filling up the DagBag from /opt/airflow/dags/etl_airflow_dag.py
[2025-12-16T16:35:16.687+0000] {processor.py:925} INFO - DAG(s) 'etl_synthetic_events' retrieved from /opt/airflow/dags/etl_airflow_dag.py
[2025-12-16T16:35:16.743+0000] {logging_mixin.py:190} INFO - [2025-12-16T16:35:16.742+0000] {dag.py:3239} INFO - Sync 1 DAGs
[2025-12-16T16:35:16.776+0000] {logging_mixin.py:190} INFO - [2025-12-16T16:35:16.775+0000] {dag.py:4180} INFO - Setting next_dagrun for etl_synthetic_events to None, run_after=None
[2025-12-16T16:35:16.819+0000] {processor.py:208} INFO - Processing /opt/airflow/dags/etl_airflow_dag.py took 2.802 seconds
[2025-12-16T16:35:47.283+0000] {processor.py:186} INFO - Started process (PID=1600) to work on /opt/airflow/dags/etl_airflow_dag.py
[2025-12-16T16:35:47.285+0000] {processor.py:914} INFO - Processing file /opt/airflow/dags/etl_airflow_dag.py for tasks to queue
[2025-12-16T16:35:47.291+0000] {logging_mixin.py:190} INFO - [2025-12-16T16:35:47.290+0000] {dagbag.py:588} INFO - Filling up the DagBag from /opt/airflow/dags/etl_airflow_dag.py
[2025-12-16T16:35:48.034+0000] {processor.py:925} INFO - DAG(s) 'etl_synthetic_events' retrieved from /opt/airflow/dags/etl_airflow_dag.py
[2025-12-16T16:35:48.092+0000] {logging_mixin.py:190} INFO - [2025-12-16T16:35:48.091+0000] {dag.py:3239} INFO - Sync 1 DAGs
[2025-12-16T16:35:48.124+0000] {logging_mixin.py:190} INFO - [2025-12-16T16:35:48.123+0000] {dag.py:4180} INFO - Setting next_dagrun for etl_synthetic_events to None, run_after=None
[2025-12-16T16:35:48.171+0000] {processor.py:208} INFO - Processing /opt/airflow/dags/etl_airflow_dag.py took 0.901 seconds
[2025-12-16T16:36:18.596+0000] {processor.py:186} INFO - Started process (PID=1606) to work on /opt/airflow/dags/etl_airflow_dag.py
[2025-12-16T16:36:18.598+0000] {processor.py:914} INFO - Processing file /opt/airflow/dags/etl_airflow_dag.py for tasks to queue
[2025-12-16T16:36:18.604+0000] {logging_mixin.py:190} INFO - [2025-12-16T16:36:18.603+0000] {dagbag.py:588} INFO - Filling up the DagBag from /opt/airflow/dags/etl_airflow_dag.py
[2025-12-16T16:36:19.173+0000] {processor.py:925} INFO - DAG(s) 'etl_synthetic_events' retrieved from /opt/airflow/dags/etl_airflow_dag.py
[2025-12-16T16:36:19.220+0000] {logging_mixin.py:190} INFO - [2025-12-16T16:36:19.219+0000] {dag.py:3239} INFO - Sync 1 DAGs
[2025-12-16T16:36:19.246+0000] {logging_mixin.py:190} INFO - [2025-12-16T16:36:19.245+0000] {dag.py:4180} INFO - Setting next_dagrun for etl_synthetic_events to None, run_after=None
[2025-12-16T16:36:19.284+0000] {processor.py:208} INFO - Processing /opt/airflow/dags/etl_airflow_dag.py took 0.698 seconds
[2025-12-16T16:36:49.716+0000] {processor.py:186} INFO - Started process (PID=1612) to work on /opt/airflow/dags/etl_airflow_dag.py
[2025-12-16T16:36:49.718+0000] {processor.py:914} INFO - Processing file /opt/airflow/dags/etl_airflow_dag.py for tasks to queue
[2025-12-16T16:36:49.723+0000] {logging_mixin.py:190} INFO - [2025-12-16T16:36:49.723+0000] {dagbag.py:588} INFO - Filling up the DagBag from /opt/airflow/dags/etl_airflow_dag.py
[2025-12-16T16:36:50.304+0000] {processor.py:925} INFO - DAG(s) 'etl_synthetic_events' retrieved from /opt/airflow/dags/etl_airflow_dag.py
[2025-12-16T16:36:50.342+0000] {logging_mixin.py:190} INFO - [2025-12-16T16:36:50.341+0000] {dag.py:3239} INFO - Sync 1 DAGs
[2025-12-16T16:36:50.364+0000] {logging_mixin.py:190} INFO - [2025-12-16T16:36:50.364+0000] {dag.py:4180} INFO - Setting next_dagrun for etl_synthetic_events to None, run_after=None
[2025-12-16T16:36:50.400+0000] {processor.py:208} INFO - Processing /opt/airflow/dags/etl_airflow_dag.py took 0.695 seconds
[2025-12-16T16:37:20.533+0000] {processor.py:186} INFO - Started process (PID=1618) to work on /opt/airflow/dags/etl_airflow_dag.py
[2025-12-16T16:37:20.536+0000] {processor.py:914} INFO - Processing file /opt/airflow/dags/etl_airflow_dag.py for tasks to queue
[2025-12-16T16:37:20.542+0000] {logging_mixin.py:190} INFO - [2025-12-16T16:37:20.541+0000] {dagbag.py:588} INFO - Filling up the DagBag from /opt/airflow/dags/etl_airflow_dag.py
[2025-12-16T16:37:21.259+0000] {processor.py:925} INFO - DAG(s) 'etl_synthetic_events' retrieved from /opt/airflow/dags/etl_airflow_dag.py
[2025-12-16T16:37:21.301+0000] {logging_mixin.py:190} INFO - [2025-12-16T16:37:21.301+0000] {dag.py:3239} INFO - Sync 1 DAGs
[2025-12-16T16:37:21.324+0000] {logging_mixin.py:190} INFO - [2025-12-16T16:37:21.324+0000] {dag.py:4180} INFO - Setting next_dagrun for etl_synthetic_events to None, run_after=None
[2025-12-16T16:37:21.361+0000] {processor.py:208} INFO - Processing /opt/airflow/dags/etl_airflow_dag.py took 0.843 seconds
[2025-12-16T16:37:51.771+0000] {processor.py:186} INFO - Started process (PID=1624) to work on /opt/airflow/dags/etl_airflow_dag.py
[2025-12-16T16:37:51.774+0000] {processor.py:914} INFO - Processing file /opt/airflow/dags/etl_airflow_dag.py for tasks to queue
[2025-12-16T16:37:51.781+0000] {logging_mixin.py:190} INFO - [2025-12-16T16:37:51.780+0000] {dagbag.py:588} INFO - Filling up the DagBag from /opt/airflow/dags/etl_airflow_dag.py
[2025-12-16T16:37:52.678+0000] {processor.py:925} INFO - DAG(s) 'etl_synthetic_events' retrieved from /opt/airflow/dags/etl_airflow_dag.py
[2025-12-16T16:37:52.723+0000] {logging_mixin.py:190} INFO - [2025-12-16T16:37:52.722+0000] {dag.py:3239} INFO - Sync 1 DAGs
[2025-12-16T16:37:52.750+0000] {logging_mixin.py:190} INFO - [2025-12-16T16:37:52.750+0000] {dag.py:4180} INFO - Setting next_dagrun for etl_synthetic_events to None, run_after=None
[2025-12-16T16:37:52.784+0000] {processor.py:208} INFO - Processing /opt/airflow/dags/etl_airflow_dag.py took 1.025 seconds
[2025-12-16T16:38:23.106+0000] {processor.py:186} INFO - Started process (PID=1630) to work on /opt/airflow/dags/etl_airflow_dag.py
[2025-12-16T16:38:23.109+0000] {processor.py:914} INFO - Processing file /opt/airflow/dags/etl_airflow_dag.py for tasks to queue
[2025-12-16T16:38:23.115+0000] {logging_mixin.py:190} INFO - [2025-12-16T16:38:23.114+0000] {dagbag.py:588} INFO - Filling up the DagBag from /opt/airflow/dags/etl_airflow_dag.py
[2025-12-16T16:38:23.685+0000] {processor.py:925} INFO - DAG(s) 'etl_synthetic_events' retrieved from /opt/airflow/dags/etl_airflow_dag.py
[2025-12-16T16:38:23.737+0000] {logging_mixin.py:190} INFO - [2025-12-16T16:38:23.736+0000] {dag.py:3239} INFO - Sync 1 DAGs
[2025-12-16T16:38:23.763+0000] {logging_mixin.py:190} INFO - [2025-12-16T16:38:23.762+0000] {dag.py:4180} INFO - Setting next_dagrun for etl_synthetic_events to None, run_after=None
[2025-12-16T16:38:23.797+0000] {processor.py:208} INFO - Processing /opt/airflow/dags/etl_airflow_dag.py took 0.703 seconds
[2025-12-16T16:38:54.244+0000] {processor.py:186} INFO - Started process (PID=1636) to work on /opt/airflow/dags/etl_airflow_dag.py
[2025-12-16T16:38:54.246+0000] {processor.py:914} INFO - Processing file /opt/airflow/dags/etl_airflow_dag.py for tasks to queue
[2025-12-16T16:38:54.254+0000] {logging_mixin.py:190} INFO - [2025-12-16T16:38:54.253+0000] {dagbag.py:588} INFO - Filling up the DagBag from /opt/airflow/dags/etl_airflow_dag.py
[2025-12-16T16:38:54.898+0000] {processor.py:925} INFO - DAG(s) 'etl_synthetic_events' retrieved from /opt/airflow/dags/etl_airflow_dag.py
[2025-12-16T16:38:54.947+0000] {logging_mixin.py:190} INFO - [2025-12-16T16:38:54.947+0000] {dag.py:3239} INFO - Sync 1 DAGs
[2025-12-16T16:38:54.974+0000] {logging_mixin.py:190} INFO - [2025-12-16T16:38:54.973+0000] {dag.py:4180} INFO - Setting next_dagrun for etl_synthetic_events to None, run_after=None
[2025-12-16T16:38:55.008+0000] {processor.py:208} INFO - Processing /opt/airflow/dags/etl_airflow_dag.py took 0.788 seconds
[2025-12-16T16:39:25.451+0000] {processor.py:186} INFO - Started process (PID=1642) to work on /opt/airflow/dags/etl_airflow_dag.py
[2025-12-16T16:39:25.453+0000] {processor.py:914} INFO - Processing file /opt/airflow/dags/etl_airflow_dag.py for tasks to queue
[2025-12-16T16:39:25.458+0000] {logging_mixin.py:190} INFO - [2025-12-16T16:39:25.457+0000] {dagbag.py:588} INFO - Filling up the DagBag from /opt/airflow/dags/etl_airflow_dag.py
[2025-12-16T16:39:26.069+0000] {processor.py:925} INFO - DAG(s) 'etl_synthetic_events' retrieved from /opt/airflow/dags/etl_airflow_dag.py
[2025-12-16T16:39:26.118+0000] {logging_mixin.py:190} INFO - [2025-12-16T16:39:26.117+0000] {dag.py:3239} INFO - Sync 1 DAGs
[2025-12-16T16:39:26.144+0000] {logging_mixin.py:190} INFO - [2025-12-16T16:39:26.144+0000] {dag.py:4180} INFO - Setting next_dagrun for etl_synthetic_events to None, run_after=None
[2025-12-16T16:39:26.180+0000] {processor.py:208} INFO - Processing /opt/airflow/dags/etl_airflow_dag.py took 0.741 seconds
[2025-12-16T16:39:56.629+0000] {processor.py:186} INFO - Started process (PID=1648) to work on /opt/airflow/dags/etl_airflow_dag.py
[2025-12-16T16:39:56.632+0000] {processor.py:914} INFO - Processing file /opt/airflow/dags/etl_airflow_dag.py for tasks to queue
[2025-12-16T16:39:56.637+0000] {logging_mixin.py:190} INFO - [2025-12-16T16:39:56.636+0000] {dagbag.py:588} INFO - Filling up the DagBag from /opt/airflow/dags/etl_airflow_dag.py
[2025-12-16T16:39:57.226+0000] {processor.py:925} INFO - DAG(s) 'etl_synthetic_events' retrieved from /opt/airflow/dags/etl_airflow_dag.py
[2025-12-16T16:39:57.271+0000] {logging_mixin.py:190} INFO - [2025-12-16T16:39:57.271+0000] {dag.py:3239} INFO - Sync 1 DAGs
[2025-12-16T16:39:57.295+0000] {logging_mixin.py:190} INFO - [2025-12-16T16:39:57.294+0000] {dag.py:4180} INFO - Setting next_dagrun for etl_synthetic_events to None, run_after=None
[2025-12-16T16:39:57.345+0000] {processor.py:208} INFO - Processing /opt/airflow/dags/etl_airflow_dag.py took 0.727 seconds
[2025-12-16T16:40:27.609+0000] {processor.py:186} INFO - Started process (PID=1654) to work on /opt/airflow/dags/etl_airflow_dag.py
[2025-12-16T16:40:27.612+0000] {processor.py:914} INFO - Processing file /opt/airflow/dags/etl_airflow_dag.py for tasks to queue
[2025-12-16T16:40:27.616+0000] {logging_mixin.py:190} INFO - [2025-12-16T16:40:27.616+0000] {dagbag.py:588} INFO - Filling up the DagBag from /opt/airflow/dags/etl_airflow_dag.py
[2025-12-16T16:40:28.231+0000] {processor.py:925} INFO - DAG(s) 'etl_synthetic_events' retrieved from /opt/airflow/dags/etl_airflow_dag.py
[2025-12-16T16:40:28.280+0000] {logging_mixin.py:190} INFO - [2025-12-16T16:40:28.280+0000] {dag.py:3239} INFO - Sync 1 DAGs
[2025-12-16T16:40:28.311+0000] {logging_mixin.py:190} INFO - [2025-12-16T16:40:28.311+0000] {dag.py:4180} INFO - Setting next_dagrun for etl_synthetic_events to None, run_after=None
[2025-12-16T16:40:28.352+0000] {processor.py:208} INFO - Processing /opt/airflow/dags/etl_airflow_dag.py took 0.754 seconds
[2025-12-16T16:40:58.762+0000] {processor.py:186} INFO - Started process (PID=1660) to work on /opt/airflow/dags/etl_airflow_dag.py
[2025-12-16T16:40:58.764+0000] {processor.py:914} INFO - Processing file /opt/airflow/dags/etl_airflow_dag.py for tasks to queue
[2025-12-16T16:40:58.768+0000] {logging_mixin.py:190} INFO - [2025-12-16T16:40:58.768+0000] {dagbag.py:588} INFO - Filling up the DagBag from /opt/airflow/dags/etl_airflow_dag.py
[2025-12-16T16:40:59.351+0000] {processor.py:925} INFO - DAG(s) 'etl_synthetic_events' retrieved from /opt/airflow/dags/etl_airflow_dag.py
[2025-12-16T16:40:59.404+0000] {logging_mixin.py:190} INFO - [2025-12-16T16:40:59.403+0000] {dag.py:3239} INFO - Sync 1 DAGs
[2025-12-16T16:40:59.432+0000] {logging_mixin.py:190} INFO - [2025-12-16T16:40:59.432+0000] {dag.py:4180} INFO - Setting next_dagrun for etl_synthetic_events to None, run_after=None
[2025-12-16T16:40:59.492+0000] {processor.py:208} INFO - Processing /opt/airflow/dags/etl_airflow_dag.py took 0.740 seconds
[2025-12-16T16:41:29.918+0000] {processor.py:186} INFO - Started process (PID=1666) to work on /opt/airflow/dags/etl_airflow_dag.py
[2025-12-16T16:41:29.920+0000] {processor.py:914} INFO - Processing file /opt/airflow/dags/etl_airflow_dag.py for tasks to queue
[2025-12-16T16:41:29.926+0000] {logging_mixin.py:190} INFO - [2025-12-16T16:41:29.926+0000] {dagbag.py:588} INFO - Filling up the DagBag from /opt/airflow/dags/etl_airflow_dag.py
[2025-12-16T16:41:30.550+0000] {processor.py:925} INFO - DAG(s) 'etl_synthetic_events' retrieved from /opt/airflow/dags/etl_airflow_dag.py
[2025-12-16T16:41:30.599+0000] {logging_mixin.py:190} INFO - [2025-12-16T16:41:30.598+0000] {dag.py:3239} INFO - Sync 1 DAGs
[2025-12-16T16:41:30.622+0000] {logging_mixin.py:190} INFO - [2025-12-16T16:41:30.622+0000] {dag.py:4180} INFO - Setting next_dagrun for etl_synthetic_events to None, run_after=None
[2025-12-16T16:41:30.656+0000] {processor.py:208} INFO - Processing /opt/airflow/dags/etl_airflow_dag.py took 0.751 seconds
[2025-12-16T16:42:01.060+0000] {processor.py:186} INFO - Started process (PID=1672) to work on /opt/airflow/dags/etl_airflow_dag.py
[2025-12-16T16:42:01.063+0000] {processor.py:914} INFO - Processing file /opt/airflow/dags/etl_airflow_dag.py for tasks to queue
[2025-12-16T16:42:01.070+0000] {logging_mixin.py:190} INFO - [2025-12-16T16:42:01.069+0000] {dagbag.py:588} INFO - Filling up the DagBag from /opt/airflow/dags/etl_airflow_dag.py
[2025-12-16T16:42:01.657+0000] {processor.py:925} INFO - DAG(s) 'etl_synthetic_events' retrieved from /opt/airflow/dags/etl_airflow_dag.py
[2025-12-16T16:42:01.708+0000] {logging_mixin.py:190} INFO - [2025-12-16T16:42:01.707+0000] {dag.py:3239} INFO - Sync 1 DAGs
[2025-12-16T16:42:01.732+0000] {logging_mixin.py:190} INFO - [2025-12-16T16:42:01.732+0000] {dag.py:4180} INFO - Setting next_dagrun for etl_synthetic_events to None, run_after=None
[2025-12-16T16:42:01.772+0000] {processor.py:208} INFO - Processing /opt/airflow/dags/etl_airflow_dag.py took 0.726 seconds
[2025-12-16T16:42:32.066+0000] {processor.py:186} INFO - Started process (PID=1678) to work on /opt/airflow/dags/etl_airflow_dag.py
[2025-12-16T16:42:32.068+0000] {processor.py:914} INFO - Processing file /opt/airflow/dags/etl_airflow_dag.py for tasks to queue
[2025-12-16T16:42:32.074+0000] {logging_mixin.py:190} INFO - [2025-12-16T16:42:32.073+0000] {dagbag.py:588} INFO - Filling up the DagBag from /opt/airflow/dags/etl_airflow_dag.py
[2025-12-16T16:42:32.633+0000] {processor.py:925} INFO - DAG(s) 'etl_synthetic_events' retrieved from /opt/airflow/dags/etl_airflow_dag.py
[2025-12-16T16:42:32.687+0000] {logging_mixin.py:190} INFO - [2025-12-16T16:42:32.686+0000] {dag.py:3239} INFO - Sync 1 DAGs
[2025-12-16T16:42:32.704+0000] {logging_mixin.py:190} INFO - [2025-12-16T16:42:32.704+0000] {dag.py:4180} INFO - Setting next_dagrun for etl_synthetic_events to None, run_after=None
[2025-12-16T16:42:32.743+0000] {processor.py:208} INFO - Processing /opt/airflow/dags/etl_airflow_dag.py took 0.691 seconds
[2025-12-16T16:43:03.162+0000] {processor.py:186} INFO - Started process (PID=1684) to work on /opt/airflow/dags/etl_airflow_dag.py
[2025-12-16T16:43:03.164+0000] {processor.py:914} INFO - Processing file /opt/airflow/dags/etl_airflow_dag.py for tasks to queue
[2025-12-16T16:43:03.170+0000] {logging_mixin.py:190} INFO - [2025-12-16T16:43:03.169+0000] {dagbag.py:588} INFO - Filling up the DagBag from /opt/airflow/dags/etl_airflow_dag.py
[2025-12-16T16:43:03.744+0000] {processor.py:925} INFO - DAG(s) 'etl_synthetic_events' retrieved from /opt/airflow/dags/etl_airflow_dag.py
[2025-12-16T16:43:03.788+0000] {logging_mixin.py:190} INFO - [2025-12-16T16:43:03.787+0000] {dag.py:3239} INFO - Sync 1 DAGs
[2025-12-16T16:43:03.814+0000] {logging_mixin.py:190} INFO - [2025-12-16T16:43:03.814+0000] {dag.py:4180} INFO - Setting next_dagrun for etl_synthetic_events to None, run_after=None
[2025-12-16T16:43:03.847+0000] {processor.py:208} INFO - Processing /opt/airflow/dags/etl_airflow_dag.py took 0.697 seconds
[2025-12-16T16:43:34.310+0000] {processor.py:186} INFO - Started process (PID=1690) to work on /opt/airflow/dags/etl_airflow_dag.py
[2025-12-16T16:43:34.313+0000] {processor.py:914} INFO - Processing file /opt/airflow/dags/etl_airflow_dag.py for tasks to queue
[2025-12-16T16:43:34.322+0000] {logging_mixin.py:190} INFO - [2025-12-16T16:43:34.321+0000] {dagbag.py:588} INFO - Filling up the DagBag from /opt/airflow/dags/etl_airflow_dag.py
[2025-12-16T16:43:34.851+0000] {processor.py:925} INFO - DAG(s) 'etl_synthetic_events' retrieved from /opt/airflow/dags/etl_airflow_dag.py
[2025-12-16T16:43:34.894+0000] {logging_mixin.py:190} INFO - [2025-12-16T16:43:34.894+0000] {dag.py:3239} INFO - Sync 1 DAGs
[2025-12-16T16:43:34.915+0000] {logging_mixin.py:190} INFO - [2025-12-16T16:43:34.915+0000] {dag.py:4180} INFO - Setting next_dagrun for etl_synthetic_events to None, run_after=None
[2025-12-16T16:43:34.944+0000] {processor.py:208} INFO - Processing /opt/airflow/dags/etl_airflow_dag.py took 0.644 seconds
[2025-12-16T16:44:05.307+0000] {processor.py:186} INFO - Started process (PID=1696) to work on /opt/airflow/dags/etl_airflow_dag.py
[2025-12-16T16:44:05.310+0000] {processor.py:914} INFO - Processing file /opt/airflow/dags/etl_airflow_dag.py for tasks to queue
[2025-12-16T16:44:05.316+0000] {logging_mixin.py:190} INFO - [2025-12-16T16:44:05.315+0000] {dagbag.py:588} INFO - Filling up the DagBag from /opt/airflow/dags/etl_airflow_dag.py
[2025-12-16T16:44:05.964+0000] {processor.py:925} INFO - DAG(s) 'etl_synthetic_events' retrieved from /opt/airflow/dags/etl_airflow_dag.py
[2025-12-16T16:44:05.999+0000] {logging_mixin.py:190} INFO - [2025-12-16T16:44:05.998+0000] {dag.py:3239} INFO - Sync 1 DAGs
[2025-12-16T16:44:06.016+0000] {logging_mixin.py:190} INFO - [2025-12-16T16:44:06.016+0000] {dag.py:4180} INFO - Setting next_dagrun for etl_synthetic_events to None, run_after=None
[2025-12-16T16:44:06.044+0000] {processor.py:208} INFO - Processing /opt/airflow/dags/etl_airflow_dag.py took 0.749 seconds
[2025-12-16T16:44:36.468+0000] {processor.py:186} INFO - Started process (PID=1702) to work on /opt/airflow/dags/etl_airflow_dag.py
[2025-12-16T16:44:36.470+0000] {processor.py:914} INFO - Processing file /opt/airflow/dags/etl_airflow_dag.py for tasks to queue
[2025-12-16T16:44:36.475+0000] {logging_mixin.py:190} INFO - [2025-12-16T16:44:36.474+0000] {dagbag.py:588} INFO - Filling up the DagBag from /opt/airflow/dags/etl_airflow_dag.py
[2025-12-16T16:44:37.093+0000] {processor.py:925} INFO - DAG(s) 'etl_synthetic_events' retrieved from /opt/airflow/dags/etl_airflow_dag.py
[2025-12-16T16:44:37.146+0000] {logging_mixin.py:190} INFO - [2025-12-16T16:44:37.146+0000] {dag.py:3239} INFO - Sync 1 DAGs
[2025-12-16T16:44:37.172+0000] {logging_mixin.py:190} INFO - [2025-12-16T16:44:37.172+0000] {dag.py:4180} INFO - Setting next_dagrun for etl_synthetic_events to None, run_after=None
[2025-12-16T16:44:37.210+0000] {processor.py:208} INFO - Processing /opt/airflow/dags/etl_airflow_dag.py took 0.751 seconds
[2025-12-16T16:45:07.649+0000] {processor.py:186} INFO - Started process (PID=1708) to work on /opt/airflow/dags/etl_airflow_dag.py
[2025-12-16T16:45:07.651+0000] {processor.py:914} INFO - Processing file /opt/airflow/dags/etl_airflow_dag.py for tasks to queue
[2025-12-16T16:45:07.656+0000] {logging_mixin.py:190} INFO - [2025-12-16T16:45:07.655+0000] {dagbag.py:588} INFO - Filling up the DagBag from /opt/airflow/dags/etl_airflow_dag.py
[2025-12-16T16:45:08.233+0000] {processor.py:925} INFO - DAG(s) 'etl_synthetic_events' retrieved from /opt/airflow/dags/etl_airflow_dag.py
[2025-12-16T16:45:08.280+0000] {logging_mixin.py:190} INFO - [2025-12-16T16:45:08.279+0000] {dag.py:3239} INFO - Sync 1 DAGs
[2025-12-16T16:45:08.316+0000] {logging_mixin.py:190} INFO - [2025-12-16T16:45:08.316+0000] {dag.py:4180} INFO - Setting next_dagrun for etl_synthetic_events to None, run_after=None
[2025-12-16T16:45:08.358+0000] {processor.py:208} INFO - Processing /opt/airflow/dags/etl_airflow_dag.py took 0.723 seconds
[2025-12-16T16:45:38.751+0000] {processor.py:186} INFO - Started process (PID=1714) to work on /opt/airflow/dags/etl_airflow_dag.py
[2025-12-16T16:45:38.753+0000] {processor.py:914} INFO - Processing file /opt/airflow/dags/etl_airflow_dag.py for tasks to queue
[2025-12-16T16:45:38.757+0000] {logging_mixin.py:190} INFO - [2025-12-16T16:45:38.756+0000] {dagbag.py:588} INFO - Filling up the DagBag from /opt/airflow/dags/etl_airflow_dag.py
[2025-12-16T16:45:39.206+0000] {processor.py:925} INFO - DAG(s) 'etl_synthetic_events' retrieved from /opt/airflow/dags/etl_airflow_dag.py
[2025-12-16T16:45:39.242+0000] {logging_mixin.py:190} INFO - [2025-12-16T16:45:39.241+0000] {dag.py:3239} INFO - Sync 1 DAGs
[2025-12-16T16:45:39.262+0000] {logging_mixin.py:190} INFO - [2025-12-16T16:45:39.262+0000] {dag.py:4180} INFO - Setting next_dagrun for etl_synthetic_events to None, run_after=None
[2025-12-16T16:45:39.292+0000] {processor.py:208} INFO - Processing /opt/airflow/dags/etl_airflow_dag.py took 0.551 seconds
[2025-12-16T16:46:09.687+0000] {processor.py:186} INFO - Started process (PID=1720) to work on /opt/airflow/dags/etl_airflow_dag.py
[2025-12-16T16:46:09.690+0000] {processor.py:914} INFO - Processing file /opt/airflow/dags/etl_airflow_dag.py for tasks to queue
[2025-12-16T16:46:09.695+0000] {logging_mixin.py:190} INFO - [2025-12-16T16:46:09.694+0000] {dagbag.py:588} INFO - Filling up the DagBag from /opt/airflow/dags/etl_airflow_dag.py
[2025-12-16T16:46:10.256+0000] {processor.py:925} INFO - DAG(s) 'etl_synthetic_events' retrieved from /opt/airflow/dags/etl_airflow_dag.py
[2025-12-16T16:46:10.297+0000] {logging_mixin.py:190} INFO - [2025-12-16T16:46:10.297+0000] {dag.py:3239} INFO - Sync 1 DAGs
[2025-12-16T16:46:10.322+0000] {logging_mixin.py:190} INFO - [2025-12-16T16:46:10.321+0000] {dag.py:4180} INFO - Setting next_dagrun for etl_synthetic_events to None, run_after=None
[2025-12-16T16:46:10.357+0000] {processor.py:208} INFO - Processing /opt/airflow/dags/etl_airflow_dag.py took 0.681 seconds
[2025-12-16T16:46:40.453+0000] {processor.py:186} INFO - Started process (PID=1726) to work on /opt/airflow/dags/etl_airflow_dag.py
[2025-12-16T16:46:40.455+0000] {processor.py:914} INFO - Processing file /opt/airflow/dags/etl_airflow_dag.py for tasks to queue
[2025-12-16T16:46:40.461+0000] {logging_mixin.py:190} INFO - [2025-12-16T16:46:40.460+0000] {dagbag.py:588} INFO - Filling up the DagBag from /opt/airflow/dags/etl_airflow_dag.py
[2025-12-16T16:46:40.925+0000] {processor.py:925} INFO - DAG(s) 'etl_synthetic_events' retrieved from /opt/airflow/dags/etl_airflow_dag.py
[2025-12-16T16:46:40.966+0000] {logging_mixin.py:190} INFO - [2025-12-16T16:46:40.965+0000] {dag.py:3239} INFO - Sync 1 DAGs
[2025-12-16T16:46:40.986+0000] {logging_mixin.py:190} INFO - [2025-12-16T16:46:40.986+0000] {dag.py:4180} INFO - Setting next_dagrun for etl_synthetic_events to None, run_after=None
[2025-12-16T16:46:41.018+0000] {processor.py:208} INFO - Processing /opt/airflow/dags/etl_airflow_dag.py took 0.576 seconds
[2025-12-16T16:47:11.389+0000] {processor.py:186} INFO - Started process (PID=1732) to work on /opt/airflow/dags/etl_airflow_dag.py
[2025-12-16T16:47:11.391+0000] {processor.py:914} INFO - Processing file /opt/airflow/dags/etl_airflow_dag.py for tasks to queue
[2025-12-16T16:47:11.397+0000] {logging_mixin.py:190} INFO - [2025-12-16T16:47:11.397+0000] {dagbag.py:588} INFO - Filling up the DagBag from /opt/airflow/dags/etl_airflow_dag.py
[2025-12-16T16:47:11.941+0000] {processor.py:925} INFO - DAG(s) 'etl_synthetic_events' retrieved from /opt/airflow/dags/etl_airflow_dag.py
[2025-12-16T16:47:11.989+0000] {logging_mixin.py:190} INFO - [2025-12-16T16:47:11.988+0000] {dag.py:3239} INFO - Sync 1 DAGs
[2025-12-16T16:47:12.013+0000] {logging_mixin.py:190} INFO - [2025-12-16T16:47:12.013+0000] {dag.py:4180} INFO - Setting next_dagrun for etl_synthetic_events to None, run_after=None
[2025-12-16T16:47:12.049+0000] {processor.py:208} INFO - Processing /opt/airflow/dags/etl_airflow_dag.py took 0.674 seconds
[2025-12-16T16:47:42.415+0000] {processor.py:186} INFO - Started process (PID=1738) to work on /opt/airflow/dags/etl_airflow_dag.py
[2025-12-16T16:47:42.417+0000] {processor.py:914} INFO - Processing file /opt/airflow/dags/etl_airflow_dag.py for tasks to queue
[2025-12-16T16:47:42.421+0000] {logging_mixin.py:190} INFO - [2025-12-16T16:47:42.420+0000] {dagbag.py:588} INFO - Filling up the DagBag from /opt/airflow/dags/etl_airflow_dag.py
[2025-12-16T16:47:42.865+0000] {processor.py:925} INFO - DAG(s) 'etl_synthetic_events' retrieved from /opt/airflow/dags/etl_airflow_dag.py
[2025-12-16T16:47:42.900+0000] {logging_mixin.py:190} INFO - [2025-12-16T16:47:42.899+0000] {dag.py:3239} INFO - Sync 1 DAGs
[2025-12-16T16:47:42.918+0000] {logging_mixin.py:190} INFO - [2025-12-16T16:47:42.918+0000] {dag.py:4180} INFO - Setting next_dagrun for etl_synthetic_events to None, run_after=None
[2025-12-16T16:47:42.948+0000] {processor.py:208} INFO - Processing /opt/airflow/dags/etl_airflow_dag.py took 0.541 seconds
[2025-12-16T16:48:13.334+0000] {processor.py:186} INFO - Started process (PID=1744) to work on /opt/airflow/dags/etl_airflow_dag.py
[2025-12-16T16:48:13.336+0000] {processor.py:914} INFO - Processing file /opt/airflow/dags/etl_airflow_dag.py for tasks to queue
[2025-12-16T16:48:13.342+0000] {logging_mixin.py:190} INFO - [2025-12-16T16:48:13.341+0000] {dagbag.py:588} INFO - Filling up the DagBag from /opt/airflow/dags/etl_airflow_dag.py
[2025-12-16T16:48:13.899+0000] {processor.py:925} INFO - DAG(s) 'etl_synthetic_events' retrieved from /opt/airflow/dags/etl_airflow_dag.py
[2025-12-16T16:48:13.946+0000] {logging_mixin.py:190} INFO - [2025-12-16T16:48:13.946+0000] {dag.py:3239} INFO - Sync 1 DAGs
[2025-12-16T16:48:13.974+0000] {logging_mixin.py:190} INFO - [2025-12-16T16:48:13.973+0000] {dag.py:4180} INFO - Setting next_dagrun for etl_synthetic_events to None, run_after=None
[2025-12-16T16:48:14.007+0000] {processor.py:208} INFO - Processing /opt/airflow/dags/etl_airflow_dag.py took 0.687 seconds
[2025-12-16T16:48:44.376+0000] {processor.py:186} INFO - Started process (PID=1750) to work on /opt/airflow/dags/etl_airflow_dag.py
[2025-12-16T16:48:44.378+0000] {processor.py:914} INFO - Processing file /opt/airflow/dags/etl_airflow_dag.py for tasks to queue
[2025-12-16T16:48:44.382+0000] {logging_mixin.py:190} INFO - [2025-12-16T16:48:44.381+0000] {dagbag.py:588} INFO - Filling up the DagBag from /opt/airflow/dags/etl_airflow_dag.py
[2025-12-16T16:48:44.816+0000] {processor.py:925} INFO - DAG(s) 'etl_synthetic_events' retrieved from /opt/airflow/dags/etl_airflow_dag.py
[2025-12-16T16:48:44.853+0000] {logging_mixin.py:190} INFO - [2025-12-16T16:48:44.852+0000] {dag.py:3239} INFO - Sync 1 DAGs
[2025-12-16T16:48:44.873+0000] {logging_mixin.py:190} INFO - [2025-12-16T16:48:44.872+0000] {dag.py:4180} INFO - Setting next_dagrun for etl_synthetic_events to None, run_after=None
[2025-12-16T16:48:44.901+0000] {processor.py:208} INFO - Processing /opt/airflow/dags/etl_airflow_dag.py took 0.534 seconds
[2025-12-16T16:49:15.369+0000] {processor.py:186} INFO - Started process (PID=1756) to work on /opt/airflow/dags/etl_airflow_dag.py
[2025-12-16T16:49:15.372+0000] {processor.py:914} INFO - Processing file /opt/airflow/dags/etl_airflow_dag.py for tasks to queue
[2025-12-16T16:49:15.377+0000] {logging_mixin.py:190} INFO - [2025-12-16T16:49:15.376+0000] {dagbag.py:588} INFO - Filling up the DagBag from /opt/airflow/dags/etl_airflow_dag.py
[2025-12-16T16:49:15.944+0000] {processor.py:925} INFO - DAG(s) 'etl_synthetic_events' retrieved from /opt/airflow/dags/etl_airflow_dag.py
[2025-12-16T16:49:15.987+0000] {logging_mixin.py:190} INFO - [2025-12-16T16:49:15.986+0000] {dag.py:3239} INFO - Sync 1 DAGs
[2025-12-16T16:49:16.010+0000] {logging_mixin.py:190} INFO - [2025-12-16T16:49:16.009+0000] {dag.py:4180} INFO - Setting next_dagrun for etl_synthetic_events to None, run_after=None
[2025-12-16T16:49:16.044+0000] {processor.py:208} INFO - Processing /opt/airflow/dags/etl_airflow_dag.py took 0.687 seconds
[2025-12-16T16:49:46.427+0000] {processor.py:186} INFO - Started process (PID=1762) to work on /opt/airflow/dags/etl_airflow_dag.py
[2025-12-16T16:49:46.429+0000] {processor.py:914} INFO - Processing file /opt/airflow/dags/etl_airflow_dag.py for tasks to queue
[2025-12-16T16:49:46.434+0000] {logging_mixin.py:190} INFO - [2025-12-16T16:49:46.433+0000] {dagbag.py:588} INFO - Filling up the DagBag from /opt/airflow/dags/etl_airflow_dag.py
[2025-12-16T16:49:46.839+0000] {processor.py:925} INFO - DAG(s) 'etl_synthetic_events' retrieved from /opt/airflow/dags/etl_airflow_dag.py
[2025-12-16T16:49:46.873+0000] {logging_mixin.py:190} INFO - [2025-12-16T16:49:46.873+0000] {dag.py:3239} INFO - Sync 1 DAGs
[2025-12-16T16:49:46.890+0000] {logging_mixin.py:190} INFO - [2025-12-16T16:49:46.890+0000] {dag.py:4180} INFO - Setting next_dagrun for etl_synthetic_events to None, run_after=None
[2025-12-16T16:49:46.919+0000] {processor.py:208} INFO - Processing /opt/airflow/dags/etl_airflow_dag.py took 0.500 seconds
[2025-12-16T16:50:17.281+0000] {processor.py:186} INFO - Started process (PID=1768) to work on /opt/airflow/dags/etl_airflow_dag.py
[2025-12-16T16:50:17.284+0000] {processor.py:914} INFO - Processing file /opt/airflow/dags/etl_airflow_dag.py for tasks to queue
[2025-12-16T16:50:17.291+0000] {logging_mixin.py:190} INFO - [2025-12-16T16:50:17.290+0000] {dagbag.py:588} INFO - Filling up the DagBag from /opt/airflow/dags/etl_airflow_dag.py
[2025-12-16T16:50:17.843+0000] {processor.py:925} INFO - DAG(s) 'etl_synthetic_events' retrieved from /opt/airflow/dags/etl_airflow_dag.py
[2025-12-16T16:50:17.887+0000] {logging_mixin.py:190} INFO - [2025-12-16T16:50:17.887+0000] {dag.py:3239} INFO - Sync 1 DAGs
[2025-12-16T16:50:17.912+0000] {logging_mixin.py:190} INFO - [2025-12-16T16:50:17.912+0000] {dag.py:4180} INFO - Setting next_dagrun for etl_synthetic_events to None, run_after=None
[2025-12-16T16:50:17.948+0000] {processor.py:208} INFO - Processing /opt/airflow/dags/etl_airflow_dag.py took 0.678 seconds
[2025-12-16T16:50:48.372+0000] {processor.py:186} INFO - Started process (PID=1774) to work on /opt/airflow/dags/etl_airflow_dag.py
[2025-12-16T16:50:48.374+0000] {processor.py:914} INFO - Processing file /opt/airflow/dags/etl_airflow_dag.py for tasks to queue
[2025-12-16T16:50:48.379+0000] {logging_mixin.py:190} INFO - [2025-12-16T16:50:48.378+0000] {dagbag.py:588} INFO - Filling up the DagBag from /opt/airflow/dags/etl_airflow_dag.py
[2025-12-16T16:50:48.922+0000] {processor.py:925} INFO - DAG(s) 'etl_synthetic_events' retrieved from /opt/airflow/dags/etl_airflow_dag.py
[2025-12-16T16:50:48.981+0000] {logging_mixin.py:190} INFO - [2025-12-16T16:50:48.981+0000] {dag.py:3239} INFO - Sync 1 DAGs
[2025-12-16T16:50:49.003+0000] {logging_mixin.py:190} INFO - [2025-12-16T16:50:49.002+0000] {dag.py:4180} INFO - Setting next_dagrun for etl_synthetic_events to None, run_after=None
[2025-12-16T16:50:49.036+0000] {processor.py:208} INFO - Processing /opt/airflow/dags/etl_airflow_dag.py took 0.676 seconds
[2025-12-16T16:51:19.479+0000] {processor.py:186} INFO - Started process (PID=1780) to work on /opt/airflow/dags/etl_airflow_dag.py
[2025-12-16T16:51:19.481+0000] {processor.py:914} INFO - Processing file /opt/airflow/dags/etl_airflow_dag.py for tasks to queue
[2025-12-16T16:51:19.486+0000] {logging_mixin.py:190} INFO - [2025-12-16T16:51:19.486+0000] {dagbag.py:588} INFO - Filling up the DagBag from /opt/airflow/dags/etl_airflow_dag.py
[2025-12-16T16:51:20.029+0000] {processor.py:925} INFO - DAG(s) 'etl_synthetic_events' retrieved from /opt/airflow/dags/etl_airflow_dag.py
[2025-12-16T16:51:20.075+0000] {logging_mixin.py:190} INFO - [2025-12-16T16:51:20.074+0000] {dag.py:3239} INFO - Sync 1 DAGs
[2025-12-16T16:51:20.098+0000] {logging_mixin.py:190} INFO - [2025-12-16T16:51:20.098+0000] {dag.py:4180} INFO - Setting next_dagrun for etl_synthetic_events to None, run_after=None
[2025-12-16T16:51:20.134+0000] {processor.py:208} INFO - Processing /opt/airflow/dags/etl_airflow_dag.py took 0.668 seconds
[2025-12-16T16:51:50.505+0000] {processor.py:186} INFO - Started process (PID=1786) to work on /opt/airflow/dags/etl_airflow_dag.py
[2025-12-16T16:51:50.508+0000] {processor.py:914} INFO - Processing file /opt/airflow/dags/etl_airflow_dag.py for tasks to queue
[2025-12-16T16:51:50.513+0000] {logging_mixin.py:190} INFO - [2025-12-16T16:51:50.512+0000] {dagbag.py:588} INFO - Filling up the DagBag from /opt/airflow/dags/etl_airflow_dag.py
[2025-12-16T16:51:51.055+0000] {processor.py:925} INFO - DAG(s) 'etl_synthetic_events' retrieved from /opt/airflow/dags/etl_airflow_dag.py
[2025-12-16T16:51:51.098+0000] {logging_mixin.py:190} INFO - [2025-12-16T16:51:51.097+0000] {dag.py:3239} INFO - Sync 1 DAGs
[2025-12-16T16:51:51.119+0000] {logging_mixin.py:190} INFO - [2025-12-16T16:51:51.118+0000] {dag.py:4180} INFO - Setting next_dagrun for etl_synthetic_events to None, run_after=None
[2025-12-16T16:51:51.149+0000] {processor.py:208} INFO - Processing /opt/airflow/dags/etl_airflow_dag.py took 0.654 seconds
[2025-12-16T16:52:21.522+0000] {processor.py:186} INFO - Started process (PID=1792) to work on /opt/airflow/dags/etl_airflow_dag.py
[2025-12-16T16:52:21.524+0000] {processor.py:914} INFO - Processing file /opt/airflow/dags/etl_airflow_dag.py for tasks to queue
[2025-12-16T16:52:21.530+0000] {logging_mixin.py:190} INFO - [2025-12-16T16:52:21.530+0000] {dagbag.py:588} INFO - Filling up the DagBag from /opt/airflow/dags/etl_airflow_dag.py
[2025-12-16T16:52:22.075+0000] {processor.py:925} INFO - DAG(s) 'etl_synthetic_events' retrieved from /opt/airflow/dags/etl_airflow_dag.py
[2025-12-16T16:52:22.117+0000] {logging_mixin.py:190} INFO - [2025-12-16T16:52:22.117+0000] {dag.py:3239} INFO - Sync 1 DAGs
[2025-12-16T16:52:22.141+0000] {logging_mixin.py:190} INFO - [2025-12-16T16:52:22.140+0000] {dag.py:4180} INFO - Setting next_dagrun for etl_synthetic_events to None, run_after=None
[2025-12-16T16:52:22.174+0000] {processor.py:208} INFO - Processing /opt/airflow/dags/etl_airflow_dag.py took 0.664 seconds
[2025-12-16T16:52:52.579+0000] {processor.py:186} INFO - Started process (PID=1798) to work on /opt/airflow/dags/etl_airflow_dag.py
[2025-12-16T16:52:52.582+0000] {processor.py:914} INFO - Processing file /opt/airflow/dags/etl_airflow_dag.py for tasks to queue
[2025-12-16T16:52:52.587+0000] {logging_mixin.py:190} INFO - [2025-12-16T16:52:52.586+0000] {dagbag.py:588} INFO - Filling up the DagBag from /opt/airflow/dags/etl_airflow_dag.py
[2025-12-16T16:52:53.136+0000] {processor.py:925} INFO - DAG(s) 'etl_synthetic_events' retrieved from /opt/airflow/dags/etl_airflow_dag.py
[2025-12-16T16:52:53.178+0000] {logging_mixin.py:190} INFO - [2025-12-16T16:52:53.178+0000] {dag.py:3239} INFO - Sync 1 DAGs
[2025-12-16T16:52:53.205+0000] {logging_mixin.py:190} INFO - [2025-12-16T16:52:53.204+0000] {dag.py:4180} INFO - Setting next_dagrun for etl_synthetic_events to None, run_after=None
[2025-12-16T16:52:53.252+0000] {processor.py:208} INFO - Processing /opt/airflow/dags/etl_airflow_dag.py took 0.686 seconds
[2025-12-16T16:53:23.444+0000] {processor.py:186} INFO - Started process (PID=1804) to work on /opt/airflow/dags/etl_airflow_dag.py
[2025-12-16T16:53:23.447+0000] {processor.py:914} INFO - Processing file /opt/airflow/dags/etl_airflow_dag.py for tasks to queue
[2025-12-16T16:53:23.452+0000] {logging_mixin.py:190} INFO - [2025-12-16T16:53:23.452+0000] {dagbag.py:588} INFO - Filling up the DagBag from /opt/airflow/dags/etl_airflow_dag.py
[2025-12-16T16:53:24.011+0000] {processor.py:925} INFO - DAG(s) 'etl_synthetic_events' retrieved from /opt/airflow/dags/etl_airflow_dag.py
[2025-12-16T16:53:24.066+0000] {logging_mixin.py:190} INFO - [2025-12-16T16:53:24.064+0000] {dag.py:3239} INFO - Sync 1 DAGs
[2025-12-16T16:53:24.101+0000] {logging_mixin.py:190} INFO - [2025-12-16T16:53:24.101+0000] {dag.py:4180} INFO - Setting next_dagrun for etl_synthetic_events to None, run_after=None
[2025-12-16T16:53:24.139+0000] {processor.py:208} INFO - Processing /opt/airflow/dags/etl_airflow_dag.py took 0.708 seconds
[2025-12-16T16:53:54.577+0000] {processor.py:186} INFO - Started process (PID=1810) to work on /opt/airflow/dags/etl_airflow_dag.py
[2025-12-16T16:53:54.579+0000] {processor.py:914} INFO - Processing file /opt/airflow/dags/etl_airflow_dag.py for tasks to queue
[2025-12-16T16:53:54.585+0000] {logging_mixin.py:190} INFO - [2025-12-16T16:53:54.584+0000] {dagbag.py:588} INFO - Filling up the DagBag from /opt/airflow/dags/etl_airflow_dag.py
[2025-12-16T16:53:55.112+0000] {processor.py:925} INFO - DAG(s) 'etl_synthetic_events' retrieved from /opt/airflow/dags/etl_airflow_dag.py
[2025-12-16T16:53:55.158+0000] {logging_mixin.py:190} INFO - [2025-12-16T16:53:55.157+0000] {dag.py:3239} INFO - Sync 1 DAGs
[2025-12-16T16:53:55.180+0000] {logging_mixin.py:190} INFO - [2025-12-16T16:53:55.180+0000] {dag.py:4180} INFO - Setting next_dagrun for etl_synthetic_events to None, run_after=None
[2025-12-16T16:53:55.214+0000] {processor.py:208} INFO - Processing /opt/airflow/dags/etl_airflow_dag.py took 0.657 seconds
[2025-12-16T16:54:25.641+0000] {processor.py:186} INFO - Started process (PID=1816) to work on /opt/airflow/dags/etl_airflow_dag.py
[2025-12-16T16:54:25.644+0000] {processor.py:914} INFO - Processing file /opt/airflow/dags/etl_airflow_dag.py for tasks to queue
[2025-12-16T16:54:25.649+0000] {logging_mixin.py:190} INFO - [2025-12-16T16:54:25.648+0000] {dagbag.py:588} INFO - Filling up the DagBag from /opt/airflow/dags/etl_airflow_dag.py
[2025-12-16T16:54:26.336+0000] {processor.py:925} INFO - DAG(s) 'etl_synthetic_events' retrieved from /opt/airflow/dags/etl_airflow_dag.py
[2025-12-16T16:54:26.390+0000] {logging_mixin.py:190} INFO - [2025-12-16T16:54:26.389+0000] {dag.py:3239} INFO - Sync 1 DAGs
[2025-12-16T16:54:26.416+0000] {logging_mixin.py:190} INFO - [2025-12-16T16:54:26.415+0000] {dag.py:4180} INFO - Setting next_dagrun for etl_synthetic_events to None, run_after=None
[2025-12-16T16:54:26.454+0000] {processor.py:208} INFO - Processing /opt/airflow/dags/etl_airflow_dag.py took 0.822 seconds
[2025-12-16T16:54:56.850+0000] {processor.py:186} INFO - Started process (PID=1822) to work on /opt/airflow/dags/etl_airflow_dag.py
[2025-12-16T16:54:56.853+0000] {processor.py:914} INFO - Processing file /opt/airflow/dags/etl_airflow_dag.py for tasks to queue
[2025-12-16T16:54:56.857+0000] {logging_mixin.py:190} INFO - [2025-12-16T16:54:56.857+0000] {dagbag.py:588} INFO - Filling up the DagBag from /opt/airflow/dags/etl_airflow_dag.py
[2025-12-16T16:54:57.375+0000] {processor.py:925} INFO - DAG(s) 'etl_synthetic_events' retrieved from /opt/airflow/dags/etl_airflow_dag.py
[2025-12-16T16:54:57.420+0000] {logging_mixin.py:190} INFO - [2025-12-16T16:54:57.419+0000] {dag.py:3239} INFO - Sync 1 DAGs
[2025-12-16T16:54:57.443+0000] {logging_mixin.py:190} INFO - [2025-12-16T16:54:57.443+0000] {dag.py:4180} INFO - Setting next_dagrun for etl_synthetic_events to None, run_after=None
[2025-12-16T16:54:57.481+0000] {processor.py:208} INFO - Processing /opt/airflow/dags/etl_airflow_dag.py took 0.642 seconds
[2025-12-16T16:55:28.075+0000] {processor.py:186} INFO - Started process (PID=1828) to work on /opt/airflow/dags/etl_airflow_dag.py
[2025-12-16T16:55:28.079+0000] {processor.py:914} INFO - Processing file /opt/airflow/dags/etl_airflow_dag.py for tasks to queue
[2025-12-16T16:55:28.089+0000] {logging_mixin.py:190} INFO - [2025-12-16T16:55:28.088+0000] {dagbag.py:588} INFO - Filling up the DagBag from /opt/airflow/dags/etl_airflow_dag.py
[2025-12-16T16:55:29.068+0000] {processor.py:925} INFO - DAG(s) 'etl_synthetic_events' retrieved from /opt/airflow/dags/etl_airflow_dag.py
[2025-12-16T16:55:29.131+0000] {logging_mixin.py:190} INFO - [2025-12-16T16:55:29.130+0000] {dag.py:3239} INFO - Sync 1 DAGs
[2025-12-16T16:55:29.166+0000] {logging_mixin.py:190} INFO - [2025-12-16T16:55:29.165+0000] {dag.py:4180} INFO - Setting next_dagrun for etl_synthetic_events to None, run_after=None
[2025-12-16T16:55:29.215+0000] {processor.py:208} INFO - Processing /opt/airflow/dags/etl_airflow_dag.py took 1.168 seconds
[2025-12-16T16:55:59.426+0000] {processor.py:186} INFO - Started process (PID=1834) to work on /opt/airflow/dags/etl_airflow_dag.py
[2025-12-16T16:55:59.428+0000] {processor.py:914} INFO - Processing file /opt/airflow/dags/etl_airflow_dag.py for tasks to queue
[2025-12-16T16:55:59.433+0000] {logging_mixin.py:190} INFO - [2025-12-16T16:55:59.432+0000] {dagbag.py:588} INFO - Filling up the DagBag from /opt/airflow/dags/etl_airflow_dag.py
[2025-12-16T16:56:00.026+0000] {processor.py:925} INFO - DAG(s) 'etl_synthetic_events' retrieved from /opt/airflow/dags/etl_airflow_dag.py
[2025-12-16T16:56:00.070+0000] {logging_mixin.py:190} INFO - [2025-12-16T16:56:00.070+0000] {dag.py:3239} INFO - Sync 1 DAGs
[2025-12-16T16:56:00.099+0000] {logging_mixin.py:190} INFO - [2025-12-16T16:56:00.099+0000] {dag.py:4180} INFO - Setting next_dagrun for etl_synthetic_events to None, run_after=None
[2025-12-16T16:56:00.134+0000] {processor.py:208} INFO - Processing /opt/airflow/dags/etl_airflow_dag.py took 0.719 seconds
[2025-12-16T16:56:30.591+0000] {processor.py:186} INFO - Started process (PID=1840) to work on /opt/airflow/dags/etl_airflow_dag.py
[2025-12-16T16:56:30.593+0000] {processor.py:914} INFO - Processing file /opt/airflow/dags/etl_airflow_dag.py for tasks to queue
[2025-12-16T16:56:30.597+0000] {logging_mixin.py:190} INFO - [2025-12-16T16:56:30.597+0000] {dagbag.py:588} INFO - Filling up the DagBag from /opt/airflow/dags/etl_airflow_dag.py
[2025-12-16T16:56:31.207+0000] {processor.py:925} INFO - DAG(s) 'etl_synthetic_events' retrieved from /opt/airflow/dags/etl_airflow_dag.py
[2025-12-16T16:56:31.253+0000] {logging_mixin.py:190} INFO - [2025-12-16T16:56:31.253+0000] {dag.py:3239} INFO - Sync 1 DAGs
[2025-12-16T16:56:31.281+0000] {logging_mixin.py:190} INFO - [2025-12-16T16:56:31.280+0000] {dag.py:4180} INFO - Setting next_dagrun for etl_synthetic_events to None, run_after=None
[2025-12-16T16:56:31.320+0000] {processor.py:208} INFO - Processing /opt/airflow/dags/etl_airflow_dag.py took 0.740 seconds
[2025-12-16T16:58:33.814+0000] {processor.py:186} INFO - Started process (PID=1846) to work on /opt/airflow/dags/etl_airflow_dag.py
[2025-12-16T16:58:33.827+0000] {processor.py:914} INFO - Processing file /opt/airflow/dags/etl_airflow_dag.py for tasks to queue
[2025-12-16T16:58:33.840+0000] {logging_mixin.py:190} INFO - [2025-12-16T16:58:33.839+0000] {dagbag.py:588} INFO - Filling up the DagBag from /opt/airflow/dags/etl_airflow_dag.py
[2025-12-16T16:59:10.459+0000] {processor.py:925} INFO - DAG(s) 'etl_synthetic_events' retrieved from /opt/airflow/dags/etl_airflow_dag.py
[2025-12-16T16:59:10.663+0000] {logging_mixin.py:190} INFO - [2025-12-16T16:59:10.661+0000] {dag.py:3239} INFO - Sync 1 DAGs
[2025-12-16T16:59:10.779+0000] {logging_mixin.py:190} INFO - [2025-12-16T16:59:10.779+0000] {dag.py:4180} INFO - Setting next_dagrun for etl_synthetic_events to None, run_after=None
[2025-12-16T16:59:10.906+0000] {processor.py:208} INFO - Processing /opt/airflow/dags/etl_airflow_dag.py took 4.260 seconds
[2025-12-16T16:59:41.294+0000] {processor.py:186} INFO - Started process (PID=1852) to work on /opt/airflow/dags/etl_airflow_dag.py
[2025-12-16T16:59:41.299+0000] {processor.py:914} INFO - Processing file /opt/airflow/dags/etl_airflow_dag.py for tasks to queue
[2025-12-16T16:59:41.309+0000] {logging_mixin.py:190} INFO - [2025-12-16T16:59:41.308+0000] {dagbag.py:588} INFO - Filling up the DagBag from /opt/airflow/dags/etl_airflow_dag.py
[2025-12-16T16:59:42.106+0000] {processor.py:925} INFO - DAG(s) 'etl_synthetic_events' retrieved from /opt/airflow/dags/etl_airflow_dag.py
[2025-12-16T16:59:42.171+0000] {logging_mixin.py:190} INFO - [2025-12-16T16:59:42.170+0000] {dag.py:3239} INFO - Sync 1 DAGs
[2025-12-16T16:59:42.229+0000] {logging_mixin.py:190} INFO - [2025-12-16T16:59:42.229+0000] {dag.py:4180} INFO - Setting next_dagrun for etl_synthetic_events to None, run_after=None
[2025-12-16T16:59:42.304+0000] {processor.py:208} INFO - Processing /opt/airflow/dags/etl_airflow_dag.py took 1.031 seconds
[2025-12-16T17:00:12.751+0000] {processor.py:186} INFO - Started process (PID=1858) to work on /opt/airflow/dags/etl_airflow_dag.py
[2025-12-16T17:00:12.754+0000] {processor.py:914} INFO - Processing file /opt/airflow/dags/etl_airflow_dag.py for tasks to queue
[2025-12-16T17:00:12.761+0000] {logging_mixin.py:190} INFO - [2025-12-16T17:00:12.760+0000] {dagbag.py:588} INFO - Filling up the DagBag from /opt/airflow/dags/etl_airflow_dag.py
[2025-12-16T17:00:13.424+0000] {processor.py:925} INFO - DAG(s) 'etl_synthetic_events' retrieved from /opt/airflow/dags/etl_airflow_dag.py
[2025-12-16T17:00:13.487+0000] {logging_mixin.py:190} INFO - [2025-12-16T17:00:13.486+0000] {dag.py:3239} INFO - Sync 1 DAGs
[2025-12-16T17:00:13.545+0000] {logging_mixin.py:190} INFO - [2025-12-16T17:00:13.544+0000] {dag.py:4180} INFO - Setting next_dagrun for etl_synthetic_events to None, run_after=None
[2025-12-16T17:00:13.597+0000] {processor.py:208} INFO - Processing /opt/airflow/dags/etl_airflow_dag.py took 0.860 seconds
[2025-12-16T17:00:44.171+0000] {processor.py:186} INFO - Started process (PID=1864) to work on /opt/airflow/dags/etl_airflow_dag.py
[2025-12-16T17:00:44.175+0000] {processor.py:914} INFO - Processing file /opt/airflow/dags/etl_airflow_dag.py for tasks to queue
[2025-12-16T17:00:44.184+0000] {logging_mixin.py:190} INFO - [2025-12-16T17:00:44.183+0000] {dagbag.py:588} INFO - Filling up the DagBag from /opt/airflow/dags/etl_airflow_dag.py
[2025-12-16T17:00:45.035+0000] {processor.py:925} INFO - DAG(s) 'etl_synthetic_events' retrieved from /opt/airflow/dags/etl_airflow_dag.py
[2025-12-16T17:00:45.093+0000] {logging_mixin.py:190} INFO - [2025-12-16T17:00:45.092+0000] {dag.py:3239} INFO - Sync 1 DAGs
[2025-12-16T17:00:45.129+0000] {logging_mixin.py:190} INFO - [2025-12-16T17:00:45.129+0000] {dag.py:4180} INFO - Setting next_dagrun for etl_synthetic_events to None, run_after=None
[2025-12-16T17:00:45.183+0000] {processor.py:208} INFO - Processing /opt/airflow/dags/etl_airflow_dag.py took 1.036 seconds
[2025-12-16T17:01:15.823+0000] {processor.py:186} INFO - Started process (PID=1870) to work on /opt/airflow/dags/etl_airflow_dag.py
[2025-12-16T17:01:15.826+0000] {processor.py:914} INFO - Processing file /opt/airflow/dags/etl_airflow_dag.py for tasks to queue
[2025-12-16T17:01:15.834+0000] {logging_mixin.py:190} INFO - [2025-12-16T17:01:15.833+0000] {dagbag.py:588} INFO - Filling up the DagBag from /opt/airflow/dags/etl_airflow_dag.py
[2025-12-16T17:01:16.634+0000] {processor.py:925} INFO - DAG(s) 'etl_synthetic_events' retrieved from /opt/airflow/dags/etl_airflow_dag.py
[2025-12-16T17:01:16.690+0000] {logging_mixin.py:190} INFO - [2025-12-16T17:01:16.689+0000] {dag.py:3239} INFO - Sync 1 DAGs
[2025-12-16T17:01:16.722+0000] {logging_mixin.py:190} INFO - [2025-12-16T17:01:16.721+0000] {dag.py:4180} INFO - Setting next_dagrun for etl_synthetic_events to None, run_after=None
[2025-12-16T17:01:16.794+0000] {processor.py:208} INFO - Processing /opt/airflow/dags/etl_airflow_dag.py took 0.984 seconds
[2025-12-16T17:01:47.320+0000] {processor.py:186} INFO - Started process (PID=1876) to work on /opt/airflow/dags/etl_airflow_dag.py
[2025-12-16T17:01:47.323+0000] {processor.py:914} INFO - Processing file /opt/airflow/dags/etl_airflow_dag.py for tasks to queue
[2025-12-16T17:01:47.330+0000] {logging_mixin.py:190} INFO - [2025-12-16T17:01:47.329+0000] {dagbag.py:588} INFO - Filling up the DagBag from /opt/airflow/dags/etl_airflow_dag.py
[2025-12-16T17:01:48.075+0000] {processor.py:925} INFO - DAG(s) 'etl_synthetic_events' retrieved from /opt/airflow/dags/etl_airflow_dag.py
[2025-12-16T17:01:48.137+0000] {logging_mixin.py:190} INFO - [2025-12-16T17:01:48.137+0000] {dag.py:3239} INFO - Sync 1 DAGs
[2025-12-16T17:01:48.180+0000] {logging_mixin.py:190} INFO - [2025-12-16T17:01:48.179+0000] {dag.py:4180} INFO - Setting next_dagrun for etl_synthetic_events to None, run_after=None
[2025-12-16T17:01:48.246+0000] {processor.py:208} INFO - Processing /opt/airflow/dags/etl_airflow_dag.py took 0.940 seconds
[2025-12-16T17:02:18.788+0000] {processor.py:186} INFO - Started process (PID=1882) to work on /opt/airflow/dags/etl_airflow_dag.py
[2025-12-16T17:02:18.791+0000] {processor.py:914} INFO - Processing file /opt/airflow/dags/etl_airflow_dag.py for tasks to queue
[2025-12-16T17:02:18.797+0000] {logging_mixin.py:190} INFO - [2025-12-16T17:02:18.796+0000] {dagbag.py:588} INFO - Filling up the DagBag from /opt/airflow/dags/etl_airflow_dag.py
[2025-12-16T17:02:19.509+0000] {processor.py:925} INFO - DAG(s) 'etl_synthetic_events' retrieved from /opt/airflow/dags/etl_airflow_dag.py
[2025-12-16T17:02:19.560+0000] {logging_mixin.py:190} INFO - [2025-12-16T17:02:19.560+0000] {dag.py:3239} INFO - Sync 1 DAGs
[2025-12-16T17:02:19.588+0000] {logging_mixin.py:190} INFO - [2025-12-16T17:02:19.587+0000] {dag.py:4180} INFO - Setting next_dagrun for etl_synthetic_events to None, run_after=None
[2025-12-16T17:02:19.634+0000] {processor.py:208} INFO - Processing /opt/airflow/dags/etl_airflow_dag.py took 0.866 seconds
[2025-12-16T17:02:50.181+0000] {processor.py:186} INFO - Started process (PID=1888) to work on /opt/airflow/dags/etl_airflow_dag.py
[2025-12-16T17:02:50.183+0000] {processor.py:914} INFO - Processing file /opt/airflow/dags/etl_airflow_dag.py for tasks to queue
[2025-12-16T17:02:50.189+0000] {logging_mixin.py:190} INFO - [2025-12-16T17:02:50.188+0000] {dagbag.py:588} INFO - Filling up the DagBag from /opt/airflow/dags/etl_airflow_dag.py
[2025-12-16T17:02:51.188+0000] {processor.py:925} INFO - DAG(s) 'etl_synthetic_events' retrieved from /opt/airflow/dags/etl_airflow_dag.py
[2025-12-16T17:02:51.253+0000] {logging_mixin.py:190} INFO - [2025-12-16T17:02:51.252+0000] {dag.py:3239} INFO - Sync 1 DAGs
[2025-12-16T17:02:51.286+0000] {logging_mixin.py:190} INFO - [2025-12-16T17:02:51.285+0000] {dag.py:4180} INFO - Setting next_dagrun for etl_synthetic_events to None, run_after=None
[2025-12-16T17:02:51.342+0000] {processor.py:208} INFO - Processing /opt/airflow/dags/etl_airflow_dag.py took 1.184 seconds
[2025-12-16T17:03:21.701+0000] {processor.py:186} INFO - Started process (PID=1894) to work on /opt/airflow/dags/etl_airflow_dag.py
[2025-12-16T17:03:21.704+0000] {processor.py:914} INFO - Processing file /opt/airflow/dags/etl_airflow_dag.py for tasks to queue
[2025-12-16T17:03:21.711+0000] {logging_mixin.py:190} INFO - [2025-12-16T17:03:21.710+0000] {dagbag.py:588} INFO - Filling up the DagBag from /opt/airflow/dags/etl_airflow_dag.py
[2025-12-16T17:03:22.567+0000] {processor.py:925} INFO - DAG(s) 'etl_synthetic_events' retrieved from /opt/airflow/dags/etl_airflow_dag.py
[2025-12-16T17:03:22.646+0000] {logging_mixin.py:190} INFO - [2025-12-16T17:03:22.645+0000] {dag.py:3239} INFO - Sync 1 DAGs
[2025-12-16T17:03:22.686+0000] {logging_mixin.py:190} INFO - [2025-12-16T17:03:22.685+0000] {dag.py:4180} INFO - Setting next_dagrun for etl_synthetic_events to None, run_after=None
[2025-12-16T17:03:22.734+0000] {processor.py:208} INFO - Processing /opt/airflow/dags/etl_airflow_dag.py took 1.050 seconds
[2025-12-16T17:03:53.276+0000] {processor.py:186} INFO - Started process (PID=1900) to work on /opt/airflow/dags/etl_airflow_dag.py
[2025-12-16T17:03:53.280+0000] {processor.py:914} INFO - Processing file /opt/airflow/dags/etl_airflow_dag.py for tasks to queue
[2025-12-16T17:03:53.289+0000] {logging_mixin.py:190} INFO - [2025-12-16T17:03:53.287+0000] {dagbag.py:588} INFO - Filling up the DagBag from /opt/airflow/dags/etl_airflow_dag.py
[2025-12-16T17:03:54.064+0000] {processor.py:925} INFO - DAG(s) 'etl_synthetic_events' retrieved from /opt/airflow/dags/etl_airflow_dag.py
[2025-12-16T17:03:54.116+0000] {logging_mixin.py:190} INFO - [2025-12-16T17:03:54.115+0000] {dag.py:3239} INFO - Sync 1 DAGs
[2025-12-16T17:03:54.145+0000] {logging_mixin.py:190} INFO - [2025-12-16T17:03:54.145+0000] {dag.py:4180} INFO - Setting next_dagrun for etl_synthetic_events to None, run_after=None
[2025-12-16T17:03:54.190+0000] {processor.py:208} INFO - Processing /opt/airflow/dags/etl_airflow_dag.py took 0.935 seconds
[2025-12-16T17:04:24.845+0000] {processor.py:186} INFO - Started process (PID=1906) to work on /opt/airflow/dags/etl_airflow_dag.py
[2025-12-16T17:04:24.850+0000] {processor.py:914} INFO - Processing file /opt/airflow/dags/etl_airflow_dag.py for tasks to queue
[2025-12-16T17:04:24.860+0000] {logging_mixin.py:190} INFO - [2025-12-16T17:04:24.858+0000] {dagbag.py:588} INFO - Filling up the DagBag from /opt/airflow/dags/etl_airflow_dag.py
[2025-12-16T17:04:25.675+0000] {processor.py:925} INFO - DAG(s) 'etl_synthetic_events' retrieved from /opt/airflow/dags/etl_airflow_dag.py
[2025-12-16T17:04:25.743+0000] {logging_mixin.py:190} INFO - [2025-12-16T17:04:25.742+0000] {dag.py:3239} INFO - Sync 1 DAGs
[2025-12-16T17:04:25.775+0000] {logging_mixin.py:190} INFO - [2025-12-16T17:04:25.775+0000] {dag.py:4180} INFO - Setting next_dagrun for etl_synthetic_events to None, run_after=None
[2025-12-16T17:04:25.829+0000] {processor.py:208} INFO - Processing /opt/airflow/dags/etl_airflow_dag.py took 1.011 seconds
[2025-12-16T17:04:56.390+0000] {processor.py:186} INFO - Started process (PID=1912) to work on /opt/airflow/dags/etl_airflow_dag.py
[2025-12-16T17:04:56.393+0000] {processor.py:914} INFO - Processing file /opt/airflow/dags/etl_airflow_dag.py for tasks to queue
[2025-12-16T17:04:56.401+0000] {logging_mixin.py:190} INFO - [2025-12-16T17:04:56.400+0000] {dagbag.py:588} INFO - Filling up the DagBag from /opt/airflow/dags/etl_airflow_dag.py
[2025-12-16T17:04:57.220+0000] {processor.py:925} INFO - DAG(s) 'etl_synthetic_events' retrieved from /opt/airflow/dags/etl_airflow_dag.py
[2025-12-16T17:04:57.280+0000] {logging_mixin.py:190} INFO - [2025-12-16T17:04:57.279+0000] {dag.py:3239} INFO - Sync 1 DAGs
[2025-12-16T17:04:57.311+0000] {logging_mixin.py:190} INFO - [2025-12-16T17:04:57.310+0000] {dag.py:4180} INFO - Setting next_dagrun for etl_synthetic_events to None, run_after=None
[2025-12-16T17:04:57.353+0000] {processor.py:208} INFO - Processing /opt/airflow/dags/etl_airflow_dag.py took 0.978 seconds
[2025-12-16T17:05:27.905+0000] {processor.py:186} INFO - Started process (PID=1918) to work on /opt/airflow/dags/etl_airflow_dag.py
[2025-12-16T17:05:27.910+0000] {processor.py:914} INFO - Processing file /opt/airflow/dags/etl_airflow_dag.py for tasks to queue
[2025-12-16T17:05:27.919+0000] {logging_mixin.py:190} INFO - [2025-12-16T17:05:27.918+0000] {dagbag.py:588} INFO - Filling up the DagBag from /opt/airflow/dags/etl_airflow_dag.py
[2025-12-16T17:05:28.896+0000] {processor.py:925} INFO - DAG(s) 'etl_synthetic_events' retrieved from /opt/airflow/dags/etl_airflow_dag.py
[2025-12-16T17:05:28.958+0000] {logging_mixin.py:190} INFO - [2025-12-16T17:05:28.957+0000] {dag.py:3239} INFO - Sync 1 DAGs
[2025-12-16T17:05:28.995+0000] {logging_mixin.py:190} INFO - [2025-12-16T17:05:28.994+0000] {dag.py:4180} INFO - Setting next_dagrun for etl_synthetic_events to None, run_after=None
[2025-12-16T17:05:29.047+0000] {processor.py:208} INFO - Processing /opt/airflow/dags/etl_airflow_dag.py took 1.161 seconds
[2025-12-16T17:05:59.437+0000] {processor.py:186} INFO - Started process (PID=1924) to work on /opt/airflow/dags/etl_airflow_dag.py
[2025-12-16T17:05:59.440+0000] {processor.py:914} INFO - Processing file /opt/airflow/dags/etl_airflow_dag.py for tasks to queue
[2025-12-16T17:05:59.449+0000] {logging_mixin.py:190} INFO - [2025-12-16T17:05:59.448+0000] {dagbag.py:588} INFO - Filling up the DagBag from /opt/airflow/dags/etl_airflow_dag.py
[2025-12-16T17:06:00.304+0000] {processor.py:925} INFO - DAG(s) 'etl_synthetic_events' retrieved from /opt/airflow/dags/etl_airflow_dag.py
[2025-12-16T17:06:00.375+0000] {logging_mixin.py:190} INFO - [2025-12-16T17:06:00.374+0000] {dag.py:3239} INFO - Sync 1 DAGs
[2025-12-16T17:06:00.424+0000] {logging_mixin.py:190} INFO - [2025-12-16T17:06:00.423+0000] {dag.py:4180} INFO - Setting next_dagrun for etl_synthetic_events to None, run_after=None
[2025-12-16T17:06:00.480+0000] {processor.py:208} INFO - Processing /opt/airflow/dags/etl_airflow_dag.py took 1.060 seconds
[2025-12-16T17:06:30.929+0000] {processor.py:186} INFO - Started process (PID=1930) to work on /opt/airflow/dags/etl_airflow_dag.py
[2025-12-16T17:06:30.932+0000] {processor.py:914} INFO - Processing file /opt/airflow/dags/etl_airflow_dag.py for tasks to queue
[2025-12-16T17:06:30.939+0000] {logging_mixin.py:190} INFO - [2025-12-16T17:06:30.938+0000] {dagbag.py:588} INFO - Filling up the DagBag from /opt/airflow/dags/etl_airflow_dag.py
[2025-12-16T17:06:31.829+0000] {processor.py:925} INFO - DAG(s) 'etl_synthetic_events' retrieved from /opt/airflow/dags/etl_airflow_dag.py
[2025-12-16T17:06:31.894+0000] {logging_mixin.py:190} INFO - [2025-12-16T17:06:31.894+0000] {dag.py:3239} INFO - Sync 1 DAGs
[2025-12-16T17:06:31.930+0000] {logging_mixin.py:190} INFO - [2025-12-16T17:06:31.929+0000] {dag.py:4180} INFO - Setting next_dagrun for etl_synthetic_events to None, run_after=None
[2025-12-16T17:06:31.973+0000] {processor.py:208} INFO - Processing /opt/airflow/dags/etl_airflow_dag.py took 1.064 seconds
[2025-12-16T17:07:02.573+0000] {processor.py:186} INFO - Started process (PID=1936) to work on /opt/airflow/dags/etl_airflow_dag.py
[2025-12-16T17:07:02.577+0000] {processor.py:914} INFO - Processing file /opt/airflow/dags/etl_airflow_dag.py for tasks to queue
[2025-12-16T17:07:02.589+0000] {logging_mixin.py:190} INFO - [2025-12-16T17:07:02.587+0000] {dagbag.py:588} INFO - Filling up the DagBag from /opt/airflow/dags/etl_airflow_dag.py
[2025-12-16T17:07:03.418+0000] {processor.py:925} INFO - DAG(s) 'etl_synthetic_events' retrieved from /opt/airflow/dags/etl_airflow_dag.py
[2025-12-16T17:07:03.475+0000] {logging_mixin.py:190} INFO - [2025-12-16T17:07:03.474+0000] {dag.py:3239} INFO - Sync 1 DAGs
[2025-12-16T17:07:03.506+0000] {logging_mixin.py:190} INFO - [2025-12-16T17:07:03.506+0000] {dag.py:4180} INFO - Setting next_dagrun for etl_synthetic_events to None, run_after=None
[2025-12-16T17:07:03.550+0000] {processor.py:208} INFO - Processing /opt/airflow/dags/etl_airflow_dag.py took 1.001 seconds
